[INFO] Logging TraceLog output to fps_ray.log
[INFO] Initializing raylib 5.6-dev
[INFO] Platform backend: DESKTOP (GLFW)
[INFO] Supported raylib modules:
[INFO]     > rcore:..... loaded (mandatory)
[INFO]     > rlgl:...... loaded (mandatory)
[INFO]     > rshapes:... loaded (optional)
[INFO]     > rtextures:. loaded (optional)
[INFO]     > rtext:..... loaded (optional)
[INFO]     > rmodels:... loaded (optional)
[INFO]     > raudio:.... loaded (optional)
[INFO] DISPLAY: Device initialized successfully
[INFO]     > Display size: 1920 x 1080
[INFO]     > Screen size:  1600 x 900
[INFO]     > Render size:  1600 x 900
[INFO]     > Viewport offsets: 0, 0
[INFO] GLAD: OpenGL extensions loaded successfully
[INFO] GL: Supported extensions count: 176
[INFO] GL: OpenGL device information:
[INFO]     > Vendor:   Microsoft Corporation
[INFO]     > Renderer: D3D12 (Intel(R) UHD Graphics 620)
[INFO]     > Version:  4.1 (Core Profile) Mesa 23.2.1-1ubuntu3.1~22.04.3
[INFO]     > GLSL:     4.10
[INFO] GL: VAO extension detected, VAO functions loaded successfully
[INFO] GL: NPOT textures extension detected, full NPOT textures supported
[INFO] GL: DXT compressed textures supported
[INFO] GL: ETC2/EAC compressed textures supported
[INFO] PLATFORM: DESKTOP (GLFW - X11): Initialized successfully
[INFO] TEXTURE: [ID 1] Texture loaded successfully (1x1 | R8G8B8A8 | 1 mipmaps)
[INFO] TEXTURE: [ID 1] Default texture loaded successfully
[INFO] SHADER: [ID 1] Vertex shader compiled successfully
[INFO] SHADER: [ID 2] Fragment shader compiled successfully
[INFO] SHADER: [ID 3] Program shader loaded successfully
[INFO] SHADER: [ID 3] Default shader loaded successfully
[INFO] RLGL: Render batch vertex buffers loaded successfully in RAM (CPU)
[INFO] RLGL: Render batch vertex buffers loaded successfully in VRAM (GPU)
[INFO] RLGL: Default OpenGL state initialized successfully
[INFO] TEXTURE: [ID 2] Texture loaded successfully (128x128 | GRAY_ALPHA | 1 mipmaps)
[INFO] FONT: Default font loaded successfully (224 glyphs)
[INFO] SYSTEM: Working Directory: /mnt/c/Users/micha/Documents/fps_game/fps-game/.github
[INFO] TIMER: Target time per frame: 16.667 milliseconds
[INFO] TEXTURE: [ID 3] Texture loaded successfully (800x900 | R8G8B8A8 | 1 mipmaps)
[INFO] TEXTURE: [ID 1] Depth renderbuffer loaded successfully (32 bits)
[INFO] FBO: [ID 1] Framebuffer object created successfully
[INFO] TEXTURE: [ID 4] Texture loaded successfully (800x900 | R8G8B8A8 | 1 mipmaps)
[INFO] TEXTURE: [ID 2] Depth renderbuffer loaded successfully (32 bits)
[INFO] FBO: [ID 2] Framebuffer object created successfully
[INFO] VAO: [ID 2] Mesh uploaded successfully to VRAM (GPU)
[INFO] [RemoveVoxel] idx=7777 voxel_count_before=8028 moved_from=8027 voxel_count_after=8027
[INFO] [Multiscale] Emit span=1 grid=(0..0,4..4,-4..-4) pos=(0.25,2.25,-1.75)
[INFO] [Multiscale] Converted 1 unit voxels into 1 span clusters
[INFO] [Activation] static->dynamic units=1 spawned=1 base=8027 after=8028
[INFO] [Deactivate] voxel=8027 span=1 sleep=1/8 waiting
[INFO] VAO: [ID 2] Unloaded vertex array data from VRAM (GPU)
[INFO] VAO: [ID 3] Mesh uploaded successfully to VRAM (GPU)
[INFO] [RemoveVoxel] idx=7898 voxel_count_before=8029 moved_from=8028 voxel_count_after=8028
[INFO] [RemoveVoxel] idx=7789 voxel_count_before=8028 moved_from=8027 voxel_count_after=8027
[INFO] [RemoveVoxel] idx=7788 voxel_count_before=8027 moved_from=8026 voxel_count_after=8026
[INFO] [RemoveVoxel] idx=7787 voxel_count_before=8026 moved_from=8025 voxel_count_after=8025
[INFO] [RemoveVoxel] idx=7778 voxel_count_before=8025 moved_from=8024 voxel_count_after=8024
[INFO] [RemoveVoxel] idx=7776 voxel_count_before=8024 moved_from=8023 voxel_count_after=8023
[INFO] [RemoveVoxel] idx=7767 voxel_count_before=8023 moved_from=8022 voxel_count_after=8022
[INFO] [RemoveVoxel] idx=7766 voxel_count_before=8022 moved_from=8021 voxel_count_after=8021
[INFO] [RemoveVoxel] idx=7765 voxel_count_before=8021 moved_from=8020 voxel_count_after=8020
[INFO] [Multiscale] Emit span=1 grid=(-1..-1,4..4,-5..-5) pos=(-0.25,2.25,-2.25)
[INFO] [Multiscale] Emit span=1 grid=(0..0,4..4,-5..-5) pos=(0.25,2.25,-2.25)
[INFO] [Multiscale] Emit span=1 grid=(1..1,4..4,-5..-5) pos=(0.75,2.25,-2.25)
[INFO] [Multiscale] Emit span=1 grid=(-1..-1,4..4,-4..-4) pos=(-0.25,2.25,-1.75)
[INFO] [Multiscale] Emit span=1 grid=(1..1,4..4,-4..-4) pos=(0.75,2.25,-1.75)
[INFO] [Multiscale] Emit span=1 grid=(0..0,5..5,-4..-4) pos=(0.25,2.75,-1.75)
[INFO] [Multiscale] Emit span=1 grid=(-1..-1,4..4,-3..-3) pos=(-0.25,2.25,-1.25)
[INFO] [Multiscale] Emit span=1 grid=(0..0,4..4,-3..-3) pos=(0.25,2.25,-1.25)
[INFO] [Multiscale] Emit span=1 grid=(1..1,4..4,-3..-3) pos=(0.75,2.25,-1.25)
[INFO] [Multiscale] Converted 9 unit voxels into 9 span clusters
[INFO] [Activation] static->dynamic units=9 spawned=9 base=8020 after=8029
[INFO] [RemoveVoxel] idx=8028 voxel_count_before=8029 moved_from=-1 voxel_count_after=8028
[INFO] [RemoveVoxel] idx=8027 voxel_count_before=8028 moved_from=-1 voxel_count_after=8027
[INFO] [RemoveVoxel] idx=8026 voxel_count_before=8027 moved_from=-1 voxel_count_after=8026
[INFO] [RemoveVoxel] idx=8024 voxel_count_before=8026 moved_from=8025 voxel_count_after=8025
[INFO] [RemoveVoxel] idx=8023 voxel_count_before=8025 moved_from=8024 voxel_count_after=8024
[INFO] [RemoveVoxel] idx=8022 voxel_count_before=8024 moved_from=8023 voxel_count_after=8023
[INFO] [RemoveVoxel] idx=8021 voxel_count_before=8023 moved_from=8022 voxel_count_after=8022
[INFO] [RemoveVoxel] idx=8020 voxel_count_before=8022 moved_from=8021 voxel_count_after=8021
[INFO] [Multiscale] Emit span=1 grid=(-1..-1,4..4,-5..-5) pos=(-0.25,2.25,-2.25)
[INFO] [Multiscale] Emit span=1 grid=(0..0,4..4,-5..-5) pos=(0.25,2.25,-2.25)
[INFO] [Multiscale] Emit span=1 grid=(1..1,4..4,-5..-5) pos=(0.75,2.25,-2.25)
[INFO] [Multiscale] Emit span=1 grid=(-1..-1,4..4,-4..-4) pos=(-0.25,2.25,-1.75)
[INFO] [Multiscale] Emit span=1 grid=(1..1,4..4,-4..-4) pos=(0.75,2.25,-1.75)
[INFO] [Multiscale] Emit span=1 grid=(-1..-1,4..4,-3..-3) pos=(-0.25,2.25,-1.25)
[INFO] [Multiscale] Emit span=1 grid=(0..0,4..4,-3..-3) pos=(0.25,2.25,-1.25)
[INFO] [Multiscale] Emit span=1 grid=(1..1,4..4,-3..-3) pos=(0.75,2.25,-1.25)
[INFO] [Multiscale] Converted 8 unit voxels into 8 span clusters
[INFO] [Deactivate] voxel=7789 span=1 sleep=2/8 waiting
[INFO] [Deactivate] voxel=8020 span=1 sleep=1/8 waiting
[INFO] [Deactivate] voxel=8021 span=1 sleep=1/8 waiting
[INFO] [Deactivate] voxel=8022 span=1 sleep=1/8 waiting
[INFO] [Deactivate] voxel=8023 span=1 sleep=1/8 waiting
[INFO] [Deactivate] voxel=8024 span=1 sleep=1/8 waiting
[INFO] [Deactivate] voxel=8025 span=1 sleep=1/8 waiting
[INFO] [Deactivate] voxel=8026 span=1 sleep=1/8 waiting
[INFO] [Deactivate] voxel=8027 span=1 sleep=1/8 waiting
[INFO] [Deactivate] voxel=8028 span=1 sleep=1/8 waiting
[INFO] VAO: [ID 3] Unloaded vertex array data from VRAM (GPU)
[INFO] VAO: [ID 4] Mesh uploaded successfully to VRAM (GPU)
[INFO] [RemoveVoxel] idx=7922 voxel_count_before=8029 moved_from=8028 voxel_count_after=8028
[INFO] [RemoveVoxel] idx=7921 voxel_count_before=8028 moved_from=8027 voxel_count_after=8027
[INFO] [RemoveVoxel] idx=7920 voxel_count_before=8027 moved_from=8026 voxel_count_after=8026
[INFO] [RemoveVoxel] idx=7919 voxel_count_before=8026 moved_from=8025 voxel_count_after=8025
[INFO] [RemoveVoxel] idx=7911 voxel_count_before=8025 moved_from=8024 voxel_count_after=8024
[INFO] [RemoveVoxel] idx=7910 voxel_count_before=8024 moved_from=8023 voxel_count_after=8023
[INFO] [RemoveVoxel] idx=7909 voxel_count_before=8023 moved_from=8022 voxel_count_after=8022
[INFO] [RemoveVoxel] idx=7908 voxel_count_before=8022 moved_from=8021 voxel_count_after=8021
[INFO] [RemoveVoxel] idx=7900 voxel_count_before=8021 moved_from=8020 voxel_count_after=8020
[INFO] [RemoveVoxel] idx=7899 voxel_count_before=8020 moved_from=8019 voxel_count_after=8019
[INFO] [RemoveVoxel] idx=7897 voxel_count_before=8019 moved_from=8018 voxel_count_after=8018
[INFO] [RemoveVoxel] idx=7889 voxel_count_before=8018 moved_from=8017 voxel_count_after=8017
[INFO] [RemoveVoxel] idx=7888 voxel_count_before=8017 moved_from=8016 voxel_count_after=8016
[INFO] [RemoveVoxel] idx=7887 voxel_count_before=8016 moved_from=8015 voxel_count_after=8015
[INFO] [RemoveVoxel] idx=7886 voxel_count_before=8015 moved_from=8014 voxel_count_after=8014
[INFO] [RemoveVoxel] idx=7878 voxel_count_before=8014 moved_from=8013 voxel_count_after=8013
[INFO] [RemoveVoxel] idx=7877 voxel_count_before=8013 moved_from=8012 voxel_count_after=8012
[INFO] [RemoveVoxel] idx=7876 voxel_count_before=8012 moved_from=8011 voxel_count_after=8011
[INFO] [RemoveVoxel] idx=7875 voxel_count_before=8011 moved_from=8010 voxel_count_after=8010
[INFO] [RemoveVoxel] idx=7811 voxel_count_before=8010 moved_from=8009 voxel_count_after=8009
[INFO] [RemoveVoxel] idx=7810 voxel_count_before=8009 moved_from=8008 voxel_count_after=8008
[INFO] [RemoveVoxel] idx=7801 voxel_count_before=8008 moved_from=8007 voxel_count_after=8007
[INFO] [RemoveVoxel] idx=7800 voxel_count_before=8007 moved_from=8006 voxel_count_after=8006
[INFO] [RemoveVoxel] idx=7799 voxel_count_before=8006 moved_from=8005 voxel_count_after=8005
[INFO] [RemoveVoxel] idx=7798 voxel_count_before=8005 moved_from=8004 voxel_count_after=8004
[INFO] [RemoveVoxel] idx=7791 voxel_count_before=8004 moved_from=8003 voxel_count_after=8003
[INFO] [RemoveVoxel] idx=7790 voxel_count_before=8003 moved_from=8002 voxel_count_after=8002
[INFO] [RemoveVoxel] idx=7780 voxel_count_before=8002 moved_from=8001 voxel_count_after=8001
[INFO] [RemoveVoxel] idx=7779 voxel_count_before=8001 moved_from=8000 voxel_count_after=8000
[INFO] [RemoveVoxel] idx=7769 voxel_count_before=8000 moved_from=7999 voxel_count_after=7999
[INFO] [RemoveVoxel] idx=7768 voxel_count_before=7999 moved_from=7998 voxel_count_after=7998
[INFO] [RemoveVoxel] idx=7757 voxel_count_before=7998 moved_from=7997 voxel_count_after=7997
[INFO] [RemoveVoxel] idx=7756 voxel_count_before=7997 moved_from=7996 voxel_count_after=7996
[INFO] [RemoveVoxel] idx=7755 voxel_count_before=7996 moved_from=7995 voxel_count_after=7995
[INFO] [RemoveVoxel] idx=7754 voxel_count_before=7995 moved_from=7994 voxel_count_after=7994
[INFO] [RemoveVoxel] idx=7745 voxel_count_before=7994 moved_from=7993 voxel_count_after=7993
[INFO] [RemoveVoxel] idx=7744 voxel_count_before=7993 moved_from=7992 voxel_count_after=7992
[INFO] [Multiscale] Emit span=1 grid=(-2..-2,4..4,-5..-5) pos=(-0.75,2.25,-2.25)
[INFO] [Multiscale] Emit span=1 grid=(2..2,4..4,-5..-5) pos=(1.25,2.25,-2.25)
[INFO] [Multiscale] Emit span=1 grid=(-2..-2,5..5,-5..-5) pos=(-0.75,2.75,-2.25)
[INFO] [Multiscale] Emit span=1 grid=(-1..-1,5..5,-5..-5) pos=(-0.25,2.75,-2.25)
[INFO] [Multiscale] Emit span=1 grid=(0..0,5..5,-5..-5) pos=(0.25,2.75,-2.25)
[INFO] [Multiscale] Emit span=1 grid=(1..1,5..5,-5..-5) pos=(0.75,2.75,-2.25)
[INFO] [Multiscale] Emit span=1 grid=(2..2,5..5,-5..-5) pos=(1.25,2.75,-2.25)
[INFO] [Multiscale] Emit span=1 grid=(-3..-3,4..4,-4..-4) pos=(-1.25,2.25,-1.75)
[INFO] [Multiscale] Emit span=1 grid=(-2..-2,4..4,-4..-4) pos=(-0.75,2.25,-1.75)
[INFO] [Multiscale] Emit span=1 grid=(2..2,4..4,-4..-4) pos=(1.25,2.25,-1.75)
[INFO] [Multiscale] Emit span=1 grid=(3..3,4..4,-4..-4) pos=(1.75,2.25,-1.75)
[INFO] [Multiscale] Emit span=1 grid=(-2..-2,5..5,-4..-4) pos=(-0.75,2.75,-1.75)
[INFO] [Multiscale] Emit span=1 grid=(-1..-1,5..5,-4..-4) pos=(-0.25,2.75,-1.75)
[INFO] [Multiscale] Emit span=1 grid=(1..1,5..5,-4..-4) pos=(0.75,2.75,-1.75)
[INFO] [Multiscale] Emit span=1 grid=(2..2,5..5,-4..-4) pos=(1.25,2.75,-1.75)
[INFO] [Multiscale] Emit span=1 grid=(-3..-3,4..4,-3..-3) pos=(-1.25,2.25,-1.25)
[INFO] [Multiscale] Emit span=1 grid=(-2..-2,4..4,-3..-3) pos=(-0.75,2.25,-1.25)
[INFO] [Multiscale] Emit span=1 grid=(2..2,4..4,-3..-3) pos=(1.25,2.25,-1.25)
[INFO] [Multiscale] Emit span=1 grid=(3..3,4..4,-3..-3) pos=(1.75,2.25,-1.25)
[INFO] [Multiscale] Emit span=1 grid=(-2..-2,5..5,-3..-3) pos=(-0.75,2.75,-1.25)
[INFO] [Multiscale] Emit span=1 grid=(-1..-1,5..5,-3..-3) pos=(-0.25,2.75,-1.25)
[INFO] [Multiscale] Emit span=1 grid=(0..0,5..5,-3..-3) pos=(0.25,2.75,-1.25)
[INFO] [Multiscale] Emit span=1 grid=(1..1,5..5,-3..-3) pos=(0.75,2.75,-1.25)
[INFO] [Multiscale] Emit span=1 grid=(2..2,5..5,-3..-3) pos=(1.25,2.75,-1.25)
[INFO] [Multiscale] Emit span=1 grid=(-2..-2,4..4,-2..-2) pos=(-0.75,2.25,-0.75)
[INFO] [Multiscale] Emit span=1 grid=(-1..-1,4..4,-2..-2) pos=(-0.25,2.25,-0.75)
[INFO] [Multiscale] Emit span=1 grid=(0..0,4..4,-2..-2) pos=(0.25,2.25,-0.75)
[INFO] [Multiscale] Emit span=1 grid=(1..1,4..4,-2..-2) pos=(0.75,2.25,-0.75)
[INFO] [Multiscale] Emit span=1 grid=(2..2,4..4,-2..-2) pos=(1.25,2.25,-0.75)
[INFO] [Multiscale] Emit span=1 grid=(-2..-2,5..5,-2..-2) pos=(-0.75,2.75,-0.75)
[INFO] [Multiscale] Emit span=1 grid=(-1..-1,5..5,-2..-2) pos=(-0.25,2.75,-0.75)
[INFO] [Multiscale] Emit span=1 grid=(0..0,5..5,-2..-2) pos=(0.25,2.75,-0.75)
[INFO] [Multiscale] Emit span=1 grid=(1..1,5..5,-2..-2) pos=(0.75,2.75,-0.75)
[INFO] [Multiscale] Emit span=1 grid=(2..2,5..5,-2..-2) pos=(1.25,2.75,-0.75)
[INFO] [Multiscale] Emit span=1 grid=(-1..-1,4..4,-1..-1) pos=(-0.25,2.25,-0.25)
[INFO] [Multiscale] Emit span=1 grid=(0..0,4..4,-1..-1) pos=(0.25,2.25,-0.25)
[INFO] [Multiscale] Emit span=1 grid=(1..1,4..4,-1..-1) pos=(0.75,2.25,-0.25)
[INFO] [Multiscale] Converted 37 unit voxels into 37 span clusters
[INFO] [Activation] static->dynamic units=37 spawned=37 base=7992 after=8029
[INFO] [Deactivate] voxel=7789 span=1 sleep=3/8 waiting
[INFO] [Deactivate] voxel=7900 span=1 sleep=2/8 waiting
[INFO] [Deactivate] voxel=7908 span=1 sleep=2/8 waiting
[INFO] [Deactivate] voxel=7909 span=1 sleep=2/8 waiting
[INFO] [Deactivate] voxel=7910 span=1 sleep=2/8 waiting
[INFO] [Deactivate] voxel=7911 span=1 sleep=2/8 waiting
[INFO] [Deactivate] voxel=7919 span=1 sleep=2/8 waiting
[INFO] [Deactivate] voxel=7920 span=1 sleep=2/8 waiting
[INFO] [Deactivate] voxel=7921 span=1 sleep=2/8 waiting
[INFO] [Deactivate] voxel=7922 span=1 sleep=2/8 waiting
[INFO] [Deactivate] voxel=7992 span=1 sleep=1/8 waiting
[INFO] [Deactivate] voxel=7993 span=1 sleep=1/8 waiting
[INFO] [Deactivate] voxel=7994 span=1 sleep=1/8 waiting
[INFO] [Deactivate] voxel=7995 span=1 sleep=1/8 waiting
[INFO] [Deactivate] voxel=7996 span=1 sleep=1/8 waiting
[INFO] [Deactivate] voxel=7997 span=1 sleep=1/8 waiting
[INFO] [Deactivate] voxel=7998 span=1 sleep=1/8 waiting
[INFO] [Deactivate] voxel=7999 span=1 sleep=1/8 waiting
[INFO] [Deactivate] voxel=8000 span=1 sleep=1/8 waiting
[INFO] [Deactivate] voxel=8001 span=1 sleep=1/8 waiting
[INFO] [Deactivate] voxel=8002 span=1 sleep=1/8 waiting
[INFO] [Deactivate] voxel=8003 span=1 sleep=1/8 waiting
[INFO] [Deactivate] voxel=8004 span=1 sleep=1/8 waiting
[INFO] [Deactivate] voxel=8005 span=1 sleep=1/8 waiting
[INFO] [Deactivate] voxel=8006 span=1 sleep=1/8 waiting
[INFO] [Deactivate] voxel=8007 span=1 sleep=1/8 waiting
[INFO] [Deactivate] voxel=8008 span=1 sleep=1/8 waiting
[INFO] [Deactivate] voxel=8009 span=1 sleep=1/8 waiting
[INFO] [Deactivate] voxel=8010 span=1 sleep=1/8 waiting
[INFO] [Deactivate] voxel=8011 span=1 sleep=1/8 waiting
[INFO] [Deactivate] voxel=8012 span=1 sleep=1/8 waiting
[INFO] [Deactivate] voxel=8013 span=1 sleep=1/8 waiting
[INFO] [Deactivate] voxel=8014 span=1 sleep=1/8 waiting
[INFO] [Deactivate] voxel=8015 span=1 sleep=1/8 waiting
[INFO] [Deactivate] voxel=8016 span=1 sleep=1/8 waiting
[INFO] [Deactivate] voxel=8017 span=1 sleep=1/8 waiting
[INFO] [Deactivate] voxel=8018 span=1 sleep=1/8 waiting
[INFO] [Deactivate] voxel=8019 span=1 sleep=1/8 waiting
[INFO] [Deactivate] voxel=8020 span=1 sleep=1/8 waiting
[INFO] [Deactivate] voxel=8021 span=1 sleep=1/8 waiting
[INFO] [Deactivate] voxel=8022 span=1 sleep=1/8 waiting
[INFO] [Deactivate] voxel=8023 span=1 sleep=1/8 waiting
[INFO] [Deactivate] voxel=8024 span=1 sleep=1/8 waiting
[INFO] [Deactivate] voxel=8025 span=1 sleep=1/8 waiting
[INFO] [Deactivate] voxel=8026 span=1 sleep=1/8 waiting
[INFO] [Deactivate] voxel=8027 span=1 sleep=1/8 waiting
[INFO] [Deactivate] voxel=8028 span=1 sleep=1/8 waiting
[INFO] VAO: [ID 4] Unloaded vertex array data from VRAM (GPU)
[INFO] VAO: [ID 5] Mesh uploaded successfully to VRAM (GPU)
[INFO] [RemoveVoxel] idx=7901 voxel_count_before=8030 moved_from=8029 voxel_count_after=8029
[INFO] [RemoveVoxel] idx=7792 voxel_count_before=8029 moved_from=8028 voxel_count_after=8028
[INFO] [RemoveVoxel] idx=7781 voxel_count_before=8028 moved_from=8027 voxel_count_after=8027
[INFO] [RemoveVoxel] idx=7770 voxel_count_before=8027 moved_from=8026 voxel_count_after=8026
[INFO] [RemoveVoxel] idx=7746 voxel_count_before=8026 moved_from=8025 voxel_count_after=8025
[INFO] [Multiscale] Emit span=1 grid=(-3..-3,4..4,-2..-2) pos=(-1.25,2.25,-0.75)
[INFO] [Multiscale] Emit span=1 grid=(0..0,5..5,-1..-1) pos=(0.25,2.75,-0.25)
[INFO] [Multiscale] Emit span=1 grid=(-1..-1,4..4,0..0) pos=(-0.25,2.25,0.25)
[INFO] [Multiscale] Emit span=1 grid=(0..0,4..4,0..0) pos=(0.25,2.25,0.25)
[INFO] [Multiscale] Emit span=1 grid=(1..1,4..4,0..0) pos=(0.75,2.25,0.25)
[INFO] [Multiscale] Converted 5 unit voxels into 5 span clusters
[INFO] [Activation] static->dynamic units=5 spawned=5 base=8025 after=8030
[INFO] [RemoveVoxel] idx=8029 voxel_count_before=8030 moved_from=-1 voxel_count_after=8029
[INFO] [RemoveVoxel] idx=8028 voxel_count_before=8029 moved_from=-1 voxel_count_after=8028
[INFO] [RemoveVoxel] idx=8027 voxel_count_before=8028 moved_from=-1 voxel_count_after=8027
[INFO] [RemoveVoxel] idx=8026 voxel_count_before=8027 moved_from=-1 voxel_count_after=8026
[INFO] [RemoveVoxel] idx=8025 voxel_count_before=8026 moved_from=-1 voxel_count_after=8025
[INFO] [RemoveVoxel] idx=8024 voxel_count_before=8025 moved_from=-1 voxel_count_after=8024
[INFO] [RemoveVoxel] idx=8023 voxel_count_before=8024 moved_from=-1 voxel_count_after=8023
[INFO] [RemoveVoxel] idx=8022 voxel_count_before=8023 moved_from=-1 voxel_count_after=8022
[INFO] [RemoveVoxel] idx=8021 voxel_count_before=8022 moved_from=-1 voxel_count_after=8021
[INFO] [RemoveVoxel] idx=8020 voxel_count_before=8021 moved_from=-1 voxel_count_after=8020
[INFO] [RemoveVoxel] idx=8019 voxel_count_before=8020 moved_from=-1 voxel_count_after=8019
[INFO] [RemoveVoxel] idx=8018 voxel_count_before=8019 moved_from=-1 voxel_count_after=8018
[INFO] [RemoveVoxel] idx=8017 voxel_count_before=8018 moved_from=-1 voxel_count_after=8017
[INFO] [RemoveVoxel] idx=8016 voxel_count_before=8017 moved_from=-1 voxel_count_after=8016
[INFO] [RemoveVoxel] idx=8015 voxel_count_before=8016 moved_from=-1 voxel_count_after=8015
[INFO] [RemoveVoxel] idx=8014 voxel_count_before=8015 moved_from=-1 voxel_count_after=8014
[INFO] [RemoveVoxel] idx=8013 voxel_count_before=8014 moved_from=-1 voxel_count_after=8013
[INFO] [RemoveVoxel] idx=8012 voxel_count_before=8013 moved_from=-1 voxel_count_after=8012
[INFO] [RemoveVoxel] idx=8011 voxel_count_before=8012 moved_from=-1 voxel_count_after=8011
[INFO] [RemoveVoxel] idx=8010 voxel_count_before=8011 moved_from=-1 voxel_count_after=8010
[INFO] [RemoveVoxel] idx=8009 voxel_count_before=8010 moved_from=-1 voxel_count_after=8009
[INFO] [RemoveVoxel] idx=8008 voxel_count_before=8009 moved_from=-1 voxel_count_after=8008
[INFO] [RemoveVoxel] idx=8007 voxel_count_before=8008 moved_from=-1 voxel_count_after=8007
[INFO] [RemoveVoxel] idx=8006 voxel_count_before=8007 moved_from=-1 voxel_count_after=8006
[INFO] [RemoveVoxel] idx=8005 voxel_count_before=8006 moved_from=-1 voxel_count_after=8005
[INFO] [RemoveVoxel] idx=8004 voxel_count_before=8005 moved_from=-1 voxel_count_after=8004
[INFO] [RemoveVoxel] idx=8003 voxel_count_before=8004 moved_from=-1 voxel_count_after=8003
[INFO] [RemoveVoxel] idx=8002 voxel_count_before=8003 moved_from=-1 voxel_count_after=8002
[INFO] [RemoveVoxel] idx=8001 voxel_count_before=8002 moved_from=-1 voxel_count_after=8001
[INFO] [RemoveVoxel] idx=8000 voxel_count_before=8001 moved_from=-1 voxel_count_after=8000
[INFO] [RemoveVoxel] idx=7999 voxel_count_before=8000 moved_from=-1 voxel_count_after=7999
[INFO] [RemoveVoxel] idx=7998 voxel_count_before=7999 moved_from=-1 voxel_count_after=7998
[INFO] [RemoveVoxel] idx=7997 voxel_count_before=7998 moved_from=-1 voxel_count_after=7997
[INFO] [RemoveVoxel] idx=7996 voxel_count_before=7997 moved_from=-1 voxel_count_after=7996
[INFO] [RemoveVoxel] idx=7995 voxel_count_before=7996 moved_from=-1 voxel_count_after=7995
[INFO] [RemoveVoxel] idx=7994 voxel_count_before=7995 moved_from=-1 voxel_count_after=7994
[INFO] [RemoveVoxel] idx=7993 voxel_count_before=7994 moved_from=-1 voxel_count_after=7993
[INFO] [RemoveVoxel] idx=7992 voxel_count_before=7993 moved_from=-1 voxel_count_after=7992
[INFO] [RemoveVoxel] idx=7922 voxel_count_before=7992 moved_from=7991 voxel_count_after=7991
[INFO] [RemoveVoxel] idx=7921 voxel_count_before=7991 moved_from=7990 voxel_count_after=7990
[INFO] [RemoveVoxel] idx=7920 voxel_count_before=7990 moved_from=7989 voxel_count_after=7989
[INFO] [RemoveVoxel] idx=7919 voxel_count_before=7989 moved_from=7988 voxel_count_after=7988
[INFO] [RemoveVoxel] idx=7911 voxel_count_before=7988 moved_from=7987 voxel_count_after=7987
[INFO] [RemoveVoxel] idx=7910 voxel_count_before=7987 moved_from=7986 voxel_count_after=7986
[INFO] [RemoveVoxel] idx=7909 voxel_count_before=7986 moved_from=7985 voxel_count_after=7985
[INFO] [RemoveVoxel] idx=7908 voxel_count_before=7985 moved_from=7984 voxel_count_after=7984
[INFO] [RemoveVoxel] idx=7900 voxel_count_before=7984 moved_from=7983 voxel_count_after=7983
[INFO] [RemoveVoxel] idx=7792 voxel_count_before=7983 moved_from=7982 voxel_count_after=7982
[INFO] [RemoveVoxel] idx=7781 voxel_count_before=7982 moved_from=7981 voxel_count_after=7981
[INFO] [RemoveVoxel] idx=7770 voxel_count_before=7981 moved_from=7980 voxel_count_after=7980
[INFO] [RemoveVoxel] idx=7746 voxel_count_before=7980 moved_from=7979 voxel_count_after=7979
[INFO] [Multiscale] Emit span=2 grid=(-2..-1,4..5,-5..-4) pos=(-0.50,2.50,-2.00)
[INFO] [Multiscale] Emit span=1 grid=(0..0,4..4,-5..-5) pos=(0.25,2.25,-2.25)
[INFO] [Multiscale] Emit span=2 grid=(1..2,4..5,-5..-4) pos=(1.00,2.50,-2.00)
[INFO] [Multiscale] Emit span=1 grid=(0..0,5..5,-5..-5) pos=(0.25,2.75,-2.25)
[INFO] [Multiscale] Emit span=1 grid=(-3..-3,4..4,-4..-4) pos=(-1.25,2.25,-1.75)
[INFO] [Multiscale] Emit span=1 grid=(3..3,4..4,-4..-4) pos=(1.75,2.25,-1.75)
[INFO] [Multiscale] Emit span=1 grid=(0..0,5..5,-4..-4) pos=(0.25,2.75,-1.75)
[INFO] [Multiscale] Emit span=1 grid=(-3..-3,4..4,-3..-3) pos=(-1.25,2.25,-1.25)
[INFO] [Multiscale] Emit span=2 grid=(-2..-1,4..5,-3..-2) pos=(-0.50,2.50,-1.00)
[INFO] [Multiscale] Emit span=2 grid=(0..1,4..5,-3..-2) pos=(0.50,2.50,-1.00)
[INFO] [Multiscale] Emit span=1 grid=(2..2,4..4,-3..-3) pos=(1.25,2.25,-1.25)
[INFO] [Multiscale] Emit span=1 grid=(3..3,4..4,-3..-3) pos=(1.75,2.25,-1.25)
[INFO] [Multiscale] Emit span=1 grid=(2..2,5..5,-3..-3) pos=(1.25,2.75,-1.25)
[INFO] [Multiscale] Emit span=1 grid=(-3..-3,4..4,-2..-2) pos=(-1.25,2.25,-0.75)
[INFO] [Multiscale] Emit span=1 grid=(2..2,4..4,-2..-2) pos=(1.25,2.25,-0.75)
[INFO] [Multiscale] Emit span=1 grid=(2..2,5..5,-2..-2) pos=(1.25,2.75,-0.75)
[INFO] [Multiscale] Emit span=1 grid=(-1..-1,4..4,-1..-1) pos=(-0.25,2.25,-0.25)
[INFO] [Multiscale] Emit span=1 grid=(0..0,4..4,-1..-1) pos=(0.25,2.25,-0.25)
[INFO] [Multiscale] Emit span=1 grid=(1..1,4..4,-1..-1) pos=(0.75,2.25,-0.25)
[INFO] [Multiscale] Emit span=1 grid=(0..0,5..5,-1..-1) pos=(0.25,2.75,-0.25)
[INFO] [Multiscale] Emit span=1 grid=(-1..-1,4..4,0..0) pos=(-0.25,2.25,0.25)
[INFO] [Multiscale] Emit span=1 grid=(0..0,4..4,0..0) pos=(0.25,2.25,0.25)
[INFO] [Multiscale] Emit span=1 grid=(1..1,4..4,0..0) pos=(0.75,2.25,0.25)
[INFO] [Multiscale] Converted 51 unit voxels into 23 span clusters
[INFO] [Deactivate] voxel=7789 span=1 sleep=4/8 waiting
[INFO] [Deactivate] voxel=7979 span=2 sleep=1/8 waiting
[INFO] [Deactivate] voxel=7980 span=1 sleep=1/8 waiting
[INFO] [Deactivate] voxel=7981 span=2 sleep=1/8 waiting
[INFO] [Deactivate] voxel=7982 span=1 sleep=1/8 waiting
[INFO] [Deactivate] voxel=7983 span=1 sleep=1/8 waiting
[INFO] [Deactivate] voxel=7984 span=1 sleep=1/8 waiting
[INFO] [Deactivate] voxel=7985 span=1 sleep=1/8 waiting
[INFO] [Deactivate] voxel=7986 span=1 sleep=1/8 waiting
[INFO] [Deactivate] voxel=7987 span=1 sleep=1/8 waiting
[INFO] [Deactivate] voxel=7988 span=2 sleep=1/8 waiting
[INFO] [Deactivate] voxel=7989 span=1 sleep=1/8 waiting
[INFO] [Deactivate] voxel=7990 span=1 sleep=1/8 waiting
[INFO] [Deactivate] voxel=7991 span=1 sleep=1/8 waiting
[INFO] [Deactivate] voxel=7992 span=1 sleep=1/8 waiting
[INFO] [Deactivate] voxel=7993 span=1 sleep=1/8 waiting
[INFO] [Deactivate] voxel=7994 span=1 sleep=1/8 waiting
[INFO] [Deactivate] voxel=7995 span=1 sleep=1/8 waiting
[INFO] [Deactivate] voxel=7996 span=1 sleep=1/8 waiting
[INFO] [Deactivate] voxel=7997 span=1 sleep=1/8 waiting
[INFO] [Deactivate] voxel=7998 span=1 sleep=1/8 waiting
[INFO] [Deactivate] voxel=7999 span=1 sleep=1/8 waiting
[INFO] [Deactivate] voxel=8000 span=1 sleep=1/8 waiting
[INFO] [Deactivate] voxel=8001 span=1 sleep=1/8 waiting
[INFO] [Deactivate] voxel=8002 span=1 sleep=1/8 waiting
[INFO] [Deactivate] voxel=8003 span=1 sleep=1/8 waiting
[INFO] [Deactivate] voxel=8004 span=1 sleep=1/8 waiting
[INFO] [Deactivate] voxel=8005 span=1 sleep=1/8 waiting
[INFO] [Deactivate] voxel=8006 span=1 sleep=1/8 waiting
[INFO] [Deactivate] voxel=8007 span=1 sleep=1/8 waiting
[INFO] [Deactivate] voxel=8008 span=1 sleep=1/8 waiting
[INFO] VAO: [ID 5] Unloaded vertex array data from VRAM (GPU)
[INFO] VAO: [ID 6] Mesh uploaded successfully to VRAM (GPU)
[INFO] [Deactivate] voxel=7789 span=1 sleep=5/8 waiting
[INFO] [Deactivate] voxel=7979 span=2 sleep=2/8 waiting
[INFO] [Deactivate] voxel=7980 span=1 sleep=2/8 waiting
[INFO] [Deactivate] voxel=7981 span=2 sleep=2/8 waiting
[INFO] [Deactivate] voxel=7982 span=1 sleep=2/8 waiting
[INFO] [Deactivate] voxel=7983 span=1 sleep=2/8 waiting
[INFO] [Deactivate] voxel=7984 span=1 sleep=2/8 waiting
[INFO] [Deactivate] voxel=7985 span=1 sleep=2/8 waiting
[INFO] [Deactivate] voxel=7986 span=1 sleep=2/8 waiting
[INFO] [Deactivate] voxel=7987 span=1 sleep=2/8 waiting
[INFO] [Deactivate] voxel=7988 span=2 sleep=2/8 waiting
[INFO] [Deactivate] voxel=7989 span=1 sleep=2/8 waiting
[INFO] [Deactivate] voxel=7990 span=1 sleep=2/8 waiting
[INFO] [Deactivate] voxel=7991 span=1 sleep=2/8 waiting
[INFO] [Deactivate] voxel=7992 span=1 sleep=2/8 waiting
[INFO] [Deactivate] voxel=7993 span=1 sleep=2/8 waiting
[INFO] [Deactivate] voxel=7994 span=1 sleep=2/8 waiting
[INFO] [Deactivate] voxel=7995 span=1 sleep=2/8 waiting
[INFO] [Deactivate] voxel=7996 span=1 sleep=2/8 waiting
[INFO] [Deactivate] voxel=7997 span=1 sleep=2/8 waiting
[INFO] [Deactivate] voxel=7998 span=1 sleep=2/8 waiting
[INFO] [Deactivate] voxel=7999 span=1 sleep=2/8 waiting
[INFO] [Deactivate] voxel=8000 span=1 sleep=2/8 waiting
[INFO] [Deactivate] voxel=8001 span=1 sleep=2/8 waiting
[INFO] [Deactivate] voxel=8002 span=1 sleep=2/8 waiting
[INFO] [Deactivate] voxel=8003 span=1 sleep=2/8 waiting
[INFO] [Deactivate] voxel=8004 span=1 sleep=2/8 waiting
[INFO] [Deactivate] voxel=8005 span=1 sleep=2/8 waiting
[INFO] [Deactivate] voxel=8006 span=1 sleep=2/8 waiting
[INFO] [Deactivate] voxel=8007 span=1 sleep=2/8 waiting
[INFO] [Deactivate] voxel=8008 span=1 sleep=2/8 waiting
[INFO] [RemoveVoxel] idx=7786 voxel_count_before=8009 moved_from=8008 voxel_count_after=8008
[INFO] [RemoveVoxel] idx=7775 voxel_count_before=8008 moved_from=8007 voxel_count_after=8007
[INFO] [RemoveVoxel] idx=7764 voxel_count_before=8007 moved_from=8006 voxel_count_after=8006
[INFO] [Multiscale] Emit span=1 grid=(-2..-2,4..4,5..5) pos=(-0.75,2.25,2.75)
[INFO] [Multiscale] Emit span=1 grid=(-1..-1,4..4,5..5) pos=(-0.25,2.25,2.75)
[INFO] [Multiscale] Emit span=1 grid=(0..0,4..4,5..5) pos=(0.25,2.25,2.75)
[INFO] [Multiscale] Converted 3 unit voxels into 3 span clusters
[INFO] [Activation] static->dynamic units=3 spawned=3 base=8006 after=8009
[INFO] [RemoveVoxel] idx=8008 voxel_count_before=8009 moved_from=-1 voxel_count_after=8008
[INFO] [RemoveVoxel] idx=8007 voxel_count_before=8008 moved_from=-1 voxel_count_after=8007
[INFO] [RemoveVoxel] idx=8006 voxel_count_before=8007 moved_from=-1 voxel_count_after=8006
[INFO] [Multiscale] Emit span=1 grid=(-2..-2,4..4,5..5) pos=(-0.75,2.25,2.75)
[INFO] [Multiscale] Emit span=1 grid=(-1..-1,4..4,5..5) pos=(-0.25,2.25,2.75)
[INFO] [Multiscale] Emit span=1 grid=(0..0,4..4,5..5) pos=(0.25,2.25,2.75)
[INFO] [Multiscale] Converted 3 unit voxels into 3 span clusters
[INFO] [Deactivate] voxel=7764 span=1 sleep=3/8 waiting
[INFO] [Deactivate] voxel=7775 span=1 sleep=3/8 waiting
[INFO] [Deactivate] voxel=7786 span=1 sleep=3/8 waiting
[INFO] [Deactivate] voxel=7789 span=1 sleep=6/8 waiting
[INFO] [Deactivate] voxel=7979 span=2 sleep=3/8 waiting
[INFO] [Deactivate] voxel=7980 span=1 sleep=3/8 waiting
[INFO] [Deactivate] voxel=7981 span=2 sleep=3/8 waiting
[INFO] [Deactivate] voxel=7982 span=1 sleep=3/8 waiting
[INFO] [Deactivate] voxel=7983 span=1 sleep=3/8 waiting
[INFO] [Deactivate] voxel=7984 span=1 sleep=3/8 waiting
[INFO] [Deactivate] voxel=7985 span=1 sleep=3/8 waiting
[INFO] [Deactivate] voxel=7986 span=1 sleep=3/8 waiting
[INFO] [Deactivate] voxel=7987 span=1 sleep=3/8 waiting
[INFO] [Deactivate] voxel=7988 span=2 sleep=3/8 waiting
[INFO] [Deactivate] voxel=7989 span=1 sleep=3/8 waiting
[INFO] [Deactivate] voxel=7990 span=1 sleep=3/8 waiting
[INFO] [Deactivate] voxel=7991 span=1 sleep=3/8 waiting
[INFO] [Deactivate] voxel=7992 span=1 sleep=3/8 waiting
[INFO] [Deactivate] voxel=7993 span=1 sleep=3/8 waiting
[INFO] [Deactivate] voxel=7994 span=1 sleep=3/8 waiting
[INFO] [Deactivate] voxel=7995 span=1 sleep=3/8 waiting
[INFO] [Deactivate] voxel=7996 span=1 sleep=3/8 waiting
[INFO] [Deactivate] voxel=7997 span=1 sleep=3/8 waiting
[INFO] [Deactivate] voxel=7998 span=1 sleep=3/8 waiting
[INFO] [Deactivate] voxel=7999 span=1 sleep=3/8 waiting
[INFO] [Deactivate] voxel=8000 span=1 sleep=3/8 waiting
[INFO] [Deactivate] voxel=8001 span=1 sleep=3/8 waiting
[INFO] [Deactivate] voxel=8002 span=1 sleep=3/8 waiting
[INFO] [Deactivate] voxel=8003 span=1 sleep=3/8 waiting
[INFO] [Deactivate] voxel=8004 span=1 sleep=3/8 waiting
[INFO] [Deactivate] voxel=8005 span=1 sleep=3/8 waiting
[INFO] [Deactivate] voxel=8006 span=1 sleep=1/8 waiting
[INFO] [Deactivate] voxel=8007 span=1 sleep=1/8 waiting
[INFO] [Deactivate] voxel=8008 span=1 sleep=1/8 waiting
[INFO] VAO: [ID 6] Unloaded vertex array data from VRAM (GPU)
[INFO] VAO: [ID 7] Mesh uploaded successfully to VRAM (GPU)
[INFO] [RemoveVoxel] idx=7978 voxel_count_before=8009 moved_from=8008 voxel_count_after=8008
[INFO] [RemoveVoxel] idx=7977 voxel_count_before=8008 moved_from=8007 voxel_count_after=8007
[INFO] [RemoveVoxel] idx=7976 voxel_count_before=8007 moved_from=8006 voxel_count_after=8006
[INFO] [RemoveVoxel] idx=7974 voxel_count_before=8006 moved_from=8005 voxel_count_after=8005
[INFO] [RemoveVoxel] idx=7973 voxel_count_before=8005 moved_from=8004 voxel_count_after=8004
[INFO] [RemoveVoxel] idx=7944 voxel_count_before=8004 moved_from=8003 voxel_count_after=8003
[INFO] [RemoveVoxel] idx=7943 voxel_count_before=8003 moved_from=8002 voxel_count_after=8002
[INFO] [RemoveVoxel] idx=7942 voxel_count_before=8002 moved_from=8001 voxel_count_after=8001
[INFO] [RemoveVoxel] idx=7941 voxel_count_before=8001 moved_from=8000 voxel_count_after=8000
[INFO] [RemoveVoxel] idx=7934 voxel_count_before=8000 moved_from=7999 voxel_count_after=7999
[INFO] [RemoveVoxel] idx=7933 voxel_count_before=7999 moved_from=7998 voxel_count_after=7998
[INFO] [RemoveVoxel] idx=7932 voxel_count_before=7998 moved_from=7997 voxel_count_after=7997
[INFO] [RemoveVoxel] idx=7931 voxel_count_before=7997 moved_from=7996 voxel_count_after=7996
[INFO] [RemoveVoxel] idx=7930 voxel_count_before=7996 moved_from=7995 voxel_count_after=7995
[INFO] [RemoveVoxel] idx=7924 voxel_count_before=7995 moved_from=7994 voxel_count_after=7994
[INFO] [RemoveVoxel] idx=7923 voxel_count_before=7994 moved_from=7993 voxel_count_after=7993
[INFO] [RemoveVoxel] idx=7912 voxel_count_before=7993 moved_from=7992 voxel_count_after=7992
[INFO] [RemoveVoxel] idx=7890 voxel_count_before=7992 moved_from=7991 voxel_count_after=7991
[INFO] [RemoveVoxel] idx=7880 voxel_count_before=7991 moved_from=7990 voxel_count_after=7990
[INFO] [RemoveVoxel] idx=7879 voxel_count_before=7990 moved_from=7989 voxel_count_after=7989
[INFO] [RemoveVoxel] idx=7875 voxel_count_before=7989 moved_from=7988 voxel_count_after=7988
[INFO] [RemoveVoxel] idx=7868 voxel_count_before=7988 moved_from=7987 voxel_count_after=7987
[INFO] [RemoveVoxel] idx=7867 voxel_count_before=7987 moved_from=7986 voxel_count_after=7986
[INFO] [RemoveVoxel] idx=7866 voxel_count_before=7986 moved_from=7985 voxel_count_after=7985
[INFO] [RemoveVoxel] idx=7856 voxel_count_before=7985 moved_from=7984 voxel_count_after=7984
[INFO] [RemoveVoxel] idx=7855 voxel_count_before=7984 moved_from=7983 voxel_count_after=7983
[INFO] [RemoveVoxel] idx=7854 voxel_count_before=7983 moved_from=7982 voxel_count_after=7982
[INFO] [RemoveVoxel] idx=7853 voxel_count_before=7982 moved_from=7981 voxel_count_after=7981
[INFO] [RemoveVoxel] idx=7833 voxel_count_before=7981 moved_from=7980 voxel_count_after=7980
[INFO] [RemoveVoxel] idx=7823 voxel_count_before=7980 moved_from=7979 voxel_count_after=7979
[INFO] [RemoveVoxel] idx=7822 voxel_count_before=7979 moved_from=7978 voxel_count_after=7978
[INFO] [RemoveVoxel] idx=7821 voxel_count_before=7978 moved_from=7977 voxel_count_after=7977
[INFO] [RemoveVoxel] idx=7820 voxel_count_before=7977 moved_from=7976 voxel_count_after=7976
[INFO] [RemoveVoxel] idx=7813 voxel_count_before=7976 moved_from=7975 voxel_count_after=7975
[INFO] [RemoveVoxel] idx=7812 voxel_count_before=7975 moved_from=7974 voxel_count_after=7974
[INFO] [RemoveVoxel] idx=7809 voxel_count_before=7974 moved_from=7973 voxel_count_after=7973
[INFO] [RemoveVoxel] idx=7802 voxel_count_before=7973 moved_from=7972 voxel_count_after=7972
[INFO] [RemoveVoxel] idx=7798 voxel_count_before=7972 moved_from=7971 voxel_count_after=7971
[INFO] [RemoveVoxel] idx=7791 voxel_count_before=7971 moved_from=7970 voxel_count_after=7970
[INFO] [RemoveVoxel] idx=7759 voxel_count_before=7970 moved_from=7969 voxel_count_after=7969
[INFO] [RemoveVoxel] idx=7758 voxel_count_before=7969 moved_from=7968 voxel_count_after=7968
[INFO] [RemoveVoxel] idx=7747 voxel_count_before=7968 moved_from=7967 voxel_count_after=7967
[INFO] [RemoveVoxel] idx=7735 voxel_count_before=7967 moved_from=7966 voxel_count_after=7966
[INFO] [RemoveVoxel] idx=7734 voxel_count_before=7966 moved_from=7965 voxel_count_after=7965
[INFO] [Multiscale] Emit span=1 grid=(-4..-4,3..3,-5..-5) pos=(-1.75,1.75,-2.25)
[INFO] [Multiscale] Emit span=1 grid=(4..4,3..3,-5..-5) pos=(2.25,1.75,-2.25)
[INFO] [Multiscale] Emit span=1 grid=(-4..-4,4..4,-5..-5) pos=(-1.75,2.25,-2.25)
[INFO] [Multiscale] Emit span=1 grid=(3..3,4..4,-5..-5) pos=(1.75,2.25,-2.25)
[INFO] [Multiscale] Emit span=1 grid=(4..4,4..4,-5..-5) pos=(2.25,2.25,-2.25)
[INFO] [Multiscale] Emit span=1 grid=(-4..-4,5..5,-5..-5) pos=(-1.75,2.75,-2.25)
[INFO] [Multiscale] Emit span=1 grid=(3..3,5..5,-5..-5) pos=(1.75,2.75,-2.25)
[INFO] [Multiscale] Emit span=1 grid=(4..4,5..5,-5..-5) pos=(2.25,2.75,-2.25)
[INFO] [Multiscale] Emit span=1 grid=(-4..-4,3..3,-4..-4) pos=(-1.75,1.75,-1.75)
[INFO] [Multiscale] Emit span=1 grid=(4..4,3..3,-4..-4) pos=(2.25,1.75,-1.75)
[INFO] [Multiscale] Emit span=1 grid=(-5..-5,4..4,-4..-4) pos=(-2.25,2.25,-1.75)
[INFO] [Multiscale] Emit span=1 grid=(-4..-4,4..4,-4..-4) pos=(-1.75,2.25,-1.75)
[INFO] [Multiscale] Emit span=1 grid=(4..4,4..4,-4..-4) pos=(2.25,2.25,-1.75)
[INFO] [Multiscale] Emit span=1 grid=(5..5,4..4,-4..-4) pos=(2.75,2.25,-1.75)
[INFO] [Multiscale] Emit span=1 grid=(-4..-4,5..5,-4..-4) pos=(-1.75,2.75,-1.75)
[INFO] [Multiscale] Emit span=1 grid=(3..3,5..5,-4..-4) pos=(1.75,2.75,-1.75)
[INFO] [Multiscale] Emit span=1 grid=(4..4,5..5,-4..-4) pos=(2.25,2.75,-1.75)
[INFO] [Multiscale] Emit span=1 grid=(-4..-4,4..4,-3..-3) pos=(-1.75,2.25,-1.25)
[INFO] [Multiscale] Emit span=1 grid=(4..4,4..4,-3..-3) pos=(2.25,2.25,-1.25)
[INFO] [Multiscale] Emit span=1 grid=(5..5,4..4,-3..-3) pos=(2.75,2.25,-1.25)
[INFO] [Multiscale] Emit span=1 grid=(-4..-4,5..5,-3..-3) pos=(-1.75,2.75,-1.25)
[INFO] [Multiscale] Emit span=1 grid=(-3..-3,5..5,-3..-3) pos=(-1.25,2.75,-1.25)
[INFO] [Multiscale] Emit span=1 grid=(3..3,5..5,-3..-3) pos=(1.75,2.75,-1.25)
[INFO] [Multiscale] Emit span=1 grid=(4..4,5..5,-3..-3) pos=(2.25,2.75,-1.25)
[INFO] [Multiscale] Emit span=1 grid=(-4..-4,4..4,-2..-2) pos=(-1.75,2.25,-0.75)
[INFO] [Multiscale] Emit span=1 grid=(3..3,4..4,-2..-2) pos=(1.75,2.25,-0.75)
[INFO] [Multiscale] Emit span=1 grid=(4..4,4..4,-2..-2) pos=(2.25,2.25,-0.75)
[INFO] [Multiscale] Emit span=1 grid=(-4..-4,5..5,-2..-2) pos=(-1.75,2.75,-0.75)
[INFO] [Multiscale] Emit span=1 grid=(-3..-3,5..5,-2..-2) pos=(-1.25,2.75,-0.75)
[INFO] [Multiscale] Emit span=1 grid=(3..3,5..5,-2..-2) pos=(1.75,2.75,-0.75)
[INFO] [Multiscale] Emit span=1 grid=(4..4,5..5,-2..-2) pos=(2.25,2.75,-0.75)
[INFO] [Multiscale] Emit span=1 grid=(-3..-3,4..4,-1..-1) pos=(-1.25,2.25,-0.25)
[INFO] [Multiscale] Emit span=1 grid=(-2..-2,4..4,-1..-1) pos=(-0.75,2.25,-0.25)
[INFO] [Multiscale] Emit span=1 grid=(2..2,4..4,-1..-1) pos=(1.25,2.25,-0.25)
[INFO] [Multiscale] Emit span=1 grid=(3..3,4..4,-1..-1) pos=(1.75,2.25,-0.25)
[INFO] [Multiscale] Emit span=1 grid=(-3..-3,5..5,-1..-1) pos=(-1.25,2.75,-0.25)
[INFO] [Multiscale] Emit span=1 grid=(-2..-2,5..5,-1..-1) pos=(-0.75,2.75,-0.25)
[INFO] [Multiscale] Emit span=1 grid=(-1..-1,5..5,-1..-1) pos=(-0.25,2.75,-0.25)
[INFO] [Multiscale] Emit span=1 grid=(1..1,5..5,-1..-1) pos=(0.75,2.75,-0.25)
[INFO] [Multiscale] Emit span=1 grid=(2..2,5..5,-1..-1) pos=(1.25,2.75,-0.25)
[INFO] [Multiscale] Emit span=1 grid=(3..3,5..5,-1..-1) pos=(1.75,2.75,-0.25)
[INFO] [Multiscale] Emit span=1 grid=(-2..-2,4..4,0..0) pos=(-0.75,2.25,0.25)
[INFO] [Multiscale] Emit span=1 grid=(-2..-2,5..5,0..0) pos=(-0.75,2.75,0.25)
[INFO] [Multiscale] Emit span=1 grid=(2..2,5..5,0..0) pos=(1.25,2.75,0.25)
[INFO] [Multiscale] Converted 44 unit voxels into 44 span clusters
[INFO] [Activation] static->dynamic units=44 spawned=44 base=7965 after=8009
[INFO] [Activation] glue build mismatch pair=(7823,7986) spans=(2,1) dir=(0,0,1) rawUV=(-0.500,0.500) uv=(0.000,0.500) weights=(0.500,0.000,0.500,0.000) coarseCenter=(-0.50,2.47,-2.01) fineCenter=(-1.25,2.75,-1.25)
[INFO] [Activation] glue build mismatch pair=(7823,7986) spans=(2,1) dir=(0,0,1) rawUV=(0.000,0.500) uv=(0.000,0.500) weights=(0.500,0.000,0.500,0.000) coarseCenter=(-0.50,2.47,-2.01) fineCenter=(-1.25,2.75,-1.25)
[INFO] [Activation] glue build mismatch pair=(7823,7986) spans=(2,1) dir=(0,0,1) rawUV=(-0.500,1.000) uv=(0.000,1.000) weights=(0.000,0.000,1.000,0.000) coarseCenter=(-0.50,2.47,-2.01) fineCenter=(-1.25,2.75,-1.25)
[INFO] [Activation] glue build mismatch pair=(7823,7986) spans=(2,1) dir=(0,0,1) rawUV=(0.000,1.000) uv=(0.000,1.000) weights=(0.000,0.000,1.000,0.000) coarseCenter=(-0.50,2.47,-2.01) fineCenter=(-1.25,2.75,-1.25)
[INFO] [Activation] glue build mismatch pair=(7853,7968) spans=(2,1) dir=(1,0,0) rawUV=(0.000,0.000) uv=(0.000,0.000) weights=(1.000,0.000,0.000,0.000) coarseCenter=(0.97,2.47,-2.02) fineCenter=(1.75,2.25,-2.25)
[INFO] [Activation] glue build mismatch pair=(7853,7968) spans=(2,1) dir=(1,0,0) rawUV=(0.500,0.000) uv=(0.500,0.000) weights=(0.500,0.500,0.000,0.000) coarseCenter=(0.97,2.47,-2.02) fineCenter=(1.75,2.25,-2.25)
[INFO] [Activation] glue build mismatch pair=(7853,7968) spans=(2,1) dir=(1,0,0) rawUV=(0.000,0.500) uv=(0.000,0.500) weights=(0.500,0.000,0.500,0.000) coarseCenter=(0.97,2.47,-2.02) fineCenter=(1.75,2.25,-2.25)
[INFO] [Activation] glue build mismatch pair=(7853,7968) spans=(2,1) dir=(1,0,0) rawUV=(0.500,0.500) uv=(0.500,0.500) weights=(0.250,0.250,0.250,0.250) coarseCenter=(0.97,2.47,-2.02) fineCenter=(1.75,2.25,-2.25)
[INFO] [Activation] glue build mismatch pair=(7853,7971) spans=(2,1) dir=(1,0,0) rawUV=(0.500,0.000) uv=(0.500,0.000) weights=(0.500,0.500,0.000,0.000) coarseCenter=(0.97,2.47,-2.02) fineCenter=(1.75,2.75,-2.25)
[INFO] [Activation] glue build mismatch pair=(7853,7971) spans=(2,1) dir=(1,0,0) rawUV=(1.000,0.000) uv=(1.000,0.000) weights=(0.000,1.000,0.000,0.000) coarseCenter=(0.97,2.47,-2.02) fineCenter=(1.75,2.75,-2.25)
[INFO] [Activation] glue build mismatch pair=(7853,7971) spans=(2,1) dir=(1,0,0) rawUV=(0.500,0.500) uv=(0.500,0.500) weights=(0.250,0.250,0.250,0.250) coarseCenter=(0.97,2.47,-2.02) fineCenter=(1.75,2.75,-2.25)
[INFO] [Activation] glue build mismatch pair=(7853,7971) spans=(2,1) dir=(1,0,0) rawUV=(1.000,0.500) uv=(1.000,0.500) weights=(0.000,0.500,0.000,0.500) coarseCenter=(0.97,2.47,-2.02) fineCenter=(1.75,2.75,-2.25)
[INFO] [Activation] glue build mismatch pair=(7853,7980) spans=(2,1) dir=(1,0,0) rawUV=(0.500,0.500) uv=(0.500,0.500) weights=(0.250,0.250,0.250,0.250) coarseCenter=(0.97,2.47,-2.02) fineCenter=(1.75,2.75,-1.75)
[INFO] [Activation] glue build mismatch pair=(7853,7980) spans=(2,1) dir=(1,0,0) rawUV=(1.000,0.500) uv=(1.000,0.500) weights=(0.000,0.500,0.000,0.500) coarseCenter=(0.97,2.47,-2.02) fineCenter=(1.75,2.75,-1.75)
[INFO] [Activation] glue build mismatch pair=(7853,7980) spans=(2,1) dir=(1,0,0) rawUV=(0.500,1.000) uv=(0.500,1.000) weights=(0.000,0.000,0.500,0.500) coarseCenter=(0.97,2.47,-2.02) fineCenter=(1.75,2.75,-1.75)
[INFO] [Activation] glue build mismatch pair=(7853,7980) spans=(2,1) dir=(1,0,0) rawUV=(1.000,1.000) uv=(1.000,1.000) weights=(0.000,0.000,0.000,1.000) coarseCenter=(0.97,2.47,-2.02) fineCenter=(1.75,2.75,-1.75)
[INFO] [Activation] glue build mismatch pair=(7875,7990) spans=(2,1) dir=(1,0,0) rawUV=(0.000,0.500) uv=(0.000,0.500) weights=(0.500,0.000,0.500,0.000) coarseCenter=(0.50,2.48,-1.01) fineCenter=(1.75,2.25,-0.75)
[INFO] [Activation] glue build mismatch pair=(7875,7990) spans=(2,1) dir=(1,0,0) rawUV=(0.500,0.500) uv=(0.500,0.500) weights=(0.250,0.250,0.250,0.250) coarseCenter=(0.50,2.48,-1.01) fineCenter=(1.75,2.25,-0.75)
[INFO] [Activation] glue build mismatch pair=(7875,7990) spans=(2,1) dir=(1,0,0) rawUV=(0.000,1.000) uv=(0.000,1.000) weights=(0.000,0.000,1.000,0.000) coarseCenter=(0.50,2.48,-1.01) fineCenter=(1.75,2.25,-0.75)
[INFO] [Activation] glue build mismatch pair=(7875,7990) spans=(2,1) dir=(1,0,0) rawUV=(0.500,1.000) uv=(0.500,1.000) weights=(0.000,0.000,0.500,0.500) coarseCenter=(0.50,2.48,-1.01) fineCenter=(1.75,2.25,-0.75)
[INFO] [Activation] glue build mismatch pair=(7875,7980) spans=(2,1) dir=(1,0,0) rawUV=(0.500,-0.500) uv=(0.500,0.000) weights=(0.500,0.500,0.000,0.000) coarseCenter=(0.50,2.48,-1.01) fineCenter=(1.75,2.75,-1.75)
[INFO] [Activation] glue build mismatch pair=(7875,7980) spans=(2,1) dir=(1,0,0) rawUV=(1.000,-0.500) uv=(1.000,0.000) weights=(0.000,1.000,0.000,0.000) coarseCenter=(0.50,2.48,-1.01) fineCenter=(1.75,2.75,-1.75)
[INFO] [Activation] glue build mismatch pair=(7875,7980) spans=(2,1) dir=(1,0,0) rawUV=(0.500,0.000) uv=(0.500,0.000) weights=(0.500,0.500,0.000,0.000) coarseCenter=(0.50,2.48,-1.01) fineCenter=(1.75,2.75,-1.75)
[INFO] [Activation] glue build mismatch pair=(7875,7980) spans=(2,1) dir=(1,0,0) rawUV=(1.000,0.000) uv=(1.000,0.000) weights=(0.000,1.000,0.000,0.000) coarseCenter=(0.50,2.48,-1.01) fineCenter=(1.75,2.75,-1.75)
[INFO] [Activation] glue build mismatch pair=(7875,7987) spans=(2,1) dir=(1,0,0) rawUV=(0.500,0.000) uv=(0.500,0.000) weights=(0.500,0.500,0.000,0.000) coarseCenter=(0.50,2.48,-1.01) fineCenter=(1.75,2.75,-1.25)
[INFO] [Activation] glue build mismatch pair=(7875,7987) spans=(2,1) dir=(1,0,0) rawUV=(1.000,0.000) uv=(1.000,0.000) weights=(0.000,1.000,0.000,0.000) coarseCenter=(0.50,2.48,-1.01) fineCenter=(1.75,2.75,-1.25)
[INFO] [Activation] glue build mismatch pair=(7875,7987) spans=(2,1) dir=(1,0,0) rawUV=(0.500,0.500) uv=(0.500,0.500) weights=(0.250,0.250,0.250,0.250) coarseCenter=(0.50,2.48,-1.01) fineCenter=(1.75,2.75,-1.25)
[INFO] [Activation] glue build mismatch pair=(7875,7987) spans=(2,1) dir=(1,0,0) rawUV=(1.000,0.500) uv=(1.000,0.500) weights=(0.000,0.500,0.000,0.500) coarseCenter=(0.50,2.48,-1.01) fineCenter=(1.75,2.75,-1.25)
[INFO] [Activation] glue build mismatch pair=(7875,7994) spans=(2,1) dir=(1,0,0) rawUV=(0.500,0.500) uv=(0.500,0.500) weights=(0.250,0.250,0.250,0.250) coarseCenter=(0.50,2.48,-1.01) fineCenter=(1.75,2.75,-0.75)
[INFO] [Activation] glue build mismatch pair=(7875,7994) spans=(2,1) dir=(1,0,0) rawUV=(1.000,0.500) uv=(1.000,0.500) weights=(0.000,0.500,0.000,0.500) coarseCenter=(0.50,2.48,-1.01) fineCenter=(1.75,2.75,-0.75)
[INFO] [Activation] glue build mismatch pair=(7875,7994) spans=(2,1) dir=(1,0,0) rawUV=(0.500,1.000) uv=(0.500,1.000) weights=(0.000,0.000,0.500,0.500) coarseCenter=(0.50,2.48,-1.01) fineCenter=(1.75,2.75,-0.75)
[INFO] [Activation] glue build mismatch pair=(7875,7994) spans=(2,1) dir=(1,0,0) rawUV=(1.000,1.000) uv=(1.000,1.000) weights=(0.000,0.000,0.000,1.000) coarseCenter=(0.50,2.48,-1.01) fineCenter=(1.75,2.75,-0.75)
[INFO] [Activation] glue build mismatch pair=(7875,8003) spans=(2,1) dir=(0,0,1) rawUV=(0.500,0.500) uv=(0.500,0.500) weights=(0.250,0.250,0.250,0.250) coarseCenter=(0.50,2.48,-1.01) fineCenter=(0.75,2.75,-0.25)
[INFO] [Activation] glue build mismatch pair=(7875,8003) spans=(2,1) dir=(0,0,1) rawUV=(1.000,0.500) uv=(1.000,0.500) weights=(0.000,0.500,0.000,0.500) coarseCenter=(0.50,2.48,-1.01) fineCenter=(0.75,2.75,-0.25)
[INFO] [Activation] glue build mismatch pair=(7875,8003) spans=(2,1) dir=(0,0,1) rawUV=(0.500,1.000) uv=(0.500,1.000) weights=(0.000,0.000,0.500,0.500) coarseCenter=(0.50,2.48,-1.01) fineCenter=(0.75,2.75,-0.25)
[INFO] [Activation] glue build mismatch pair=(7875,8003) spans=(2,1) dir=(0,0,1) rawUV=(1.000,1.000) uv=(1.000,1.000) weights=(0.000,0.000,0.000,1.000) coarseCenter=(0.50,2.48,-1.01) fineCenter=(0.75,2.75,-0.25)
[INFO] [Activation] glue build mismatch pair=(7875,7998) spans=(2,1) dir=(0,0,1) rawUV=(1.000,0.000) uv=(1.000,0.000) weights=(0.000,1.000,0.000,0.000) coarseCenter=(0.50,2.48,-1.01) fineCenter=(1.25,2.25,-0.25)
[INFO] [Activation] glue build mismatch pair=(7875,7998) spans=(2,1) dir=(0,0,1) rawUV=(1.500,0.000) uv=(1.000,0.000) weights=(0.000,1.000,0.000,0.000) coarseCenter=(0.50,2.48,-1.01) fineCenter=(1.25,2.25,-0.25)
[INFO] [Activation] glue build mismatch pair=(7875,7998) spans=(2,1) dir=(0,0,1) rawUV=(1.000,0.500) uv=(1.000,0.500) weights=(0.000,0.500,0.000,0.500) coarseCenter=(0.50,2.48,-1.01) fineCenter=(1.25,2.25,-0.25)
[INFO] [Activation] glue build mismatch pair=(7875,7998) spans=(2,1) dir=(0,0,1) rawUV=(1.500,0.500) uv=(1.000,0.500) weights=(0.000,0.500,0.000,0.500) coarseCenter=(0.50,2.48,-1.01) fineCenter=(1.25,2.25,-0.25)
[INFO] [Activation] glue build mismatch pair=(7875,8004) spans=(2,1) dir=(0,0,1) rawUV=(1.000,0.500) uv=(1.000,0.500) weights=(0.000,0.500,0.000,0.500) coarseCenter=(0.50,2.48,-1.01) fineCenter=(1.25,2.75,-0.25)
[INFO] [Activation] glue build mismatch pair=(7875,8004) spans=(2,1) dir=(0,0,1) rawUV=(1.500,0.500) uv=(1.000,0.500) weights=(0.000,0.500,0.000,0.500) coarseCenter=(0.50,2.48,-1.01) fineCenter=(1.25,2.75,-0.25)
[INFO] [Activation] glue build mismatch pair=(7875,8004) spans=(2,1) dir=(0,0,1) rawUV=(1.000,1.000) uv=(1.000,1.000) weights=(0.000,0.000,0.000,1.000) coarseCenter=(0.50,2.48,-1.01) fineCenter=(1.25,2.75,-0.25)
[INFO] [Activation] glue build mismatch pair=(7875,8004) spans=(2,1) dir=(0,0,1) rawUV=(1.500,1.000) uv=(1.000,1.000) weights=(0.000,0.000,0.000,1.000) coarseCenter=(0.50,2.48,-1.01) fineCenter=(1.25,2.75,-0.25)
[INFO] [Activation] glue build mismatch pair=(7823,7965) spans=(2,1) dir=(1,0,0) rawUV=(-0.500,0.000) uv=(0.000,0.000) weights=(1.000,0.000,0.000,0.000) coarseCenter=(-0.50,2.47,-2.01) fineCenter=(-1.75,1.75,-2.25)
[INFO] [Activation] glue build mismatch pair=(7823,7965) spans=(2,1) dir=(1,0,0) rawUV=(0.000,0.000) uv=(0.000,0.000) weights=(1.000,0.000,0.000,0.000) coarseCenter=(-0.50,2.47,-2.01) fineCenter=(-1.75,1.75,-2.25)
[INFO] [Activation] glue build mismatch pair=(7823,7965) spans=(2,1) dir=(1,0,0) rawUV=(-0.500,0.500) uv=(0.000,0.500) weights=(0.500,0.000,0.500,0.000) coarseCenter=(-0.50,2.47,-2.01) fineCenter=(-1.75,1.75,-2.25)
[INFO] [Activation] glue build mismatch pair=(7823,7965) spans=(2,1) dir=(1,0,0) rawUV=(0.000,0.500) uv=(0.000,0.500) weights=(0.500,0.000,0.500,0.000) coarseCenter=(-0.50,2.47,-2.01) fineCenter=(-1.75,1.75,-2.25)
[INFO] [Activation] glue build mismatch pair=(7823,7967) spans=(2,1) dir=(1,0,0) rawUV=(0.000,0.000) uv=(0.000,0.000) weights=(1.000,0.000,0.000,0.000) coarseCenter=(-0.50,2.47,-2.01) fineCenter=(-1.75,2.25,-2.25)
[INFO] [Activation] glue build mismatch pair=(7823,7967) spans=(2,1) dir=(1,0,0) rawUV=(0.500,0.000) uv=(0.500,0.000) weights=(0.500,0.500,0.000,0.000) coarseCenter=(-0.50,2.47,-2.01) fineCenter=(-1.75,2.25,-2.25)
[INFO] [Activation] glue build mismatch pair=(7823,7967) spans=(2,1) dir=(1,0,0) rawUV=(0.000,0.500) uv=(0.000,0.500) weights=(0.500,0.000,0.500,0.000) coarseCenter=(-0.50,2.47,-2.01) fineCenter=(-1.75,2.25,-2.25)
[INFO] [Activation] glue build mismatch pair=(7823,7967) spans=(2,1) dir=(1,0,0) rawUV=(0.500,0.500) uv=(0.500,0.500) weights=(0.250,0.250,0.250,0.250) coarseCenter=(-0.50,2.47,-2.01) fineCenter=(-1.75,2.25,-2.25)
[INFO] [Activation] glue build mismatch pair=(7823,7973) spans=(2,1) dir=(1,0,0) rawUV=(-0.500,0.500) uv=(0.000,0.500) weights=(0.500,0.000,0.500,0.000) coarseCenter=(-0.50,2.47,-2.01) fineCenter=(-1.75,1.75,-1.75)
[INFO] [Activation] glue build mismatch pair=(7823,7973) spans=(2,1) dir=(1,0,0) rawUV=(0.000,0.500) uv=(0.000,0.500) weights=(0.500,0.000,0.500,0.000) coarseCenter=(-0.50,2.47,-2.01) fineCenter=(-1.75,1.75,-1.75)
[INFO] [Activation] glue build mismatch pair=(7823,7973) spans=(2,1) dir=(1,0,0) rawUV=(-0.500,1.000) uv=(0.000,1.000) weights=(0.000,0.000,1.000,0.000) coarseCenter=(-0.50,2.47,-2.01) fineCenter=(-1.75,1.75,-1.75)
[INFO] [Activation] glue build mismatch pair=(7823,7973) spans=(2,1) dir=(1,0,0) rawUV=(0.000,1.000) uv=(0.000,1.000) weights=(0.000,0.000,1.000,0.000) coarseCenter=(-0.50,2.47,-2.01) fineCenter=(-1.75,1.75,-1.75)
[INFO] [Activation] glue span mismatch a=7965 span=1 b=7823 span=2 posA=(-1.75,1.75,-2.25) posB=(-0.50,2.47,-2.01)
[INFO] [Activation] glue span mismatch a=7967 span=1 b=7823 span=2 posA=(-1.75,2.25,-2.25) posB=(-0.50,2.47,-2.01)
[INFO] [Activation] glue span mismatch a=7968 span=1 b=7853 span=2 posA=(1.75,2.25,-2.25) posB=(0.97,2.47,-2.02)
[INFO] [Activation] glue span mismatch a=7971 span=1 b=7853 span=2 posA=(1.75,2.75,-2.25) posB=(0.97,2.47,-2.02)
[INFO] [Activation] glue span mismatch a=7973 span=1 b=7823 span=2 posA=(-1.75,1.75,-1.75) posB=(-0.50,2.47,-2.01)
[INFO] [Activation] glue span mismatch a=7980 span=1 b=7853 span=2 posA=(1.75,2.75,-1.75) posB=(0.97,2.47,-2.02)
[INFO] [Activation] glue span mismatch a=7980 span=1 b=7875 span=2 posA=(1.75,2.75,-1.75) posB=(0.50,2.48,-1.01)
[INFO] [Activation] glue span mismatch a=7986 span=1 b=7823 span=2 posA=(-1.25,2.75,-1.25) posB=(-0.50,2.47,-2.01)
[INFO] [Activation] glue span mismatch a=7987 span=1 b=7875 span=2 posA=(1.75,2.75,-1.25) posB=(0.50,2.48,-1.01)
[INFO] [Activation] glue span mismatch a=7990 span=1 b=7875 span=2 posA=(1.75,2.25,-0.75) posB=(0.50,2.48,-1.01)
[INFO] [Activation] glue span mismatch a=7994 span=1 b=7875 span=2 posA=(1.75,2.75,-0.75) posB=(0.50,2.48,-1.01)
[INFO] [Activation] glue span mismatch a=7998 span=1 b=7875 span=2 posA=(1.25,2.25,-0.25) posB=(0.50,2.48,-1.01)
[INFO] [Activation] glue span mismatch a=8003 span=1 b=7875 span=2 posA=(0.75,2.75,-0.25) posB=(0.50,2.48,-1.01)
[INFO] [Activation] glue span mismatch a=8004 span=1 b=7875 span=2 posA=(1.25,2.75,-0.25) posB=(0.50,2.48,-1.01)
[INFO] [RemoveVoxel] idx=7822 voxel_count_before=8009 moved_from=8008 voxel_count_after=8008
[INFO] [RemoveVoxel] idx=7821 voxel_count_before=8008 moved_from=8007 voxel_count_after=8007
[INFO] [RemoveVoxel] idx=7820 voxel_count_before=8007 moved_from=8006 voxel_count_after=8006
[INFO] [Multiscale] Emit span=1 grid=(-2..-2,4..4,5..5) pos=(-0.75,2.25,2.75)
[INFO] [Multiscale] Emit span=1 grid=(-1..-1,4..4,5..5) pos=(-0.25,2.25,2.75)
[INFO] [Multiscale] Emit span=1 grid=(0..0,4..4,5..5) pos=(0.25,2.25,2.75)
[INFO] [Multiscale] Converted 3 unit voxels into 3 span clusters
[INFO] [Deactivate] voxel=7764 span=1 sleep=4/8 waiting
[INFO] [Deactivate] voxel=7775 span=1 sleep=4/8 waiting
[INFO] [Deactivate] voxel=7786 span=1 sleep=4/8 waiting
[INFO] [Deactivate] voxel=7789 span=1 sleep=7/8 waiting
[INFO] [Deactivate] voxel=7809 span=1 sleep=4/8 waiting
[INFO] [Deactivate] voxel=7812 span=1 sleep=4/8 waiting
[INFO] [Deactivate] voxel=7820 span=1 sleep=1/8 waiting
[INFO] [Deactivate] voxel=7821 span=1 sleep=1/8 waiting
[INFO] [Deactivate] voxel=7822 span=1 sleep=1/8 waiting
[INFO] [Deactivate] voxel=7823 span=2 sleep=4/8 waiting
[INFO] [Deactivate] voxel=7833 span=1 sleep=4/8 waiting
[INFO] [Deactivate] voxel=7853 span=2 sleep=4/8 waiting
[INFO] [Deactivate] voxel=7854 span=1 sleep=4/8 waiting
[INFO] [Deactivate] voxel=7855 span=1 sleep=4/8 waiting
[INFO] [Deactivate] voxel=7856 span=1 sleep=4/8 waiting
[INFO] [Deactivate] voxel=7866 span=1 sleep=4/8 waiting
[INFO] [Deactivate] voxel=7867 span=1 sleep=4/8 waiting
[INFO] [Deactivate] voxel=7868 span=1 sleep=4/8 waiting
[INFO] [Deactivate] voxel=7875 span=2 sleep=4/8 waiting
[INFO] [Deactivate] voxel=7879 span=1 sleep=4/8 waiting
[INFO] [Deactivate] voxel=7880 span=1 sleep=4/8 waiting
[INFO] [Deactivate] voxel=7890 span=1 sleep=4/8 waiting
[INFO] [Deactivate] voxel=7912 span=1 sleep=4/8 waiting
[INFO] [Deactivate] voxel=7923 span=1 sleep=4/8 waiting
[INFO] [Deactivate] voxel=7924 span=1 sleep=4/8 waiting
[INFO] [Deactivate] voxel=7930 span=1 sleep=4/8 waiting
[INFO] [Deactivate] voxel=7931 span=1 sleep=4/8 waiting
[INFO] [Deactivate] voxel=7932 span=1 sleep=4/8 waiting
[INFO] [Deactivate] voxel=7933 span=1 sleep=4/8 waiting
[INFO] [Deactivate] voxel=7934 span=1 sleep=4/8 waiting
[INFO] [Deactivate] voxel=7941 span=1 sleep=4/8 waiting
[INFO] [Deactivate] voxel=7942 span=1 sleep=4/8 waiting
[INFO] [Deactivate] voxel=7943 span=1 sleep=4/8 waiting
[INFO] [Deactivate] voxel=7944 span=1 sleep=4/8 waiting
[INFO] [Deactivate] voxel=7965 span=1 sleep=1/8 waiting
[INFO] [Deactivate] voxel=7966 span=1 sleep=1/8 waiting
[INFO] [Deactivate] voxel=7967 span=1 sleep=1/8 waiting
[INFO] [Deactivate] voxel=7968 span=1 sleep=1/8 waiting
[INFO] [Deactivate] voxel=7969 span=1 sleep=1/8 waiting
[INFO] [Deactivate] voxel=7970 span=1 sleep=1/8 waiting
[INFO] [Deactivate] voxel=7971 span=1 sleep=1/8 waiting
[INFO] [Deactivate] voxel=7972 span=1 sleep=1/8 waiting
[INFO] [Deactivate] voxel=7973 span=1 sleep=1/8 waiting
[INFO] [Deactivate] voxel=7974 span=1 sleep=1/8 waiting
[INFO] [Deactivate] voxel=7975 span=1 sleep=1/8 waiting
[INFO] [Deactivate] voxel=7976 span=1 sleep=1/8 waiting
[INFO] [Deactivate] voxel=7977 span=1 sleep=1/8 waiting
[INFO] [Deactivate] voxel=7978 span=1 sleep=1/8 waiting
[INFO] [Deactivate] voxel=7979 span=1 sleep=1/8 waiting
[INFO] [Deactivate] voxel=7980 span=1 sleep=1/8 waiting
[INFO] [Deactivate] voxel=7981 span=1 sleep=1/8 waiting
[INFO] [Deactivate] voxel=7982 span=1 sleep=1/8 waiting
[INFO] [Deactivate] voxel=7983 span=1 sleep=1/8 waiting
[INFO] [Deactivate] voxel=7984 span=1 sleep=1/8 waiting
[INFO] [Deactivate] voxel=7985 span=1 sleep=1/8 waiting
[INFO] [Deactivate] voxel=7986 span=1 sleep=1/8 waiting
[INFO] [Deactivate] voxel=7987 span=1 sleep=1/8 waiting
[INFO] [Deactivate] voxel=7988 span=1 sleep=1/8 waiting
[INFO] [Deactivate] voxel=7989 span=1 sleep=1/8 waiting
[INFO] [Deactivate] voxel=7990 span=1 sleep=1/8 waiting
[INFO] [Deactivate] voxel=7991 span=1 sleep=1/8 waiting
[INFO] [Deactivate] voxel=7992 span=1 sleep=1/8 waiting
[INFO] [Deactivate] voxel=7993 span=1 sleep=1/8 waiting
[INFO] [Deactivate] voxel=7994 span=1 sleep=1/8 waiting
[INFO] [Deactivate] voxel=7995 span=1 sleep=1/8 waiting
[INFO] [Deactivate] voxel=7996 span=1 sleep=1/8 waiting
[INFO] [Deactivate] voxel=7997 span=1 sleep=1/8 waiting
[INFO] [Deactivate] voxel=7998 span=1 sleep=1/8 waiting
[INFO] [Deactivate] voxel=7999 span=1 sleep=1/8 waiting
[INFO] [Deactivate] voxel=8000 span=1 sleep=1/8 waiting
[INFO] [Deactivate] voxel=8001 span=1 sleep=1/8 waiting
[INFO] [Deactivate] voxel=8002 span=1 sleep=1/8 waiting
[INFO] [Deactivate] voxel=8003 span=1 sleep=1/8 waiting
[INFO] [Deactivate] voxel=8004 span=1 sleep=1/8 waiting
[INFO] [Deactivate] voxel=8005 span=1 sleep=1/8 waiting
[INFO] [Deactivate] voxel=8006 span=1 sleep=2/8 waiting
[INFO] [Deactivate] voxel=8007 span=1 sleep=2/8 waiting
[INFO] [Deactivate] voxel=8008 span=1 sleep=2/8 waiting
[INFO] VAO: [ID 7] Unloaded vertex array data from VRAM (GPU)
[INFO] VAO: [ID 8] Mesh uploaded successfully to VRAM (GPU)
[INFO] [RemoveVoxel] idx=7955 voxel_count_before=8009 moved_from=8008 voxel_count_after=8008
[INFO] [RemoveVoxel] idx=7954 voxel_count_before=8008 moved_from=8007 voxel_count_after=8007
[INFO] [RemoveVoxel] idx=7953 voxel_count_before=8007 moved_from=8006 voxel_count_after=8006
[INFO] [RemoveVoxel] idx=7952 voxel_count_before=8006 moved_from=8005 voxel_count_after=8005
[INFO] [RemoveVoxel] idx=7946 voxel_count_before=8005 moved_from=8004 voxel_count_after=8004
[INFO] [RemoveVoxel] idx=7945 voxel_count_before=8004 moved_from=8003 voxel_count_after=8003
[INFO] [RemoveVoxel] idx=7936 voxel_count_before=8003 moved_from=8002 voxel_count_after=8002
[INFO] [RemoveVoxel] idx=7935 voxel_count_before=8002 moved_from=8001 voxel_count_after=8001
[INFO] [RemoveVoxel] idx=7926 voxel_count_before=8001 moved_from=8000 voxel_count_after=8000
[INFO] [RemoveVoxel] idx=7925 voxel_count_before=8000 moved_from=7999 voxel_count_after=7999
[INFO] [RemoveVoxel] idx=7914 voxel_count_before=7999 moved_from=7998 voxel_count_after=7998
[INFO] [RemoveVoxel] idx=7913 voxel_count_before=7998 moved_from=7997 voxel_count_after=7997
[INFO] [RemoveVoxel] idx=7903 voxel_count_before=7997 moved_from=7996 voxel_count_after=7996
[INFO] [RemoveVoxel] idx=7902 voxel_count_before=7996 moved_from=7995 voxel_count_after=7995
[INFO] [RemoveVoxel] idx=7891 voxel_count_before=7995 moved_from=7994 voxel_count_after=7994
[INFO] [RemoveVoxel] idx=7865 voxel_count_before=7994 moved_from=7993 voxel_count_after=7993
[INFO] [RemoveVoxel] idx=7864 voxel_count_before=7993 moved_from=7992 voxel_count_after=7992
[INFO] [RemoveVoxel] idx=7844 voxel_count_before=7992 moved_from=7991 voxel_count_after=7991
[INFO] [RemoveVoxel] idx=7834 voxel_count_before=7991 moved_from=7990 voxel_count_after=7990
[INFO] [RemoveVoxel] idx=7831 voxel_count_before=7990 moved_from=7989 voxel_count_after=7989
[INFO] [RemoveVoxel] idx=7824 voxel_count_before=7989 moved_from=7988 voxel_count_after=7988
[INFO] [RemoveVoxel] idx=7815 voxel_count_before=7988 moved_from=7987 voxel_count_after=7987
[INFO] [RemoveVoxel] idx=7814 voxel_count_before=7987 moved_from=7986 voxel_count_after=7986
[INFO] [RemoveVoxel] idx=7804 voxel_count_before=7986 moved_from=7985 voxel_count_after=7985
[INFO] [RemoveVoxel] idx=7803 voxel_count_before=7985 moved_from=7984 voxel_count_after=7984
[INFO] [RemoveVoxel] idx=7794 voxel_count_before=7984 moved_from=7983 voxel_count_after=7983
[INFO] [RemoveVoxel] idx=7793 voxel_count_before=7983 moved_from=7982 voxel_count_after=7982
[INFO] [RemoveVoxel] idx=7782 voxel_count_before=7982 moved_from=7981 voxel_count_after=7981
[INFO] [RemoveVoxel] idx=7771 voxel_count_before=7981 moved_from=7980 voxel_count_after=7980
[INFO] [RemoveVoxel] idx=7743 voxel_count_before=7980 moved_from=7979 voxel_count_after=7979
[INFO] [RemoveVoxel] idx=7723 voxel_count_before=7979 moved_from=7978 voxel_count_after=7978
[INFO] [Multiscale] Emit span=1 grid=(-3..-3,4..4,-5..-5) pos=(-1.25,2.25,-2.25)
[INFO] [Multiscale] Emit span=1 grid=(5..5,4..4,-5..-5) pos=(2.75,2.25,-2.25)
[INFO] [Multiscale] Emit span=1 grid=(-3..-3,5..5,-5..-5) pos=(-1.25,2.75,-2.25)
[INFO] [Multiscale] Emit span=1 grid=(5..5,5..5,-5..-5) pos=(2.75,2.75,-2.25)
[INFO] [Multiscale] Emit span=1 grid=(-3..-3,5..5,-4..-4) pos=(-1.25,2.75,-1.75)
[INFO] [Multiscale] Emit span=1 grid=(5..5,5..5,-4..-4) pos=(2.75,2.75,-1.75)
[INFO] [Multiscale] Emit span=1 grid=(-5..-5,4..4,-3..-3) pos=(-2.25,2.25,-1.25)
[INFO] [Multiscale] Emit span=1 grid=(-5..-5,5..5,-3..-3) pos=(-2.25,2.75,-1.25)
[INFO] [Multiscale] Emit span=1 grid=(5..5,5..5,-3..-3) pos=(2.75,2.75,-1.25)
[INFO] [Multiscale] Emit span=1 grid=(5..5,4..4,-2..-2) pos=(2.75,2.25,-0.75)
[INFO] [Multiscale] Emit span=1 grid=(5..5,5..5,-2..-2) pos=(2.75,2.75,-0.75)
[INFO] [Multiscale] Emit span=1 grid=(4..4,4..4,-1..-1) pos=(2.25,2.25,-0.25)
[INFO] [Multiscale] Emit span=1 grid=(4..4,5..5,-1..-1) pos=(2.25,2.75,-0.25)
[INFO] [Multiscale] Emit span=1 grid=(2..2,4..4,0..0) pos=(1.25,2.25,0.25)
[INFO] [Multiscale] Emit span=1 grid=(3..3,4..4,0..0) pos=(1.75,2.25,0.25)
[INFO] [Multiscale] Emit span=1 grid=(-1..-1,5..5,0..0) pos=(-0.25,2.75,0.25)
[INFO] [Multiscale] Emit span=1 grid=(0..0,5..5,0..0) pos=(0.25,2.75,0.25)
[INFO] [Multiscale] Emit span=1 grid=(1..1,5..5,0..0) pos=(0.75,2.75,0.25)
[INFO] [Multiscale] Emit span=1 grid=(3..3,5..5,0..0) pos=(1.75,2.75,0.25)
[INFO] [Multiscale] Emit span=1 grid=(4..4,5..5,0..0) pos=(2.25,2.75,0.25)
[INFO] [Multiscale] Emit span=1 grid=(-1..-1,4..4,1..1) pos=(-0.25,2.25,0.75)
[INFO] [Multiscale] Emit span=1 grid=(0..0,4..4,1..1) pos=(0.25,2.25,0.75)
[INFO] [Multiscale] Emit span=1 grid=(1..1,4..4,1..1) pos=(0.75,2.25,0.75)
[INFO] [Multiscale] Emit span=1 grid=(2..2,4..4,1..1) pos=(1.25,2.25,0.75)
[INFO] [Multiscale] Emit span=1 grid=(3..3,4..4,1..1) pos=(1.75,2.25,0.75)
[INFO] [Multiscale] Emit span=1 grid=(0..0,5..5,1..1) pos=(0.25,2.75,0.75)
[INFO] [Multiscale] Emit span=1 grid=(1..1,5..5,1..1) pos=(0.75,2.75,0.75)
[INFO] [Multiscale] Emit span=1 grid=(2..2,5..5,1..1) pos=(1.25,2.75,0.75)
[INFO] [Multiscale] Emit span=1 grid=(3..3,5..5,1..1) pos=(1.75,2.75,0.75)
[INFO] [Multiscale] Emit span=1 grid=(1..1,4..4,2..2) pos=(0.75,2.25,1.25)
[INFO] [Multiscale] Emit span=1 grid=(2..2,5..5,2..2) pos=(1.25,2.75,1.25)
[INFO] [Multiscale] Converted 31 unit voxels into 31 span clusters
[INFO] [Activation] static->dynamic units=31 spawned=31 base=7978 after=8009
[INFO] [Activation] glue build mismatch pair=(7875,7994) spans=(2,1) dir=(0,0,1) rawUV=(0.000,0.500) uv=(0.000,0.500) weights=(0.500,0.000,0.500,0.000) coarseCenter=(0.51,2.42,-0.98) fineCenter=(0.25,2.75,0.25)
[INFO] [Activation] glue build mismatch pair=(7875,7994) spans=(2,1) dir=(0,0,1) rawUV=(0.500,0.500) uv=(0.500,0.500) weights=(0.250,0.250,0.250,0.250) coarseCenter=(0.51,2.42,-0.98) fineCenter=(0.25,2.75,0.25)
[INFO] [Activation] glue build mismatch pair=(7875,7994) spans=(2,1) dir=(0,0,1) rawUV=(0.000,1.000) uv=(0.000,1.000) weights=(0.000,0.000,1.000,0.000) coarseCenter=(0.51,2.42,-0.98) fineCenter=(0.25,2.75,0.25)
[INFO] [Activation] glue build mismatch pair=(7875,7994) spans=(2,1) dir=(0,0,1) rawUV=(0.500,1.000) uv=(0.500,1.000) weights=(0.000,0.000,0.500,0.500) coarseCenter=(0.51,2.42,-0.98) fineCenter=(0.25,2.75,0.25)
[INFO] [Activation] glue build mismatch pair=(7875,7995) spans=(2,1) dir=(0,0,1) rawUV=(0.500,0.500) uv=(0.500,0.500) weights=(0.250,0.250,0.250,0.250) coarseCenter=(0.51,2.42,-0.98) fineCenter=(0.75,2.75,0.25)
[INFO] [Activation] glue build mismatch pair=(7875,7995) spans=(2,1) dir=(0,0,1) rawUV=(1.000,0.500) uv=(1.000,0.500) weights=(0.000,0.500,0.000,0.500) coarseCenter=(0.51,2.42,-0.98) fineCenter=(0.75,2.75,0.25)
[INFO] [Activation] glue build mismatch pair=(7875,7995) spans=(2,1) dir=(0,0,1) rawUV=(0.500,1.000) uv=(0.500,1.000) weights=(0.000,0.000,0.500,0.500) coarseCenter=(0.51,2.42,-0.98) fineCenter=(0.75,2.75,0.25)
[INFO] [Activation] glue build mismatch pair=(7875,7995) spans=(2,1) dir=(0,0,1) rawUV=(1.000,1.000) uv=(1.000,1.000) weights=(0.000,0.000,0.000,1.000) coarseCenter=(0.51,2.42,-0.98) fineCenter=(0.75,2.75,0.25)
[INFO] [Activation] glue build mismatch pair=(7875,7991) spans=(2,1) dir=(0,0,1) rawUV=(1.000,0.000) uv=(1.000,0.000) weights=(0.000,1.000,0.000,0.000) coarseCenter=(0.51,2.42,-0.98) fineCenter=(1.25,2.25,0.25)
[INFO] [Activation] glue build mismatch pair=(7875,7991) spans=(2,1) dir=(0,0,1) rawUV=(1.500,0.000) uv=(1.000,0.000) weights=(0.000,1.000,0.000,0.000) coarseCenter=(0.51,2.42,-0.98) fineCenter=(1.25,2.25,0.25)
[INFO] [Activation] glue build mismatch pair=(7875,7991) spans=(2,1) dir=(0,0,1) rawUV=(1.000,0.500) uv=(1.000,0.500) weights=(0.000,0.500,0.000,0.500) coarseCenter=(0.51,2.42,-0.98) fineCenter=(1.25,2.25,0.25)
[INFO] [Activation] glue build mismatch pair=(7875,7991) spans=(2,1) dir=(0,0,1) rawUV=(1.500,0.500) uv=(1.000,0.500) weights=(0.000,0.500,0.000,0.500) coarseCenter=(0.51,2.42,-0.98) fineCenter=(1.25,2.25,0.25)
[INFO] [Activation] glue build mismatch pair=(7823,7978) spans=(2,1) dir=(1,0,0) rawUV=(0.000,0.000) uv=(0.000,0.000) weights=(1.000,0.000,0.000,0.000) coarseCenter=(-0.39,2.42,-2.00) fineCenter=(-1.25,2.25,-2.25)
[INFO] [Activation] glue build mismatch pair=(7823,7978) spans=(2,1) dir=(1,0,0) rawUV=(0.500,0.000) uv=(0.500,0.000) weights=(0.500,0.500,0.000,0.000) coarseCenter=(-0.39,2.42,-2.00) fineCenter=(-1.25,2.25,-2.25)
[INFO] [Activation] glue build mismatch pair=(7823,7978) spans=(2,1) dir=(1,0,0) rawUV=(0.000,0.500) uv=(0.000,0.500) weights=(0.500,0.000,0.500,0.000) coarseCenter=(-0.39,2.42,-2.00) fineCenter=(-1.25,2.25,-2.25)
[INFO] [Activation] glue build mismatch pair=(7823,7978) spans=(2,1) dir=(1,0,0) rawUV=(0.500,0.500) uv=(0.500,0.500) weights=(0.250,0.250,0.250,0.250) coarseCenter=(-0.39,2.42,-2.00) fineCenter=(-1.25,2.25,-2.25)
[INFO] [Activation] glue build mismatch pair=(7823,7980) spans=(2,1) dir=(1,0,0) rawUV=(0.500,0.000) uv=(0.500,0.000) weights=(0.500,0.500,0.000,0.000) coarseCenter=(-0.39,2.42,-2.00) fineCenter=(-1.25,2.75,-2.25)
[INFO] [Activation] glue build mismatch pair=(7823,7980) spans=(2,1) dir=(1,0,0) rawUV=(1.000,0.000) uv=(1.000,0.000) weights=(0.000,1.000,0.000,0.000) coarseCenter=(-0.39,2.42,-2.00) fineCenter=(-1.25,2.75,-2.25)
[INFO] [Activation] glue build mismatch pair=(7823,7980) spans=(2,1) dir=(1,0,0) rawUV=(0.500,0.500) uv=(0.500,0.500) weights=(0.250,0.250,0.250,0.250) coarseCenter=(-0.39,2.42,-2.00) fineCenter=(-1.25,2.75,-2.25)
[INFO] [Activation] glue build mismatch pair=(7823,7980) spans=(2,1) dir=(1,0,0) rawUV=(1.000,0.500) uv=(1.000,0.500) weights=(0.000,0.500,0.000,0.500) coarseCenter=(-0.39,2.42,-2.00) fineCenter=(-1.25,2.75,-2.25)
[INFO] [Activation] glue build mismatch pair=(7823,7982) spans=(2,1) dir=(1,0,0) rawUV=(0.500,0.500) uv=(0.500,0.500) weights=(0.250,0.250,0.250,0.250) coarseCenter=(-0.39,2.42,-2.00) fineCenter=(-1.25,2.75,-1.75)
[INFO] [Activation] glue build mismatch pair=(7823,7982) spans=(2,1) dir=(1,0,0) rawUV=(1.000,0.500) uv=(1.000,0.500) weights=(0.000,0.500,0.000,0.500) coarseCenter=(-0.39,2.42,-2.00) fineCenter=(-1.25,2.75,-1.75)
[INFO] [Activation] glue build mismatch pair=(7823,7982) spans=(2,1) dir=(1,0,0) rawUV=(0.500,1.000) uv=(0.500,1.000) weights=(0.000,0.000,0.500,0.500) coarseCenter=(-0.39,2.42,-2.00) fineCenter=(-1.25,2.75,-1.75)
[INFO] [Activation] glue build mismatch pair=(7823,7982) spans=(2,1) dir=(1,0,0) rawUV=(1.000,1.000) uv=(1.000,1.000) weights=(0.000,0.000,0.000,1.000) coarseCenter=(-0.39,2.42,-2.00) fineCenter=(-1.25,2.75,-1.75)
[INFO] [Activation] glue span mismatch a=7978 span=1 b=7823 span=2 posA=(-1.25,2.25,-2.25) posB=(-0.39,2.42,-2.00)
[INFO] [Activation] glue span mismatch a=7980 span=1 b=7823 span=2 posA=(-1.25,2.75,-2.25) posB=(-0.39,2.42,-2.00)
[INFO] [Activation] glue span mismatch a=7982 span=1 b=7823 span=2 posA=(-1.25,2.75,-1.75) posB=(-0.39,2.42,-2.00)
[INFO] [Activation] glue span mismatch a=7991 span=1 b=7875 span=2 posA=(1.25,2.25,0.25) posB=(0.51,2.42,-0.98)
[INFO] [Activation] glue span mismatch a=7994 span=1 b=7875 span=2 posA=(0.25,2.75,0.25) posB=(0.51,2.42,-0.98)
[INFO] [Activation] glue span mismatch a=7995 span=1 b=7875 span=2 posA=(0.75,2.75,0.25) posB=(0.51,2.42,-0.98)
[INFO] [RemoveVoxel] idx=7955 voxel_count_before=8009 moved_from=8008 voxel_count_after=8008
[INFO] [RemoveVoxel] idx=7954 voxel_count_before=8008 moved_from=8007 voxel_count_after=8007
[INFO] [RemoveVoxel] idx=7953 voxel_count_before=8007 moved_from=8006 voxel_count_after=8006
[INFO] [Multiscale] Emit span=1 grid=(-2..-2,4..4,5..5) pos=(-0.75,2.25,2.75)
[INFO] [Multiscale] Emit span=1 grid=(-1..-1,4..4,5..5) pos=(-0.25,2.25,2.75)
[INFO] [Multiscale] Emit span=1 grid=(0..0,4..4,5..5) pos=(0.25,2.25,2.75)
[INFO] [Multiscale] Converted 3 unit voxels into 3 span clusters
[INFO] [Deactivate] voxel=7723 span=1 sleep=2/8 waiting
[INFO] [Deactivate] voxel=7743 span=1 sleep=2/8 waiting
[INFO] [Deactivate] voxel=7764 span=1 sleep=5/8 waiting
[INFO] [Deactivate] voxel=7771 span=1 sleep=2/8 waiting
[INFO] [Deactivate] voxel=7775 span=1 sleep=5/8 waiting
[INFO] [Deactivate] voxel=7782 span=1 sleep=2/8 waiting
[INFO] [Deactivate] voxel=7786 span=1 sleep=5/8 waiting
[INFO] [Support] no-static-connection pos=(-0.82,3.21,-3.02) bounds=(-2..-2,6..6,-7..-7)
[INFO] [Deactivate] cluster_support=false count=1 checked=1 invalid=0 reason=no-static-connection
[INFO] [Deactivate] voxel=7789 cluster=1 lacks static support
[INFO] [Deactivate] voxel=7793 span=1 sleep=2/8 waiting
[INFO] [Deactivate] voxel=7794 span=1 sleep=2/8 waiting
[INFO] [Deactivate] voxel=7803 span=1 sleep=2/8 waiting
[INFO] [Deactivate] voxel=7804 span=1 sleep=2/8 waiting
[INFO] [Deactivate] voxel=7809 span=1 sleep=5/8 waiting
[INFO] [Deactivate] voxel=7812 span=1 sleep=5/8 waiting
[INFO] [Deactivate] voxel=7814 span=1 sleep=2/8 waiting
[INFO] [Deactivate] voxel=7815 span=1 sleep=2/8 waiting
[INFO] [Deactivate] voxel=7820 span=1 sleep=2/8 waiting
[INFO] [Deactivate] voxel=7821 span=1 sleep=2/8 waiting
[INFO] [Deactivate] voxel=7822 span=1 sleep=2/8 waiting
[INFO] [Deactivate] voxel=7823 span=2 sleep=5/8 waiting
[INFO] [Deactivate] voxel=7824 span=1 sleep=2/8 waiting
[INFO] [Deactivate] voxel=7831 span=1 sleep=2/8 waiting
[INFO] [Deactivate] voxel=7833 span=1 sleep=5/8 waiting
[INFO] [Deactivate] voxel=7834 span=1 sleep=2/8 waiting
[INFO] [Deactivate] voxel=7844 span=1 sleep=2/8 waiting
[INFO] [Deactivate] voxel=7853 span=2 sleep=5/8 waiting
[INFO] [Deactivate] voxel=7854 span=1 sleep=5/8 waiting
[INFO] [Deactivate] voxel=7855 span=1 sleep=5/8 waiting
[INFO] [Deactivate] voxel=7856 span=1 sleep=5/8 waiting
[INFO] [Deactivate] voxel=7864 span=1 sleep=2/8 waiting
[INFO] [Deactivate] voxel=7865 span=1 sleep=2/8 waiting
[INFO] [Deactivate] voxel=7866 span=1 sleep=5/8 waiting
[INFO] [Deactivate] voxel=7867 span=1 sleep=5/8 waiting
[INFO] [Deactivate] voxel=7868 span=1 sleep=5/8 waiting
[INFO] [Deactivate] voxel=7875 span=2 sleep=5/8 waiting
[INFO] [Deactivate] voxel=7879 span=1 sleep=5/8 waiting
[INFO] [Deactivate] voxel=7880 span=1 sleep=5/8 waiting
[INFO] [Deactivate] voxel=7890 span=1 sleep=5/8 waiting
[INFO] [Deactivate] voxel=7891 span=1 sleep=2/8 waiting
[INFO] [Deactivate] voxel=7902 span=1 sleep=2/8 waiting
[INFO] [Deactivate] voxel=7903 span=1 sleep=2/8 waiting
[INFO] [Deactivate] voxel=7912 span=1 sleep=5/8 waiting
[INFO] [Deactivate] voxel=7913 span=1 sleep=2/8 waiting
[INFO] [Deactivate] voxel=7914 span=1 sleep=2/8 waiting
[INFO] [Deactivate] voxel=7923 span=1 sleep=5/8 waiting
[INFO] [Deactivate] voxel=7924 span=1 sleep=5/8 waiting
[INFO] [Deactivate] voxel=7925 span=1 sleep=2/8 waiting
[INFO] [Deactivate] voxel=7926 span=1 sleep=2/8 waiting
[INFO] [Deactivate] voxel=7930 span=1 sleep=5/8 waiting
[INFO] [Deactivate] voxel=7931 span=1 sleep=5/8 waiting
[INFO] [Deactivate] voxel=7932 span=1 sleep=5/8 waiting
[INFO] [Deactivate] voxel=7933 span=1 sleep=5/8 waiting
[INFO] [Deactivate] voxel=7934 span=1 sleep=5/8 waiting
[INFO] [Deactivate] voxel=7935 span=1 sleep=2/8 waiting
[INFO] [Deactivate] voxel=7936 span=1 sleep=2/8 waiting
[INFO] [Deactivate] voxel=7941 span=1 sleep=5/8 waiting
[INFO] [Deactivate] voxel=7942 span=1 sleep=5/8 waiting
[INFO] [Deactivate] voxel=7943 span=1 sleep=5/8 waiting
[INFO] [Deactivate] voxel=7944 span=1 sleep=5/8 waiting
[INFO] [Deactivate] voxel=7945 span=1 sleep=2/8 waiting
[INFO] [Deactivate] voxel=7946 span=1 sleep=2/8 waiting
[INFO] [Deactivate] voxel=7952 span=1 sleep=2/8 waiting
[INFO] [Deactivate] voxel=7953 span=1 sleep=1/8 waiting
[INFO] [Deactivate] voxel=7954 span=1 sleep=1/8 waiting
[INFO] [Deactivate] voxel=7955 span=1 sleep=1/8 waiting
[INFO] [Deactivate] voxel=7965 span=1 sleep=2/8 waiting
[INFO] [Deactivate] voxel=7966 span=1 sleep=2/8 waiting
[INFO] [Deactivate] voxel=7967 span=1 sleep=2/8 waiting
[INFO] [Deactivate] voxel=7968 span=1 sleep=2/8 waiting
[INFO] [Deactivate] voxel=7969 span=1 sleep=2/8 waiting
[INFO] [Deactivate] voxel=7970 span=1 sleep=2/8 waiting
[INFO] [Deactivate] voxel=7971 span=1 sleep=2/8 waiting
[INFO] [Deactivate] voxel=7972 span=1 sleep=2/8 waiting
[INFO] [Deactivate] voxel=7973 span=1 sleep=2/8 waiting
[INFO] [Deactivate] voxel=7974 span=1 sleep=2/8 waiting
[INFO] [Deactivate] voxel=7975 span=1 sleep=2/8 waiting
[INFO] [Deactivate] voxel=7976 span=1 sleep=2/8 waiting
[INFO] [Deactivate] voxel=7977 span=1 sleep=2/8 waiting
[INFO] [Deactivate] voxel=7978 span=1 sleep=1/8 waiting
[INFO] [Deactivate] voxel=7979 span=1 sleep=1/8 waiting
[INFO] [Deactivate] voxel=7980 span=1 sleep=1/8 waiting
[INFO] [Deactivate] voxel=7981 span=1 sleep=1/8 waiting
[INFO] [Deactivate] voxel=7982 span=1 sleep=1/8 waiting
[INFO] [Deactivate] voxel=7983 span=1 sleep=1/8 waiting
[INFO] [Deactivate] voxel=7984 span=1 sleep=1/8 waiting
[INFO] [Deactivate] voxel=7985 span=1 sleep=1/8 waiting
[INFO] [Deactivate] voxel=7986 span=1 sleep=1/8 waiting
[INFO] [Deactivate] voxel=7987 span=1 sleep=1/8 waiting
[INFO] [Deactivate] voxel=7988 span=1 sleep=1/8 waiting
[INFO] [Deactivate] voxel=7989 span=1 sleep=1/8 waiting
[INFO] [Deactivate] voxel=7990 span=1 sleep=1/8 waiting
[INFO] [Deactivate] voxel=7991 span=1 sleep=1/8 waiting
[INFO] [Deactivate] voxel=7992 span=1 sleep=1/8 waiting
[INFO] [Deactivate] voxel=7993 span=1 sleep=1/8 waiting
[INFO] [Deactivate] voxel=7994 span=1 sleep=1/8 waiting
[INFO] [Deactivate] voxel=7995 span=1 sleep=1/8 waiting
[INFO] [Deactivate] voxel=7996 span=1 sleep=1/8 waiting
[INFO] [Deactivate] voxel=7997 span=1 sleep=1/8 waiting
[INFO] [Deactivate] voxel=7998 span=1 sleep=1/8 waiting
[INFO] [Deactivate] voxel=7999 span=1 sleep=1/8 waiting
[INFO] [Deactivate] voxel=8000 span=1 sleep=1/8 waiting
[INFO] [Deactivate] voxel=8001 span=1 sleep=1/8 waiting
[INFO] [Deactivate] voxel=8002 span=1 sleep=1/8 waiting
[INFO] [Deactivate] voxel=8003 span=1 sleep=1/8 waiting
[INFO] [Deactivate] voxel=8004 span=1 sleep=1/8 waiting
[INFO] [Deactivate] voxel=8005 span=1 sleep=1/8 waiting
[INFO] [Deactivate] voxel=8006 span=1 sleep=3/8 waiting
[INFO] [Deactivate] voxel=8007 span=1 sleep=3/8 waiting
[INFO] [Deactivate] voxel=8008 span=1 sleep=3/8 waiting
[INFO] VAO: [ID 8] Unloaded vertex array data from VRAM (GPU)
[INFO] VAO: [ID 9] Mesh uploaded successfully to VRAM (GPU)
[INFO] [RemoveVoxel] idx=7957 voxel_count_before=8009 moved_from=8008 voxel_count_after=8008
[INFO] [RemoveVoxel] idx=7956 voxel_count_before=8008 moved_from=8007 voxel_count_after=8007
[INFO] [RemoveVoxel] idx=7948 voxel_count_before=8007 moved_from=8006 voxel_count_after=8006
[INFO] [RemoveVoxel] idx=7947 voxel_count_before=8006 moved_from=8005 voxel_count_after=8005
[INFO] [RemoveVoxel] idx=7938 voxel_count_before=8005 moved_from=8004 voxel_count_after=8004
[INFO] [RemoveVoxel] idx=7937 voxel_count_before=8004 moved_from=8003 voxel_count_after=8003
[INFO] [RemoveVoxel] idx=7928 voxel_count_before=8003 moved_from=8002 voxel_count_after=8002
[INFO] [RemoveVoxel] idx=7927 voxel_count_before=8002 moved_from=8001 voxel_count_after=8001
[INFO] [RemoveVoxel] idx=7916 voxel_count_before=8001 moved_from=8000 voxel_count_after=8000
[INFO] [RemoveVoxel] idx=7915 voxel_count_before=8000 moved_from=7999 voxel_count_after=7999
[INFO] [RemoveVoxel] idx=7904 voxel_count_before=7999 moved_from=7998 voxel_count_after=7998
[INFO] [RemoveVoxel] idx=7892 voxel_count_before=7998 moved_from=7997 voxel_count_after=7997
[INFO] [RemoveVoxel] idx=7881 voxel_count_before=7997 moved_from=7996 voxel_count_after=7996
[INFO] [RemoveVoxel] idx=7870 voxel_count_before=7996 moved_from=7995 voxel_count_after=7995
[INFO] [RemoveVoxel] idx=7869 voxel_count_before=7995 moved_from=7994 voxel_count_after=7994
[INFO] [RemoveVoxel] idx=7857 voxel_count_before=7994 moved_from=7993 voxel_count_after=7993
[INFO] [RemoveVoxel] idx=7845 voxel_count_before=7993 moved_from=7992 voxel_count_after=7992
[INFO] [RemoveVoxel] idx=7843 voxel_count_before=7992 moved_from=7991 voxel_count_after=7991
[INFO] [RemoveVoxel] idx=7842 voxel_count_before=7991 moved_from=7990 voxel_count_after=7990
[INFO] [RemoveVoxel] idx=7836 voxel_count_before=7990 moved_from=7989 voxel_count_after=7989
[INFO] [RemoveVoxel] idx=7835 voxel_count_before=7989 moved_from=7988 voxel_count_after=7988
[INFO] [RemoveVoxel] idx=7825 voxel_count_before=7988 moved_from=7987 voxel_count_after=7987
[INFO] [RemoveVoxel] idx=7817 voxel_count_before=7987 moved_from=7986 voxel_count_after=7986
[INFO] [RemoveVoxel] idx=7816 voxel_count_before=7986 moved_from=7985 voxel_count_after=7985
[INFO] [RemoveVoxel] idx=7813 voxel_count_before=7985 moved_from=7984 voxel_count_after=7984
[INFO] [RemoveVoxel] idx=7806 voxel_count_before=7984 moved_from=7983 voxel_count_after=7983
[INFO] [RemoveVoxel] idx=7805 voxel_count_before=7983 moved_from=7982 voxel_count_after=7982
[INFO] [RemoveVoxel] idx=7795 voxel_count_before=7982 moved_from=7981 voxel_count_after=7981
[INFO] [RemoveVoxel] idx=7761 voxel_count_before=7981 moved_from=7980 voxel_count_after=7980
[INFO] [RemoveVoxel] idx=7760 voxel_count_before=7980 moved_from=7979 voxel_count_after=7979
[INFO] [RemoveVoxel] idx=7749 voxel_count_before=7979 moved_from=7978 voxel_count_after=7978
[INFO] [RemoveVoxel] idx=7748 voxel_count_before=7978 moved_from=7977 voxel_count_after=7977
[INFO] [RemoveVoxel] idx=7737 voxel_count_before=7977 moved_from=7976 voxel_count_after=7976
[INFO] [RemoveVoxel] idx=7736 voxel_count_before=7976 moved_from=7975 voxel_count_after=7975
[INFO] [RemoveVoxel] idx=7724 voxel_count_before=7975 moved_from=7974 voxel_count_after=7974
[INFO] [Multiscale] Emit span=1 grid=(-5..-5,4..4,-5..-5) pos=(-2.25,2.25,-2.25)
[INFO] [Multiscale] Emit span=1 grid=(-5..-5,5..5,-5..-5) pos=(-2.25,2.75,-2.25)
[INFO] [Multiscale] Emit span=1 grid=(-5..-5,5..5,-4..-4) pos=(-2.25,2.75,-1.75)
[INFO] [Multiscale] Emit span=1 grid=(-5..-5,4..4,-2..-2) pos=(-2.25,2.25,-0.75)
[INFO] [Multiscale] Emit span=1 grid=(-5..-5,5..5,-2..-2) pos=(-2.25,2.75,-0.75)
[INFO] [Multiscale] Emit span=1 grid=(-4..-4,4..4,-1..-1) pos=(-1.75,2.25,-0.25)
[INFO] [Multiscale] Emit span=1 grid=(5..5,4..4,-1..-1) pos=(2.75,2.25,-0.25)
[INFO] [Multiscale] Emit span=1 grid=(-4..-4,5..5,-1..-1) pos=(-1.75,2.75,-0.25)
[INFO] [Multiscale] Emit span=1 grid=(5..5,5..5,-1..-1) pos=(2.75,2.75,-0.25)
[INFO] [Multiscale] Emit span=1 grid=(-4..-4,4..4,0..0) pos=(-1.75,2.25,0.25)
[INFO] [Multiscale] Emit span=1 grid=(-3..-3,4..4,0..0) pos=(-1.25,2.25,0.25)
[INFO] [Multiscale] Emit span=1 grid=(4..4,4..4,0..0) pos=(2.25,2.25,0.25)
[INFO] [Multiscale] Emit span=1 grid=(5..5,4..4,0..0) pos=(2.75,2.25,0.25)
[INFO] [Multiscale] Emit span=1 grid=(-3..-3,5..5,0..0) pos=(-1.25,2.75,0.25)
[INFO] [Multiscale] Emit span=1 grid=(5..5,5..5,0..0) pos=(2.75,2.75,0.25)
[INFO] [Multiscale] Emit span=1 grid=(-3..-3,4..4,1..1) pos=(-1.25,2.25,0.75)
[INFO] [Multiscale] Emit span=1 grid=(-2..-2,4..4,1..1) pos=(-0.75,2.25,0.75)
[INFO] [Multiscale] Emit span=1 grid=(-3..-3,5..5,1..1) pos=(-1.25,2.75,0.75)
[INFO] [Multiscale] Emit span=1 grid=(-2..-2,5..5,1..1) pos=(-0.75,2.75,0.75)
[INFO] [Multiscale] Emit span=1 grid=(-1..-1,5..5,1..1) pos=(-0.25,2.75,0.75)
[INFO] [Multiscale] Emit span=1 grid=(4..4,5..5,1..1) pos=(2.25,2.75,0.75)
[INFO] [Multiscale] Emit span=1 grid=(-2..-2,4..4,2..2) pos=(-0.75,2.25,1.25)
[INFO] [Multiscale] Emit span=1 grid=(2..2,4..4,2..2) pos=(1.25,2.25,1.25)
[INFO] [Multiscale] Emit span=1 grid=(3..3,4..4,2..2) pos=(1.75,2.25,1.25)
[INFO] [Multiscale] Emit span=1 grid=(0..0,5..5,2..2) pos=(0.25,2.75,1.25)
[INFO] [Multiscale] Emit span=1 grid=(1..1,5..5,2..2) pos=(0.75,2.75,1.25)
[INFO] [Multiscale] Emit span=1 grid=(3..3,5..5,2..2) pos=(1.75,2.75,1.25)
[INFO] [Multiscale] Emit span=1 grid=(4..4,5..5,2..2) pos=(2.25,2.75,1.25)
[INFO] [Multiscale] Emit span=1 grid=(1..1,4..4,3..3) pos=(0.75,2.25,1.75)
[INFO] [Multiscale] Emit span=1 grid=(2..2,4..4,3..3) pos=(1.25,2.25,1.75)
[INFO] [Multiscale] Emit span=1 grid=(3..3,4..4,3..3) pos=(1.75,2.25,1.75)
[INFO] [Multiscale] Emit span=1 grid=(1..1,5..5,3..3) pos=(0.75,2.75,1.75)
[INFO] [Multiscale] Emit span=1 grid=(2..2,5..5,3..3) pos=(1.25,2.75,1.75)
[INFO] [Multiscale] Emit span=1 grid=(3..3,5..5,3..3) pos=(1.75,2.75,1.75)
[INFO] [Multiscale] Emit span=1 grid=(2..2,5..5,4..4) pos=(1.25,2.75,2.25)
[INFO] [Multiscale] Converted 35 unit voxels into 35 span clusters
[INFO] [Activation] static->dynamic units=35 spawned=35 base=7974 after=8009
[INFO] [RemoveVoxel] idx=7957 voxel_count_before=8009 moved_from=8008 voxel_count_after=8008
[INFO] [RemoveVoxel] idx=7956 voxel_count_before=8008 moved_from=8007 voxel_count_after=8007
[INFO] [RemoveVoxel] idx=7948 voxel_count_before=8007 moved_from=8006 voxel_count_after=8006
[INFO] [Multiscale] Emit span=1 grid=(-2..-2,4..4,5..5) pos=(-0.75,2.25,2.75)
[INFO] [Multiscale] Emit span=1 grid=(-1..-1,4..4,5..5) pos=(-0.25,2.25,2.75)
[INFO] [Multiscale] Emit span=1 grid=(0..0,4..4,5..5) pos=(0.25,2.25,2.75)
[INFO] [Multiscale] Converted 3 unit voxels into 3 span clusters
[INFO] [Deactivate] voxel=7723 span=1 sleep=3/8 waiting
[INFO] [Deactivate] voxel=7724 span=1 sleep=3/8 waiting
[INFO] [Deactivate] voxel=7736 span=1 sleep=3/8 waiting
[INFO] [Deactivate] voxel=7737 span=1 sleep=3/8 waiting
[INFO] [Deactivate] voxel=7743 span=1 sleep=3/8 waiting
[INFO] [Deactivate] voxel=7748 span=1 sleep=3/8 waiting
[INFO] [Deactivate] voxel=7749 span=1 sleep=2/8 waiting
[INFO] [Deactivate] voxel=7760 span=1 sleep=2/8 waiting
[INFO] [Deactivate] voxel=7761 span=1 sleep=2/8 waiting
[INFO] [Deactivate] voxel=7764 span=1 sleep=6/8 waiting
[INFO] [Deactivate] voxel=7771 span=1 sleep=3/8 waiting
[INFO] [Deactivate] voxel=7775 span=1 sleep=6/8 waiting
[INFO] [Deactivate] voxel=7782 span=1 sleep=3/8 waiting
[INFO] [Deactivate] voxel=7786 span=1 sleep=6/8 waiting
[INFO] [Support] no-static-connection pos=(-1.05,4.07,-3.49) bounds=(-3..-3,8..8,-7..-7)
[INFO] [Deactivate] cluster_support=false count=1 checked=1 invalid=0 reason=no-static-connection
[INFO] [Deactivate] voxel=7789 cluster=1 lacks static support
[INFO] [Deactivate] voxel=7793 span=1 sleep=3/8 waiting
[INFO] [Deactivate] voxel=7794 span=1 sleep=3/8 waiting
[INFO] [Deactivate] voxel=7795 span=1 sleep=2/8 waiting
[INFO] [Deactivate] voxel=7803 span=1 sleep=3/8 waiting
[INFO] [Deactivate] voxel=7804 span=1 sleep=3/8 waiting
[INFO] [Deactivate] voxel=7805 span=1 sleep=2/8 waiting
[INFO] [Deactivate] voxel=7806 span=1 sleep=2/8 waiting
[INFO] [Deactivate] voxel=7809 span=1 sleep=6/8 waiting
[INFO] [Deactivate] voxel=7812 span=1 sleep=6/8 waiting
[INFO] [Deactivate] voxel=7813 span=1 sleep=2/8 waiting
[INFO] [Deactivate] voxel=7814 span=1 sleep=3/8 waiting
[INFO] [Deactivate] voxel=7815 span=1 sleep=3/8 waiting
[INFO] [Deactivate] voxel=7816 span=1 sleep=2/8 waiting
[INFO] [Deactivate] voxel=7817 span=1 sleep=2/8 waiting
[INFO] [Deactivate] voxel=7820 span=1 sleep=3/8 waiting
[INFO] [Deactivate] voxel=7821 span=1 sleep=3/8 waiting
[INFO] [Deactivate] voxel=7822 span=1 sleep=3/8 waiting
[INFO] [Deactivate] voxel=7823 span=2 sleep=6/8 waiting
[INFO] [Deactivate] voxel=7824 span=1 sleep=3/8 waiting
[INFO] [Deactivate] voxel=7825 span=1 sleep=2/8 waiting
[INFO] [Deactivate] voxel=7831 span=1 sleep=3/8 waiting
[INFO] [Deactivate] voxel=7833 span=1 sleep=6/8 waiting
[INFO] [Deactivate] voxel=7834 span=1 sleep=3/8 waiting
[INFO] [Deactivate] voxel=7835 span=1 sleep=2/8 waiting
[INFO] [Deactivate] voxel=7836 span=1 sleep=2/8 waiting
[INFO] [Deactivate] voxel=7842 span=1 sleep=2/8 waiting
[INFO] [Deactivate] voxel=7843 span=1 sleep=2/8 waiting
[INFO] [Deactivate] voxel=7844 span=1 sleep=3/8 waiting
[INFO] [Deactivate] voxel=7845 span=1 sleep=2/8 waiting
[INFO] [Deactivate] voxel=7853 span=2 sleep=6/8 waiting
[INFO] [Deactivate] voxel=7854 span=1 sleep=6/8 waiting
[INFO] [Deactivate] voxel=7855 span=1 sleep=6/8 waiting
[INFO] [Deactivate] voxel=7856 span=1 sleep=6/8 waiting
[INFO] [Deactivate] voxel=7857 span=1 sleep=2/8 waiting
[INFO] [Deactivate] voxel=7864 span=1 sleep=3/8 waiting
[INFO] [Deactivate] voxel=7865 span=1 sleep=3/8 waiting
[INFO] [Deactivate] voxel=7866 span=1 sleep=6/8 waiting
[INFO] [Deactivate] voxel=7867 span=1 sleep=6/8 waiting
[INFO] [Deactivate] voxel=7868 span=1 sleep=6/8 waiting
[INFO] [Deactivate] voxel=7869 span=1 sleep=2/8 waiting
[INFO] [Deactivate] voxel=7870 span=1 sleep=2/8 waiting
[INFO] [Deactivate] voxel=7875 span=2 sleep=6/8 waiting
[INFO] [Deactivate] voxel=7879 span=1 sleep=6/8 waiting
[INFO] [Deactivate] voxel=7880 span=1 sleep=6/8 waiting
[INFO] [Deactivate] voxel=7881 span=1 sleep=2/8 waiting
[INFO] [Deactivate] voxel=7890 span=1 sleep=6/8 waiting
[INFO] [Deactivate] voxel=7891 span=1 sleep=3/8 waiting
[INFO] [Deactivate] voxel=7892 span=1 sleep=2/8 waiting
[INFO] [Deactivate] voxel=7902 span=1 sleep=3/8 waiting
[INFO] [Deactivate] voxel=7903 span=1 sleep=3/8 waiting
[INFO] [Deactivate] voxel=7904 span=1 sleep=2/8 waiting
[INFO] [Deactivate] voxel=7912 span=1 sleep=6/8 waiting
[INFO] [Deactivate] voxel=7913 span=1 sleep=3/8 waiting
[INFO] [Deactivate] voxel=7914 span=1 sleep=3/8 waiting
[INFO] [Deactivate] voxel=7915 span=1 sleep=2/8 waiting
[INFO] [Deactivate] voxel=7916 span=1 sleep=2/8 waiting
[INFO] [Deactivate] voxel=7923 span=1 sleep=6/8 waiting
[INFO] [Deactivate] voxel=7924 span=1 sleep=6/8 waiting
[INFO] [Deactivate] voxel=7925 span=1 sleep=3/8 waiting
[INFO] [Deactivate] voxel=7926 span=1 sleep=3/8 waiting
[INFO] [Deactivate] voxel=7927 span=1 sleep=2/8 waiting
[INFO] [Deactivate] voxel=7928 span=1 sleep=2/8 waiting
[INFO] [Deactivate] voxel=7930 span=1 sleep=6/8 waiting
[INFO] [Deactivate] voxel=7931 span=1 sleep=6/8 waiting
[INFO] [Deactivate] voxel=7932 span=1 sleep=6/8 waiting
[INFO] [Deactivate] voxel=7933 span=1 sleep=6/8 waiting
[INFO] [Deactivate] voxel=7934 span=1 sleep=6/8 waiting
[INFO] [Deactivate] voxel=7935 span=1 sleep=3/8 waiting
[INFO] [Deactivate] voxel=7936 span=1 sleep=3/8 waiting
[INFO] [Deactivate] voxel=7937 span=1 sleep=2/8 waiting
[INFO] [Deactivate] voxel=7938 span=1 sleep=2/8 waiting
[INFO] [Deactivate] voxel=7941 span=1 sleep=6/8 waiting
[INFO] [Deactivate] voxel=7942 span=1 sleep=6/8 waiting
[INFO] [Deactivate] voxel=7943 span=1 sleep=6/8 waiting
[INFO] [Deactivate] voxel=7944 span=1 sleep=6/8 waiting
[INFO] [Deactivate] voxel=7945 span=1 sleep=3/8 waiting
[INFO] [Deactivate] voxel=7946 span=1 sleep=3/8 waiting
[INFO] [Deactivate] voxel=7947 span=1 sleep=2/8 waiting
[INFO] [Deactivate] voxel=7948 span=1 sleep=1/8 waiting
[INFO] [Deactivate] voxel=7952 span=1 sleep=3/8 waiting
[INFO] [Deactivate] voxel=7953 span=1 sleep=2/8 waiting
[INFO] [Deactivate] voxel=7954 span=1 sleep=2/8 waiting
[INFO] [Deactivate] voxel=7955 span=1 sleep=2/8 waiting
[INFO] [Deactivate] voxel=7956 span=1 sleep=1/8 waiting
[INFO] [Deactivate] voxel=7957 span=1 sleep=1/8 waiting
[INFO] [Deactivate] voxel=7965 span=1 sleep=3/8 waiting
[INFO] [Deactivate] voxel=7966 span=1 sleep=3/8 waiting
[INFO] [Deactivate] voxel=7967 span=1 sleep=3/8 waiting
[INFO] [Deactivate] voxel=7968 span=1 sleep=3/8 waiting
[INFO] [Deactivate] voxel=7969 span=1 sleep=3/8 waiting
[INFO] [Deactivate] voxel=7970 span=1 sleep=3/8 waiting
[INFO] [Deactivate] voxel=7971 span=1 sleep=3/8 waiting
[INFO] [Deactivate] voxel=7972 span=1 sleep=3/8 waiting
[INFO] [Deactivate] voxel=7973 span=1 sleep=3/8 waiting
[INFO] [Deactivate] voxel=7974 span=1 sleep=1/8 waiting
[INFO] [Deactivate] voxel=7975 span=1 sleep=1/8 waiting
[INFO] [Deactivate] voxel=7976 span=1 sleep=1/8 waiting
[INFO] [Deactivate] voxel=7977 span=1 sleep=1/8 waiting
[INFO] [Deactivate] voxel=7978 span=1 sleep=1/8 waiting
[INFO] [Deactivate] voxel=7979 span=1 sleep=1/8 waiting
[INFO] [Deactivate] voxel=7980 span=1 sleep=1/8 waiting
[INFO] [Deactivate] voxel=7981 span=1 sleep=1/8 waiting
[INFO] [Deactivate] voxel=7982 span=1 sleep=1/8 waiting
[INFO] [Deactivate] voxel=7983 span=1 sleep=1/8 waiting
[INFO] [Deactivate] voxel=7984 span=1 sleep=1/8 waiting
[INFO] [Deactivate] voxel=7985 span=1 sleep=1/8 waiting
[INFO] [Deactivate] voxel=7986 span=1 sleep=1/8 waiting
[INFO] [Deactivate] voxel=7987 span=1 sleep=1/8 waiting
[INFO] [Deactivate] voxel=7988 span=1 sleep=1/8 waiting
[INFO] [Deactivate] voxel=7989 span=1 sleep=1/8 waiting
[INFO] [Deactivate] voxel=7990 span=1 sleep=1/8 waiting
[INFO] [Deactivate] voxel=7991 span=1 sleep=1/8 waiting
[INFO] [Deactivate] voxel=7992 span=1 sleep=1/8 waiting
[INFO] [Deactivate] voxel=7993 span=1 sleep=1/8 waiting
[INFO] [Deactivate] voxel=7994 span=1 sleep=1/8 waiting
[INFO] [Deactivate] voxel=7995 span=1 sleep=1/8 waiting
[INFO] [Deactivate] voxel=7996 span=1 sleep=1/8 waiting
[INFO] [Deactivate] voxel=7997 span=1 sleep=1/8 waiting
[INFO] [Deactivate] voxel=7998 span=1 sleep=1/8 waiting
[INFO] [Deactivate] voxel=7999 span=1 sleep=1/8 waiting
[INFO] [Deactivate] voxel=8000 span=1 sleep=1/8 waiting
[INFO] [Deactivate] voxel=8001 span=1 sleep=1/8 waiting
[INFO] [Deactivate] voxel=8002 span=1 sleep=1/8 waiting
[INFO] [Deactivate] voxel=8003 span=1 sleep=1/8 waiting
[INFO] [Deactivate] voxel=8004 span=1 sleep=1/8 waiting
[INFO] [Deactivate] voxel=8005 span=1 sleep=1/8 waiting
[INFO] [Deactivate] voxel=8006 span=1 sleep=4/8 waiting
[INFO] [Deactivate] voxel=8007 span=1 sleep=4/8 waiting
[INFO] [Deactivate] voxel=8008 span=1 sleep=4/8 waiting
[INFO] VAO: [ID 9] Unloaded vertex array data from VRAM (GPU)
[INFO] VAO: [ID 10] Mesh uploaded successfully to VRAM (GPU)
[INFO] [RemoveVoxel] idx=7950 voxel_count_before=8010 moved_from=8009 voxel_count_after=8009
[INFO] [RemoveVoxel] idx=7940 voxel_count_before=8009 moved_from=8008 voxel_count_after=8008
[INFO] [RemoveVoxel] idx=7939 voxel_count_before=8008 moved_from=8007 voxel_count_after=8007
[INFO] [RemoveVoxel] idx=7929 voxel_count_before=8007 moved_from=8006 voxel_count_after=8006
[INFO] [RemoveVoxel] idx=7918 voxel_count_before=8006 moved_from=8005 voxel_count_after=8005
[INFO] [RemoveVoxel] idx=7917 voxel_count_before=8005 moved_from=8004 voxel_count_after=8004
[INFO] [RemoveVoxel] idx=7906 voxel_count_before=8004 moved_from=8003 voxel_count_after=8003
[INFO] [RemoveVoxel] idx=7893 voxel_count_before=8003 moved_from=8002 voxel_count_after=8002
[INFO] [RemoveVoxel] idx=7882 voxel_count_before=8002 moved_from=8001 voxel_count_after=8001
[INFO] [RemoveVoxel] idx=7871 voxel_count_before=8001 moved_from=8000 voxel_count_after=8000
[INFO] [RemoveVoxel] idx=7859 voxel_count_before=8000 moved_from=7999 voxel_count_after=7999
[INFO] [RemoveVoxel] idx=7858 voxel_count_before=7999 moved_from=7998 voxel_count_after=7998
[INFO] [RemoveVoxel] idx=7847 voxel_count_before=7998 moved_from=7997 voxel_count_after=7997
[INFO] [RemoveVoxel] idx=7846 voxel_count_before=7997 moved_from=7996 voxel_count_after=7996
[INFO] [RemoveVoxel] idx=7832 voxel_count_before=7996 moved_from=7995 voxel_count_after=7995
[INFO] [RemoveVoxel] idx=7819 voxel_count_before=7995 moved_from=7994 voxel_count_after=7994
[INFO] [RemoveVoxel] idx=7818 voxel_count_before=7994 moved_from=7993 voxel_count_after=7993
[INFO] [RemoveVoxel] idx=7811 voxel_count_before=7993 moved_from=7992 voxel_count_after=7992
[INFO] [RemoveVoxel] idx=7810 voxel_count_before=7992 moved_from=7991 voxel_count_after=7991
[INFO] [RemoveVoxel] idx=7808 voxel_count_before=7991 moved_from=7990 voxel_count_after=7990
[INFO] [RemoveVoxel] idx=7807 voxel_count_before=7990 moved_from=7989 voxel_count_after=7989
[INFO] [RemoveVoxel] idx=7800 voxel_count_before=7989 moved_from=7988 voxel_count_after=7988
[INFO] [RemoveVoxel] idx=7799 voxel_count_before=7988 moved_from=7987 voxel_count_after=7987
[INFO] [RemoveVoxel] idx=7797 voxel_count_before=7987 moved_from=7986 voxel_count_after=7986
[INFO] [RemoveVoxel] idx=7796 voxel_count_before=7986 moved_from=7985 voxel_count_after=7985
[INFO] [RemoveVoxel] idx=7783 voxel_count_before=7985 moved_from=7984 voxel_count_after=7984
[INFO] [RemoveVoxel] idx=7773 voxel_count_before=7984 moved_from=7983 voxel_count_after=7983
[INFO] [RemoveVoxel] idx=7772 voxel_count_before=7983 moved_from=7982 voxel_count_after=7982
[INFO] [RemoveVoxel] idx=7738 voxel_count_before=7982 moved_from=7981 voxel_count_after=7981
[INFO] [RemoveVoxel] idx=7726 voxel_count_before=7981 moved_from=7980 voxel_count_after=7980
[INFO] [RemoveVoxel] idx=7725 voxel_count_before=7980 moved_from=7979 voxel_count_after=7979
[INFO] [Multiscale] Emit span=1 grid=(5..5,3..3,-5..-5) pos=(2.75,1.75,-2.25)
[INFO] [Multiscale] Emit span=1 grid=(5..5,4..4,-5..-5) pos=(2.75,2.25,-2.25)
[INFO] [Multiscale] Emit span=1 grid=(5..5,3..3,-4..-4) pos=(2.75,1.75,-1.75)
[INFO] [Multiscale] Emit span=1 grid=(4..4,4..4,-4..-4) pos=(2.25,2.25,-1.75)
[INFO] [Multiscale] Emit span=1 grid=(5..5,4..4,-4..-4) pos=(2.75,2.25,-1.75)
[INFO] [Multiscale] Emit span=1 grid=(-5..-5,4..4,-1..-1) pos=(-2.25,2.25,-0.25)
[INFO] [Multiscale] Emit span=1 grid=(-5..-5,5..5,-1..-1) pos=(-2.25,2.75,-0.25)
[INFO] [Multiscale] Emit span=1 grid=(-5..-5,4..4,0..0) pos=(-2.25,2.25,0.25)
[INFO] [Multiscale] Emit span=1 grid=(-5..-5,5..5,0..0) pos=(-2.25,2.75,0.25)
[INFO] [Multiscale] Emit span=1 grid=(-4..-4,5..5,0..0) pos=(-1.75,2.75,0.25)
[INFO] [Multiscale] Emit span=1 grid=(-4..-4,4..4,1..1) pos=(-1.75,2.25,0.75)
[INFO] [Multiscale] Emit span=1 grid=(-4..-4,5..5,1..1) pos=(-1.75,2.75,0.75)
[INFO] [Multiscale] Emit span=1 grid=(-1..-1,4..4,2..2) pos=(-0.25,2.25,1.25)
[INFO] [Multiscale] Emit span=1 grid=(0..0,4..4,2..2) pos=(0.25,2.25,1.25)
[INFO] [Multiscale] Emit span=1 grid=(-3..-3,5..5,2..2) pos=(-1.25,2.75,1.25)
[INFO] [Multiscale] Emit span=1 grid=(-2..-2,5..5,2..2) pos=(-0.75,2.75,1.25)
[INFO] [Multiscale] Emit span=1 grid=(-1..-1,5..5,2..2) pos=(-0.25,2.75,1.25)
[INFO] [Multiscale] Emit span=1 grid=(-1..-1,4..4,3..3) pos=(-0.25,2.25,1.75)
[INFO] [Multiscale] Emit span=1 grid=(1..1,4..4,4..4) pos=(0.75,2.25,2.25)
[INFO] [Multiscale] Emit span=1 grid=(2..2,4..4,4..4) pos=(1.25,2.25,2.25)
[INFO] [Multiscale] Emit span=1 grid=(3..3,4..4,4..4) pos=(1.75,2.25,2.25)
[INFO] [Multiscale] Emit span=1 grid=(0..0,5..5,4..4) pos=(0.25,2.75,2.25)
[INFO] [Multiscale] Emit span=1 grid=(1..1,5..5,4..4) pos=(0.75,2.75,2.25)
[INFO] [Multiscale] Emit span=1 grid=(3..3,5..5,4..4) pos=(1.75,2.75,2.25)
[INFO] [Multiscale] Emit span=1 grid=(4..4,5..5,4..4) pos=(2.25,2.75,2.25)
[INFO] [Multiscale] Emit span=1 grid=(1..1,4..4,5..5) pos=(0.75,2.25,2.75)
[INFO] [Multiscale] Emit span=1 grid=(2..2,4..4,5..5) pos=(1.25,2.25,2.75)
[INFO] [Multiscale] Emit span=1 grid=(3..3,4..4,5..5) pos=(1.75,2.25,2.75)
[INFO] [Multiscale] Emit span=1 grid=(1..1,5..5,5..5) pos=(0.75,2.75,2.75)
[INFO] [Multiscale] Emit span=1 grid=(2..2,5..5,5..5) pos=(1.25,2.75,2.75)
[INFO] [Multiscale] Emit span=1 grid=(3..3,5..5,5..5) pos=(1.75,2.75,2.75)
[INFO] [Multiscale] Converted 31 unit voxels into 31 span clusters
[INFO] [Activation] static->dynamic units=31 spawned=31 base=7979 after=8010
[INFO] [Deactivate] voxel=7723 span=1 sleep=4/8 waiting
[INFO] [Deactivate] voxel=7724 span=1 sleep=4/8 waiting
[INFO] [Deactivate] voxel=7725 span=1 sleep=2/8 waiting
[INFO] [Deactivate] voxel=7726 span=1 sleep=2/8 waiting
[INFO] [Deactivate] voxel=7736 span=1 sleep=4/8 waiting
[INFO] [Deactivate] voxel=7737 span=1 sleep=4/8 waiting
[INFO] [Deactivate] voxel=7738 span=1 sleep=2/8 waiting
[INFO] [Deactivate] voxel=7743 span=1 sleep=4/8 waiting
[INFO] [Deactivate] voxel=7748 span=1 sleep=4/8 waiting
[INFO] [Deactivate] voxel=7749 span=1 sleep=3/8 waiting
[INFO] [Deactivate] voxel=7760 span=1 sleep=3/8 waiting
[INFO] [Deactivate] voxel=7761 span=1 sleep=3/8 waiting
[INFO] [Deactivate] voxel=7764 span=1 sleep=7/8 waiting
[INFO] [Deactivate] voxel=7771 span=1 sleep=4/8 waiting
[INFO] [Deactivate] voxel=7772 span=1 sleep=2/8 waiting
[INFO] [Deactivate] voxel=7773 span=1 sleep=2/8 waiting
[INFO] [Deactivate] voxel=7775 span=1 sleep=7/8 waiting
[INFO] [Deactivate] voxel=7782 span=1 sleep=4/8 waiting
[INFO] [Deactivate] voxel=7783 span=1 sleep=2/8 waiting
[INFO] [Deactivate] voxel=7786 span=1 sleep=7/8 waiting
[INFO] [Support] no-static-connection pos=(-1.29,4.76,-3.96) bounds=(-3..-3,9..9,-8..-8)
[INFO] [Deactivate] cluster_support=false count=1 checked=1 invalid=0 reason=no-static-connection
[INFO] [Deactivate] voxel=7789 cluster=1 lacks static support
[INFO] [Deactivate] voxel=7793 span=1 sleep=4/8 waiting
[INFO] [Deactivate] voxel=7794 span=1 sleep=4/8 waiting
[INFO] [Deactivate] voxel=7795 span=1 sleep=3/8 waiting
[INFO] [Deactivate] voxel=7796 span=1 sleep=2/8 waiting
[INFO] [Deactivate] voxel=7797 span=1 sleep=2/8 waiting
[INFO] [Deactivate] voxel=7799 span=1 sleep=2/8 waiting
[INFO] [Deactivate] voxel=7800 span=1 sleep=2/8 waiting
[INFO] [Deactivate] voxel=7803 span=1 sleep=4/8 waiting
[INFO] [Deactivate] voxel=7804 span=1 sleep=4/8 waiting
[INFO] [Deactivate] voxel=7805 span=1 sleep=3/8 waiting
[INFO] [Deactivate] voxel=7806 span=1 sleep=3/8 waiting
[INFO] [Deactivate] voxel=7807 span=1 sleep=2/8 waiting
[INFO] [Deactivate] voxel=7808 span=1 sleep=2/8 waiting
[INFO] [Deactivate] voxel=7809 span=1 sleep=7/8 waiting
[INFO] [Deactivate] voxel=7810 span=1 sleep=2/8 waiting
[INFO] [Deactivate] voxel=7811 span=1 sleep=2/8 waiting
[INFO] [Deactivate] voxel=7812 span=1 sleep=7/8 waiting
[INFO] [Deactivate] voxel=7813 span=1 sleep=3/8 waiting
[INFO] [Deactivate] voxel=7814 span=1 sleep=4/8 waiting
[INFO] [Deactivate] voxel=7815 span=1 sleep=4/8 waiting
[INFO] [Deactivate] voxel=7816 span=1 sleep=3/8 waiting
[INFO] [Deactivate] voxel=7817 span=1 sleep=3/8 waiting
[INFO] [Deactivate] voxel=7818 span=1 sleep=2/8 waiting
[INFO] [Deactivate] voxel=7819 span=1 sleep=2/8 waiting
[INFO] [Deactivate] voxel=7820 span=1 sleep=4/8 waiting
[INFO] [Deactivate] voxel=7821 span=1 sleep=4/8 waiting
[INFO] [Deactivate] voxel=7822 span=1 sleep=4/8 waiting
[INFO] [Deactivate] voxel=7823 span=2 sleep=7/8 waiting
[INFO] [Deactivate] voxel=7824 span=1 sleep=4/8 waiting
[INFO] [Deactivate] voxel=7825 span=1 sleep=3/8 waiting
[INFO] [Deactivate] voxel=7831 span=1 sleep=4/8 waiting
[INFO] [Deactivate] voxel=7832 span=1 sleep=2/8 waiting
[INFO] [Deactivate] voxel=7833 span=1 sleep=7/8 waiting
[INFO] [Deactivate] voxel=7834 span=1 sleep=4/8 waiting
[INFO] [Deactivate] voxel=7835 span=1 sleep=3/8 waiting
[INFO] [Deactivate] voxel=7836 span=1 sleep=3/8 waiting
[INFO] [Deactivate] voxel=7842 span=1 sleep=3/8 waiting
[INFO] [Deactivate] voxel=7843 span=1 sleep=3/8 waiting
[INFO] [Deactivate] voxel=7844 span=1 sleep=4/8 waiting
[INFO] [Deactivate] voxel=7845 span=1 sleep=3/8 waiting
[INFO] [Deactivate] voxel=7846 span=1 sleep=2/8 waiting
[INFO] [Deactivate] voxel=7847 span=1 sleep=2/8 waiting
[INFO] [Deactivate] voxel=7853 span=2 sleep=7/8 waiting
[INFO] [Deactivate] voxel=7854 span=1 sleep=7/8 waiting
[INFO] [Deactivate] voxel=7855 span=1 sleep=7/8 waiting
[INFO] [Deactivate] voxel=7856 span=1 sleep=7/8 waiting
[INFO] [Deactivate] voxel=7857 span=1 sleep=3/8 waiting
[INFO] [Deactivate] voxel=7858 span=1 sleep=2/8 waiting
[INFO] [Deactivate] voxel=7859 span=1 sleep=2/8 waiting
[INFO] [Deactivate] voxel=7864 span=1 sleep=4/8 waiting
[INFO] [Deactivate] voxel=7865 span=1 sleep=4/8 waiting
[INFO] [Deactivate] voxel=7866 span=1 sleep=7/8 waiting
[INFO] [Deactivate] voxel=7867 span=1 sleep=7/8 waiting
[INFO] [Deactivate] voxel=7868 span=1 sleep=7/8 waiting
[INFO] [Deactivate] voxel=7869 span=1 sleep=3/8 waiting
[INFO] [Deactivate] voxel=7870 span=1 sleep=3/8 waiting
[INFO] [Deactivate] voxel=7871 span=1 sleep=2/8 waiting
[INFO] [Deactivate] voxel=7875 span=2 sleep=7/8 waiting
[INFO] [Deactivate] voxel=7879 span=1 sleep=7/8 waiting
[INFO] [Deactivate] voxel=7880 span=1 sleep=7/8 waiting
[INFO] [Deactivate] voxel=7881 span=1 sleep=3/8 waiting
[INFO] [Deactivate] voxel=7882 span=1 sleep=2/8 waiting
[INFO] [Deactivate] voxel=7890 span=1 sleep=7/8 waiting
[INFO] [Deactivate] voxel=7891 span=1 sleep=4/8 waiting
[INFO] [Deactivate] voxel=7892 span=1 sleep=3/8 waiting
[INFO] [Deactivate] voxel=7893 span=1 sleep=2/8 waiting
[INFO] [Deactivate] voxel=7902 span=1 sleep=4/8 waiting
[INFO] [Deactivate] voxel=7903 span=1 sleep=4/8 waiting
[INFO] [Deactivate] voxel=7904 span=1 sleep=3/8 waiting
[INFO] [Deactivate] voxel=7906 span=1 sleep=2/8 waiting
[INFO] [Deactivate] voxel=7912 span=1 sleep=7/8 waiting
[INFO] [Deactivate] voxel=7913 span=1 sleep=4/8 waiting
[INFO] [Deactivate] voxel=7914 span=1 sleep=4/8 waiting
[INFO] [Deactivate] voxel=7915 span=1 sleep=3/8 waiting
[INFO] [Deactivate] voxel=7916 span=1 sleep=3/8 waiting
[INFO] [Deactivate] voxel=7917 span=1 sleep=2/8 waiting
[INFO] [Deactivate] voxel=7918 span=1 sleep=2/8 waiting
[INFO] [Deactivate] voxel=7923 span=1 sleep=7/8 waiting
[INFO] [Deactivate] voxel=7924 span=1 sleep=7/8 waiting
[INFO] [Deactivate] voxel=7925 span=1 sleep=4/8 waiting
[INFO] [Deactivate] voxel=7926 span=1 sleep=4/8 waiting
[INFO] [Deactivate] voxel=7927 span=1 sleep=3/8 waiting
[INFO] [Deactivate] voxel=7928 span=1 sleep=3/8 waiting
[INFO] [Deactivate] voxel=7929 span=1 sleep=5/8 waiting
[INFO] [Deactivate] voxel=7930 span=1 sleep=7/8 waiting
[INFO] [Deactivate] voxel=7931 span=1 sleep=7/8 waiting
[INFO] [Deactivate] voxel=7932 span=1 sleep=7/8 waiting
[INFO] [Deactivate] voxel=7933 span=1 sleep=7/8 waiting
[INFO] [Deactivate] voxel=7934 span=1 sleep=7/8 waiting
[INFO] [Deactivate] voxel=7935 span=1 sleep=4/8 waiting
[INFO] [Deactivate] voxel=7936 span=1 sleep=4/8 waiting
[INFO] [Deactivate] voxel=7937 span=1 sleep=3/8 waiting
[INFO] [Deactivate] voxel=7938 span=1 sleep=3/8 waiting
[INFO] [Deactivate] voxel=7939 span=1 sleep=5/8 waiting
[INFO] [Deactivate] voxel=7940 span=1 sleep=5/8 waiting
[INFO] [Deactivate] voxel=7941 span=1 sleep=7/8 waiting
[INFO] [Deactivate] voxel=7942 span=1 sleep=7/8 waiting
[INFO] [Deactivate] voxel=7943 span=1 sleep=7/8 waiting
[INFO] [Deactivate] voxel=7944 span=1 sleep=7/8 waiting
[INFO] [Deactivate] voxel=7945 span=1 sleep=4/8 waiting
[INFO] [Deactivate] voxel=7946 span=1 sleep=4/8 waiting
[INFO] [Deactivate] voxel=7947 span=1 sleep=3/8 waiting
[INFO] [Deactivate] voxel=7948 span=1 sleep=2/8 waiting
[INFO] [Deactivate] voxel=7952 span=1 sleep=4/8 waiting
[INFO] [Deactivate] voxel=7953 span=1 sleep=3/8 waiting
[INFO] [Deactivate] voxel=7954 span=1 sleep=3/8 waiting
[INFO] [Deactivate] voxel=7955 span=1 sleep=3/8 waiting
[INFO] [Deactivate] voxel=7956 span=1 sleep=2/8 waiting
[INFO] [Deactivate] voxel=7957 span=1 sleep=2/8 waiting
[INFO] [Deactivate] voxel=7965 span=1 sleep=4/8 waiting
[INFO] [Deactivate] voxel=7966 span=1 sleep=4/8 waiting
[INFO] [Deactivate] voxel=7967 span=1 sleep=4/8 waiting
[INFO] [Deactivate] voxel=7968 span=1 sleep=4/8 waiting
[INFO] [Deactivate] voxel=7969 span=1 sleep=4/8 waiting
[INFO] [Deactivate] voxel=7970 span=1 sleep=4/8 waiting
[INFO] [Deactivate] voxel=7971 span=1 sleep=4/8 waiting
[INFO] [Deactivate] voxel=7972 span=1 sleep=4/8 waiting
[INFO] [Deactivate] voxel=7973 span=1 sleep=4/8 waiting
[INFO] [Deactivate] voxel=7974 span=1 sleep=2/8 waiting
[INFO] [Deactivate] voxel=7975 span=1 sleep=2/8 waiting
[INFO] [Deactivate] voxel=7976 span=1 sleep=2/8 waiting
[INFO] [Deactivate] voxel=7977 span=1 sleep=2/8 waiting
[INFO] [Deactivate] voxel=7978 span=1 sleep=2/8 waiting
[INFO] [Deactivate] voxel=7979 span=1 sleep=1/8 waiting
[INFO] [Deactivate] voxel=7980 span=1 sleep=1/8 waiting
[INFO] [Deactivate] voxel=7981 span=1 sleep=1/8 waiting
[INFO] [Deactivate] voxel=7982 span=1 sleep=1/8 waiting
[INFO] [Deactivate] voxel=7983 span=1 sleep=1/8 waiting
[INFO] [Deactivate] voxel=7984 span=1 sleep=1/8 waiting
[INFO] [Deactivate] voxel=7985 span=1 sleep=1/8 waiting
[INFO] [Deactivate] voxel=7986 span=1 sleep=1/8 waiting
[INFO] [Deactivate] voxel=7987 span=1 sleep=1/8 waiting
[INFO] [Deactivate] voxel=7988 span=1 sleep=1/8 waiting
[INFO] [Deactivate] voxel=7989 span=1 sleep=1/8 waiting
[INFO] [Deactivate] voxel=7990 span=1 sleep=1/8 waiting
[INFO] [Deactivate] voxel=7991 span=1 sleep=1/8 waiting
[INFO] [Deactivate] voxel=7992 span=1 sleep=1/8 waiting
[INFO] [Deactivate] voxel=7993 span=1 sleep=1/8 waiting
[INFO] [Deactivate] voxel=7994 span=1 sleep=1/8 waiting
[INFO] [Deactivate] voxel=7995 span=1 sleep=1/8 waiting
[INFO] [Deactivate] voxel=7996 span=1 sleep=1/8 waiting
[INFO] [Deactivate] voxel=7997 span=1 sleep=1/8 waiting
[INFO] [Deactivate] voxel=7998 span=1 sleep=1/8 waiting
[INFO] [Deactivate] voxel=7999 span=1 sleep=1/8 waiting
[INFO] [Deactivate] voxel=8000 span=1 sleep=1/8 waiting
[INFO] [Deactivate] voxel=8001 span=1 sleep=1/8 waiting
[INFO] [Deactivate] voxel=8002 span=1 sleep=1/8 waiting
[INFO] [Deactivate] voxel=8003 span=1 sleep=1/8 waiting
[INFO] [Deactivate] voxel=8004 span=1 sleep=1/8 waiting
[INFO] [Deactivate] voxel=8005 span=1 sleep=1/8 waiting
[INFO] [Deactivate] voxel=8006 span=1 sleep=1/8 waiting
[INFO] [Deactivate] voxel=8007 span=1 sleep=1/8 waiting
[INFO] [Deactivate] voxel=8008 span=1 sleep=1/8 waiting
[INFO] [Deactivate] voxel=8009 span=1 sleep=1/8 waiting
[INFO] VAO: [ID 10] Unloaded vertex array data from VRAM (GPU)
[INFO] VAO: [ID 11] Mesh uploaded successfully to VRAM (GPU)
[INFO] [RemoveVoxel] idx=7962 voxel_count_before=8010 moved_from=8009 voxel_count_after=8009
[INFO] [RemoveVoxel] idx=7961 voxel_count_before=8009 moved_from=8008 voxel_count_after=8008
[INFO] [RemoveVoxel] idx=7960 voxel_count_before=8008 moved_from=8007 voxel_count_after=8007
[INFO] [RemoveVoxel] idx=7959 voxel_count_before=8007 moved_from=8006 voxel_count_after=8006
[INFO] [RemoveVoxel] idx=7958 voxel_count_before=8006 moved_from=8005 voxel_count_after=8005
[INFO] [RemoveVoxel] idx=7951 voxel_count_before=8005 moved_from=8004 voxel_count_after=8004
[INFO] [RemoveVoxel] idx=7949 voxel_count_before=8004 moved_from=8003 voxel_count_after=8003
[INFO] [RemoveVoxel] idx=7907 voxel_count_before=8003 moved_from=8002 voxel_count_after=8002
[INFO] [RemoveVoxel] idx=7905 voxel_count_before=8002 moved_from=8001 voxel_count_after=8001
[INFO] [RemoveVoxel] idx=7899 voxel_count_before=8001 moved_from=8000 voxel_count_after=8000
[INFO] [RemoveVoxel] idx=7896 voxel_count_before=8000 moved_from=7999 voxel_count_after=7999
[INFO] [RemoveVoxel] idx=7895 voxel_count_before=7999 moved_from=7998 voxel_count_after=7998
[INFO] [RemoveVoxel] idx=7894 voxel_count_before=7998 moved_from=7997 voxel_count_after=7997
[INFO] [RemoveVoxel] idx=7884 voxel_count_before=7997 moved_from=7996 voxel_count_after=7996
[INFO] [RemoveVoxel] idx=7849 voxel_count_before=7996 moved_from=7995 voxel_count_after=7995
[INFO] [RemoveVoxel] idx=7848 voxel_count_before=7995 moved_from=7994 voxel_count_after=7994
[INFO] [RemoveVoxel] idx=7841 voxel_count_before=7994 moved_from=7993 voxel_count_after=7993
[INFO] [RemoveVoxel] idx=7840 voxel_count_before=7993 moved_from=7992 voxel_count_after=7992
[INFO] [RemoveVoxel] idx=7839 voxel_count_before=7992 moved_from=7991 voxel_count_after=7991
[INFO] [RemoveVoxel] idx=7837 voxel_count_before=7991 moved_from=7990 voxel_count_after=7990
[INFO] [RemoveVoxel] idx=7830 voxel_count_before=7990 moved_from=7989 voxel_count_after=7989
[INFO] [RemoveVoxel] idx=7829 voxel_count_before=7989 moved_from=7988 voxel_count_after=7988
[INFO] [RemoveVoxel] idx=7828 voxel_count_before=7988 moved_from=7987 voxel_count_after=7987
[INFO] [RemoveVoxel] idx=7826 voxel_count_before=7987 moved_from=7986 voxel_count_after=7986
[INFO] [RemoveVoxel] idx=7785 voxel_count_before=7986 moved_from=7985 voxel_count_after=7985
[INFO] [RemoveVoxel] idx=7784 voxel_count_before=7985 moved_from=7984 voxel_count_after=7984
[INFO] [RemoveVoxel] idx=7774 voxel_count_before=7984 moved_from=7983 voxel_count_after=7983
[INFO] [RemoveVoxel] idx=7727 voxel_count_before=7983 moved_from=7982 voxel_count_after=7982
[INFO] [Multiscale] Emit span=1 grid=(-5..-5,4..4,1..1) pos=(-2.25,2.25,0.75)
[INFO] [Multiscale] Emit span=1 grid=(4..4,4..4,1..1) pos=(2.25,2.25,0.75)
[INFO] [Multiscale] Emit span=1 grid=(5..5,4..4,1..1) pos=(2.75,2.25,0.75)
[INFO] [Multiscale] Emit span=1 grid=(-5..-5,5..5,1..1) pos=(-2.25,2.75,0.75)
[INFO] [Multiscale] Emit span=1 grid=(5..5,5..5,1..1) pos=(2.75,2.75,0.75)
[INFO] [Multiscale] Emit span=1 grid=(-5..-5,5..5,2..2) pos=(-2.25,2.75,1.25)
[INFO] [Multiscale] Emit span=1 grid=(5..5,5..5,2..2) pos=(2.75,2.75,1.25)
[INFO] [Multiscale] Emit span=1 grid=(0..0,4..4,3..3) pos=(0.25,2.25,1.75)
[INFO] [Multiscale] Emit span=1 grid=(4..4,4..4,3..3) pos=(2.25,2.25,1.75)
[INFO] [Multiscale] Emit span=1 grid=(5..5,4..4,3..3) pos=(2.75,2.25,1.75)
[INFO] [Multiscale] Emit span=1 grid=(-1..-1,5..5,3..3) pos=(-0.25,2.75,1.75)
[INFO] [Multiscale] Emit span=1 grid=(0..0,5..5,3..3) pos=(0.25,2.75,1.75)
[INFO] [Multiscale] Emit span=1 grid=(4..4,5..5,3..3) pos=(2.25,2.75,1.75)
[INFO] [Multiscale] Emit span=1 grid=(5..5,5..5,3..3) pos=(2.75,2.75,1.75)
[INFO] [Multiscale] Emit span=1 grid=(4..4,3..3,4..4) pos=(2.25,1.75,2.25)
[INFO] [Multiscale] Emit span=1 grid=(-1..-1,4..4,4..4) pos=(-0.25,2.25,2.25)
[INFO] [Multiscale] Emit span=1 grid=(0..0,4..4,4..4) pos=(0.25,2.25,2.25)
[INFO] [Multiscale] Emit span=1 grid=(4..4,4..4,4..4) pos=(2.25,2.25,2.25)
[INFO] [Multiscale] Emit span=1 grid=(5..5,4..4,4..4) pos=(2.75,2.25,2.25)
[INFO] [Multiscale] Emit span=1 grid=(-2..-2,5..5,4..4) pos=(-0.75,2.75,2.25)
[INFO] [Multiscale] Emit span=1 grid=(-1..-1,5..5,4..4) pos=(-0.25,2.75,2.25)
[INFO] [Multiscale] Emit span=1 grid=(5..5,5..5,4..4) pos=(2.75,2.75,2.25)
[INFO] [Multiscale] Emit span=1 grid=(4..4,4..4,5..5) pos=(2.25,2.25,2.75)
[INFO] [Multiscale] Emit span=1 grid=(5..5,4..4,5..5) pos=(2.75,2.25,2.75)
[INFO] [Multiscale] Emit span=1 grid=(-1..-1,5..5,5..5) pos=(-0.25,2.75,2.75)
[INFO] [Multiscale] Emit span=1 grid=(0..0,5..5,5..5) pos=(0.25,2.75,2.75)
[INFO] [Multiscale] Emit span=1 grid=(4..4,5..5,5..5) pos=(2.25,2.75,2.75)
[INFO] [Multiscale] Emit span=1 grid=(5..5,5..5,5..5) pos=(2.75,2.75,2.75)
[INFO] [Multiscale] Converted 28 unit voxels into 28 span clusters
[INFO] [Activation] static->dynamic units=28 spawned=28 base=7982 after=8010
[INFO] [Deactivate] voxel=7723 span=1 sleep=5/8 waiting
[INFO] [Deactivate] voxel=7724 span=1 sleep=5/8 waiting
[INFO] [Deactivate] voxel=7725 span=1 sleep=3/8 waiting
[INFO] [Deactivate] voxel=7726 span=1 sleep=3/8 waiting
[INFO] [Deactivate] voxel=7727 span=1 sleep=2/8 waiting
[INFO] [Deactivate] voxel=7736 span=1 sleep=5/8 waiting
[INFO] [Deactivate] voxel=7737 span=1 sleep=5/8 waiting
[INFO] [Deactivate] voxel=7738 span=1 sleep=3/8 waiting
[INFO] [Deactivate] voxel=7743 span=1 sleep=5/8 waiting
[INFO] [Deactivate] voxel=7748 span=1 sleep=5/8 waiting
[INFO] [Deactivate] voxel=7749 span=1 sleep=4/8 waiting
[INFO] [Deactivate] voxel=7760 span=1 sleep=4/8 waiting
[INFO] [Deactivate] voxel=7761 span=1 sleep=4/8 waiting
[INFO] [Deactivate] voxel=7764 cluster_ready=false fail_idx=7936 sleep=5 reason=insufficient-sleep
[INFO] [Deactivate] voxel=7771 span=1 sleep=5/8 waiting
[INFO] [Deactivate] voxel=7772 span=1 sleep=3/8 waiting
[INFO] [Deactivate] voxel=7773 span=1 sleep=3/8 waiting
[INFO] [Deactivate] voxel=7774 span=1 sleep=2/8 waiting
[INFO] [Deactivate] voxel=7775 span=1 sleep=7/8 waiting
[INFO] [Deactivate] voxel=7782 span=1 sleep=5/8 waiting
[INFO] [Deactivate] voxel=7783 span=1 sleep=3/8 waiting
[INFO] [Deactivate] voxel=7784 span=1 sleep=2/8 waiting
[INFO] [Deactivate] voxel=7785 span=1 sleep=2/8 waiting
[INFO] [Deactivate] voxel=7786 span=1 sleep=7/8 waiting
[INFO] [Support] no-static-connection pos=(-1.52,5.25,-4.43) bounds=(-4..-4,10..10,-9..-9)
[INFO] [Deactivate] cluster_support=false count=1 checked=1 invalid=0 reason=no-static-connection
[INFO] [Deactivate] voxel=7789 cluster=1 lacks static support
[INFO] [Deactivate] voxel=7793 span=1 sleep=5/8 waiting
[INFO] [Deactivate] voxel=7794 span=1 sleep=5/8 waiting
[INFO] [Deactivate] voxel=7795 span=1 sleep=4/8 waiting
[INFO] [Deactivate] voxel=7796 span=1 sleep=3/8 waiting
[INFO] [Deactivate] voxel=7797 span=1 sleep=3/8 waiting
[INFO] [Deactivate] voxel=7799 span=1 sleep=3/8 waiting
[INFO] [Deactivate] voxel=7800 span=1 sleep=3/8 waiting
[INFO] [Deactivate] voxel=7803 span=1 sleep=5/8 waiting
[INFO] [Deactivate] voxel=7804 span=1 sleep=5/8 waiting
[INFO] [Deactivate] voxel=7805 span=1 sleep=4/8 waiting
[INFO] [Deactivate] voxel=7806 span=1 sleep=4/8 waiting
[INFO] [Deactivate] voxel=7807 span=1 sleep=3/8 waiting
[INFO] [Deactivate] voxel=7808 span=1 sleep=3/8 waiting
[INFO] [Deactivate] voxel=7809 span=1 sleep=7/8 waiting
[INFO] [Deactivate] voxel=7810 span=1 sleep=3/8 waiting
[INFO] [Deactivate] voxel=7811 span=1 sleep=3/8 waiting
[INFO] [Deactivate] voxel=7812 span=1 sleep=7/8 waiting
[INFO] [Deactivate] voxel=7813 span=1 sleep=4/8 waiting
[INFO] [Deactivate] voxel=7814 span=1 sleep=5/8 waiting
[INFO] [Deactivate] voxel=7815 span=1 sleep=5/8 waiting
[INFO] [Deactivate] voxel=7816 span=1 sleep=4/8 waiting
[INFO] [Deactivate] voxel=7817 span=1 sleep=4/8 waiting
[INFO] [Deactivate] voxel=7818 span=1 sleep=3/8 waiting
[INFO] [Deactivate] voxel=7819 span=1 sleep=3/8 waiting
[INFO] [Deactivate] voxel=7820 span=1 sleep=5/8 waiting
[INFO] [Deactivate] voxel=7821 span=1 sleep=5/8 waiting
[INFO] [Deactivate] voxel=7822 span=1 sleep=5/8 waiting
[INFO] [Deactivate] voxel=7823 span=2 sleep=7/8 waiting
[INFO] [Deactivate] voxel=7824 span=1 sleep=5/8 waiting
[INFO] [Deactivate] voxel=7825 span=1 sleep=4/8 waiting
[INFO] [Deactivate] voxel=7826 span=1 sleep=2/8 waiting
[INFO] [Deactivate] voxel=7828 span=1 sleep=2/8 waiting
[INFO] [Deactivate] voxel=7829 span=1 sleep=2/8 waiting
[INFO] [Deactivate] voxel=7830 span=1 sleep=2/8 waiting
[INFO] [Deactivate] voxel=7831 span=1 sleep=5/8 waiting
[INFO] [Deactivate] voxel=7832 span=1 sleep=3/8 waiting
[INFO] [Deactivate] voxel=7833 span=1 sleep=7/8 waiting
[INFO] [Deactivate] voxel=7834 span=1 sleep=5/8 waiting
[INFO] [Deactivate] voxel=7835 span=1 sleep=4/8 waiting
[INFO] [Deactivate] voxel=7836 span=1 sleep=4/8 waiting
[INFO] [Deactivate] voxel=7837 span=1 sleep=2/8 waiting
[INFO] [Deactivate] voxel=7839 span=1 sleep=2/8 waiting
[INFO] [Deactivate] voxel=7840 span=1 sleep=2/8 waiting
[INFO] [Deactivate] voxel=7841 span=1 sleep=2/8 waiting
[INFO] [Deactivate] voxel=7842 span=1 sleep=4/8 waiting
[INFO] [Deactivate] voxel=7843 span=1 sleep=4/8 waiting
[INFO] [Deactivate] voxel=7844 span=1 sleep=5/8 waiting
[INFO] [Deactivate] voxel=7845 span=1 sleep=4/8 waiting
[INFO] [Deactivate] voxel=7846 span=1 sleep=3/8 waiting
[INFO] [Deactivate] voxel=7847 span=1 sleep=3/8 waiting
[INFO] [Deactivate] voxel=7848 span=1 sleep=2/8 waiting
[INFO] [Deactivate] voxel=7849 span=1 sleep=2/8 waiting
[INFO] [Deactivate] voxel=7853 span=2 sleep=7/8 waiting
[INFO] [Deactivate] voxel=7854 span=1 sleep=7/8 waiting
[INFO] [Deactivate] voxel=7855 span=1 sleep=7/8 waiting
[INFO] [Deactivate] voxel=7856 span=1 sleep=7/8 waiting
[INFO] [Deactivate] voxel=7857 span=1 sleep=4/8 waiting
[INFO] [Deactivate] voxel=7858 span=1 sleep=3/8 waiting
[INFO] [Deactivate] voxel=7859 span=1 sleep=3/8 waiting
[INFO] [Deactivate] voxel=7864 span=1 sleep=5/8 waiting
[INFO] [Deactivate] voxel=7865 span=1 sleep=5/8 waiting
[INFO] [Deactivate] voxel=7866 span=1 sleep=7/8 waiting
[INFO] [Deactivate] voxel=7867 span=1 sleep=7/8 waiting
[INFO] [Deactivate] voxel=7868 span=1 sleep=7/8 waiting
[INFO] [Deactivate] voxel=7869 span=1 sleep=4/8 waiting
[INFO] [Deactivate] voxel=7870 span=1 sleep=4/8 waiting
[INFO] [Deactivate] voxel=7871 span=1 sleep=3/8 waiting
[INFO] [Deactivate] voxel=7875 span=2 sleep=7/8 waiting
[INFO] [Deactivate] voxel=7879 span=1 sleep=7/8 waiting
[INFO] [Deactivate] voxel=7880 span=1 sleep=7/8 waiting
[INFO] [Deactivate] voxel=7881 span=1 sleep=4/8 waiting
[INFO] [Deactivate] voxel=7882 span=1 sleep=3/8 waiting
[INFO] [Deactivate] voxel=7884 span=1 sleep=2/8 waiting
[INFO] [Deactivate] voxel=7890 span=1 sleep=7/8 waiting
[INFO] [Deactivate] voxel=7891 span=1 sleep=5/8 waiting
[INFO] [Deactivate] voxel=7892 span=1 sleep=4/8 waiting
[INFO] [Deactivate] voxel=7893 span=1 sleep=3/8 waiting
[INFO] [Deactivate] voxel=7894 span=1 sleep=2/8 waiting
[INFO] [Deactivate] voxel=7895 span=1 sleep=2/8 waiting
[INFO] [Deactivate] voxel=7896 span=1 sleep=2/8 waiting
[INFO] [Deactivate] voxel=7899 span=1 sleep=2/8 waiting
[INFO] [Deactivate] voxel=7902 span=1 sleep=5/8 waiting
[INFO] [Deactivate] voxel=7903 span=1 sleep=5/8 waiting
[INFO] [Deactivate] voxel=7904 span=1 sleep=4/8 waiting
[INFO] [Deactivate] voxel=7905 span=1 sleep=2/8 waiting
[INFO] [Deactivate] voxel=7906 span=1 sleep=3/8 waiting
[INFO] [Deactivate] voxel=7907 span=1 sleep=2/8 waiting
[INFO] [Deactivate] voxel=7912 span=1 sleep=7/8 waiting
[INFO] [Deactivate] voxel=7913 span=1 sleep=5/8 waiting
[INFO] [Deactivate] voxel=7914 span=1 sleep=5/8 waiting
[INFO] [Deactivate] voxel=7915 span=1 sleep=4/8 waiting
[INFO] [Deactivate] voxel=7916 span=1 sleep=4/8 waiting
[INFO] [Deactivate] voxel=7917 span=1 sleep=3/8 waiting
[INFO] [Deactivate] voxel=7918 span=1 sleep=3/8 waiting
[INFO] [Deactivate] voxel=7923 span=1 sleep=7/8 waiting
[INFO] [Deactivate] voxel=7924 span=1 sleep=7/8 waiting
[INFO] [Deactivate] voxel=7925 span=1 sleep=5/8 waiting
[INFO] [Deactivate] voxel=7926 span=1 sleep=5/8 waiting
[INFO] [Deactivate] voxel=7927 span=1 sleep=4/8 waiting
[INFO] [Deactivate] voxel=7928 span=1 sleep=4/8 waiting
[INFO] [Deactivate] voxel=7929 span=1 sleep=6/8 waiting
[INFO] [Deactivate] voxel=7930 span=1 sleep=7/8 waiting
[INFO] [Deactivate] voxel=7931 span=1 sleep=7/8 waiting
[INFO] [Deactivate] voxel=7932 span=1 sleep=7/8 waiting
[INFO] [Deactivate] voxel=7933 span=1 sleep=7/8 waiting
[INFO] [Deactivate] voxel=7934 span=1 sleep=7/8 waiting
[INFO] [Deactivate] voxel=7935 span=1 sleep=5/8 waiting
[INFO] [Deactivate] voxel=7936 span=1 sleep=5/8 waiting
[INFO] [Deactivate] voxel=7937 span=1 sleep=4/8 waiting
[INFO] [Deactivate] voxel=7938 span=1 sleep=4/8 waiting
[INFO] [Deactivate] voxel=7939 span=1 sleep=6/8 waiting
[INFO] [Deactivate] voxel=7940 span=1 sleep=6/8 waiting
[INFO] [Deactivate] voxel=7941 span=1 sleep=7/8 waiting
[INFO] [Deactivate] voxel=7942 span=1 sleep=7/8 waiting
[INFO] [Deactivate] voxel=7943 span=1 sleep=7/8 waiting
[INFO] [Deactivate] voxel=7944 span=1 sleep=7/8 waiting
[INFO] [Deactivate] voxel=7945 span=1 sleep=5/8 waiting
[INFO] [Deactivate] voxel=7946 span=1 sleep=5/8 waiting
[INFO] [Deactivate] voxel=7947 span=1 sleep=4/8 waiting
[INFO] [Deactivate] voxel=7948 span=1 sleep=3/8 waiting
[INFO] [Deactivate] voxel=7949 span=1 sleep=2/8 waiting
[INFO] [Deactivate] voxel=7951 span=1 sleep=2/8 waiting
[INFO] [Deactivate] voxel=7952 span=1 sleep=5/8 waiting
[INFO] [Deactivate] voxel=7953 span=1 sleep=4/8 waiting
[INFO] [Deactivate] voxel=7954 span=1 sleep=4/8 waiting
[INFO] [Deactivate] voxel=7955 span=1 sleep=4/8 waiting
[INFO] [Deactivate] voxel=7956 span=1 sleep=3/8 waiting
[INFO] [Deactivate] voxel=7957 span=1 sleep=3/8 waiting
[INFO] [Deactivate] voxel=7958 span=1 sleep=2/8 waiting
[INFO] [Deactivate] voxel=7959 span=1 sleep=2/8 waiting
[INFO] [Deactivate] voxel=7960 span=1 sleep=2/8 waiting
[INFO] [Deactivate] voxel=7961 span=1 sleep=2/8 waiting
[INFO] [Deactivate] voxel=7962 span=1 sleep=2/8 waiting
[INFO] [Deactivate] voxel=7965 span=1 sleep=5/8 waiting
[INFO] [Deactivate] voxel=7966 span=1 sleep=5/8 waiting
[INFO] [Deactivate] voxel=7967 span=1 sleep=5/8 waiting
[INFO] [Deactivate] voxel=7968 span=1 sleep=5/8 waiting
[INFO] [Deactivate] voxel=7969 span=1 sleep=5/8 waiting
[INFO] [Deactivate] voxel=7970 span=1 sleep=5/8 waiting
[INFO] [Deactivate] voxel=7971 span=1 sleep=5/8 waiting
[INFO] [Deactivate] voxel=7972 span=1 sleep=5/8 waiting
[INFO] [Deactivate] voxel=7973 span=1 sleep=5/8 waiting
[INFO] [Deactivate] voxel=7974 span=1 sleep=3/8 waiting
[INFO] [Deactivate] voxel=7975 span=1 sleep=3/8 waiting
[INFO] [Deactivate] voxel=7976 span=1 sleep=3/8 waiting
[INFO] [Deactivate] voxel=7977 span=1 sleep=3/8 waiting
[INFO] [Deactivate] voxel=7978 span=1 sleep=3/8 waiting
[INFO] [Deactivate] voxel=7979 span=1 sleep=2/8 waiting
[INFO] [Deactivate] voxel=7980 span=1 sleep=2/8 waiting
[INFO] [Deactivate] voxel=7981 span=1 sleep=2/8 waiting
[INFO] [Deactivate] voxel=7982 span=1 sleep=1/8 waiting
[INFO] [Deactivate] voxel=7983 span=1 sleep=1/8 waiting
[INFO] [Deactivate] voxel=7984 span=1 sleep=1/8 waiting
[INFO] [Deactivate] voxel=7985 span=1 sleep=1/8 waiting
[INFO] [Deactivate] voxel=7986 span=1 sleep=1/8 waiting
[INFO] [Deactivate] voxel=7987 span=1 sleep=1/8 waiting
[INFO] [Deactivate] voxel=7988 span=1 sleep=1/8 waiting
[INFO] [Deactivate] voxel=7989 span=1 sleep=1/8 waiting
[INFO] [Deactivate] voxel=7990 span=1 sleep=1/8 waiting
[INFO] [Deactivate] voxel=7991 span=1 sleep=1/8 waiting
[INFO] [Deactivate] voxel=7992 span=1 sleep=1/8 waiting
[INFO] [Deactivate] voxel=7993 span=1 sleep=1/8 waiting
[INFO] [Deactivate] voxel=7994 span=1 sleep=1/8 waiting
[INFO] [Deactivate] voxel=7995 span=1 sleep=1/8 waiting
[INFO] [Deactivate] voxel=7996 span=1 sleep=1/8 waiting
[INFO] [Deactivate] voxel=7997 span=1 sleep=1/8 waiting
[INFO] [Deactivate] voxel=7998 span=1 sleep=1/8 waiting
[INFO] [Deactivate] voxel=7999 span=1 sleep=1/8 waiting
[INFO] [Deactivate] voxel=8000 span=1 sleep=1/8 waiting
[INFO] [Deactivate] voxel=8001 span=1 sleep=1/8 waiting
[INFO] [Deactivate] voxel=8002 span=1 sleep=1/8 waiting
[INFO] [Deactivate] voxel=8003 span=1 sleep=1/8 waiting
[INFO] [Deactivate] voxel=8004 span=1 sleep=1/8 waiting
[INFO] [Deactivate] voxel=8005 span=1 sleep=1/8 waiting
[INFO] [Deactivate] voxel=8006 span=1 sleep=1/8 waiting
[INFO] [Deactivate] voxel=8007 span=1 sleep=1/8 waiting
[INFO] [Deactivate] voxel=8008 span=1 sleep=1/8 waiting
[INFO] [Deactivate] voxel=8009 span=1 sleep=1/8 waiting
[INFO] VAO: [ID 11] Unloaded vertex array data from VRAM (GPU)
[INFO] VAO: [ID 12] Mesh uploaded successfully to VRAM (GPU)
[INFO] [RemoveVoxel] idx=7885 voxel_count_before=8010 moved_from=8009 voxel_count_after=8009
[INFO] [RemoveVoxel] idx=7883 voxel_count_before=8009 moved_from=8008 voxel_count_after=8008
[INFO] [RemoveVoxel] idx=7874 voxel_count_before=8008 moved_from=8007 voxel_count_after=8007
[INFO] [RemoveVoxel] idx=7873 voxel_count_before=8007 moved_from=8006 voxel_count_after=8006
[INFO] [RemoveVoxel] idx=7872 voxel_count_before=8006 moved_from=8005 voxel_count_after=8005
[INFO] [RemoveVoxel] idx=7862 voxel_count_before=8005 moved_from=8004 voxel_count_after=8004
[INFO] [RemoveVoxel] idx=7861 voxel_count_before=8004 moved_from=8003 voxel_count_after=8003
[INFO] [RemoveVoxel] idx=7860 voxel_count_before=8003 moved_from=8002 voxel_count_after=8002
[INFO] [RemoveVoxel] idx=7851 voxel_count_before=8002 moved_from=8001 voxel_count_after=8001
[INFO] [RemoveVoxel] idx=7850 voxel_count_before=8001 moved_from=8000 voxel_count_after=8000
[INFO] [RemoveVoxel] idx=7838 voxel_count_before=8000 moved_from=7999 voxel_count_after=7999
[INFO] [RemoveVoxel] idx=7827 voxel_count_before=7999 moved_from=7998 voxel_count_after=7998
[INFO] [RemoveVoxel] idx=7763 voxel_count_before=7998 moved_from=7997 voxel_count_after=7997
[INFO] [RemoveVoxel] idx=7762 voxel_count_before=7997 moved_from=7996 voxel_count_after=7996
[INFO] [RemoveVoxel] idx=7753 voxel_count_before=7996 moved_from=7995 voxel_count_after=7995
[INFO] [RemoveVoxel] idx=7752 voxel_count_before=7995 moved_from=7994 voxel_count_after=7994
[INFO] [RemoveVoxel] idx=7751 voxel_count_before=7994 moved_from=7993 voxel_count_after=7993
[INFO] [RemoveVoxel] idx=7750 voxel_count_before=7993 moved_from=7992 voxel_count_after=7992
[INFO] [RemoveVoxel] idx=7740 voxel_count_before=7992 moved_from=7991 voxel_count_after=7991
[INFO] [RemoveVoxel] idx=7739 voxel_count_before=7991 moved_from=7990 voxel_count_after=7990
[INFO] [RemoveVoxel] idx=7729 voxel_count_before=7990 moved_from=7989 voxel_count_after=7989
[INFO] [RemoveVoxel] idx=7728 voxel_count_before=7989 moved_from=7988 voxel_count_after=7988
[INFO] [Multiscale] Emit span=1 grid=(-5..-5,4..4,2..2) pos=(-2.25,2.25,1.25)
[INFO] [Multiscale] Emit span=1 grid=(-4..-4,4..4,2..2) pos=(-1.75,2.25,1.25)
[INFO] [Multiscale] Emit span=1 grid=(-3..-3,4..4,2..2) pos=(-1.25,2.25,1.25)
[INFO] [Multiscale] Emit span=1 grid=(4..4,4..4,2..2) pos=(2.25,2.25,1.25)
[INFO] [Multiscale] Emit span=1 grid=(5..5,4..4,2..2) pos=(2.75,2.25,1.25)
[INFO] [Multiscale] Emit span=1 grid=(-4..-4,5..5,2..2) pos=(-1.75,2.75,1.25)
[INFO] [Multiscale] Emit span=1 grid=(-5..-5,4..4,3..3) pos=(-2.25,2.25,1.75)
[INFO] [Multiscale] Emit span=1 grid=(-4..-4,4..4,3..3) pos=(-1.75,2.25,1.75)
[INFO] [Multiscale] Emit span=1 grid=(-3..-3,4..4,3..3) pos=(-1.25,2.25,1.75)
[INFO] [Multiscale] Emit span=1 grid=(-2..-2,4..4,3..3) pos=(-0.75,2.25,1.75)
[INFO] [Multiscale] Emit span=1 grid=(-5..-5,5..5,3..3) pos=(-2.25,2.75,1.75)
[INFO] [Multiscale] Emit span=1 grid=(-4..-4,5..5,3..3) pos=(-1.75,2.75,1.75)
[INFO] [Multiscale] Emit span=1 grid=(-3..-3,5..5,3..3) pos=(-1.25,2.75,1.75)
[INFO] [Multiscale] Emit span=1 grid=(-2..-2,5..5,3..3) pos=(-0.75,2.75,1.75)
[INFO] [Multiscale] Emit span=1 grid=(-3..-3,4..4,4..4) pos=(-1.25,2.25,2.25)
[INFO] [Multiscale] Emit span=1 grid=(-2..-2,4..4,4..4) pos=(-0.75,2.25,2.25)
[INFO] [Multiscale] Emit span=1 grid=(-5..-5,5..5,4..4) pos=(-2.25,2.75,2.25)
[INFO] [Multiscale] Emit span=1 grid=(-4..-4,5..5,4..4) pos=(-1.75,2.75,2.25)
[INFO] [Multiscale] Emit span=1 grid=(-3..-3,5..5,4..4) pos=(-1.25,2.75,2.25)
[INFO] [Multiscale] Emit span=1 grid=(-3..-3,4..4,5..5) pos=(-1.25,2.25,2.75)
[INFO] [Multiscale] Emit span=1 grid=(-3..-3,5..5,5..5) pos=(-1.25,2.75,2.75)
[INFO] [Multiscale] Emit span=1 grid=(-2..-2,5..5,5..5) pos=(-0.75,2.75,2.75)
[INFO] [Multiscale] Converted 22 unit voxels into 22 span clusters
[INFO] [Activation] static->dynamic units=22 spawned=22 base=7988 after=8010
[INFO] [Deactivate] voxel=7723 span=1 sleep=6/8 waiting
[INFO] [Deactivate] voxel=7724 span=1 sleep=6/8 waiting
[INFO] [Deactivate] voxel=7725 span=1 sleep=4/8 waiting
[INFO] [Deactivate] voxel=7726 span=1 sleep=4/8 waiting
[INFO] [Deactivate] voxel=7727 span=1 sleep=3/8 waiting
[INFO] [Deactivate] voxel=7728 span=1 sleep=2/8 waiting
[INFO] [Deactivate] voxel=7729 span=1 sleep=2/8 waiting
[INFO] [Deactivate] voxel=7736 span=1 sleep=6/8 waiting
[INFO] [Deactivate] voxel=7737 span=1 sleep=6/8 waiting
[INFO] [Deactivate] voxel=7738 span=1 sleep=4/8 waiting
[INFO] [Deactivate] voxel=7739 span=1 sleep=2/8 waiting
[INFO] [Deactivate] voxel=7740 span=1 sleep=2/8 waiting
[INFO] [Deactivate] voxel=7743 span=1 sleep=6/8 waiting
[INFO] [Deactivate] voxel=7748 span=1 sleep=6/8 waiting
[INFO] [Deactivate] voxel=7749 span=1 sleep=5/8 waiting
[INFO] [Deactivate] voxel=7750 span=1 sleep=2/8 waiting
[INFO] [Deactivate] voxel=7751 span=1 sleep=2/8 waiting
[INFO] [Deactivate] voxel=7752 span=1 sleep=2/8 waiting
[INFO] [Deactivate] voxel=7753 span=1 sleep=2/8 waiting
[INFO] [Deactivate] voxel=7760 span=1 sleep=5/8 waiting
[INFO] [Deactivate] voxel=7761 span=1 sleep=5/8 waiting
[INFO] [Deactivate] voxel=7762 span=1 sleep=2/8 waiting
[INFO] [Deactivate] voxel=7763 span=1 sleep=2/8 waiting
[INFO] [Deactivate] voxel=7764 cluster_ready=false fail_idx=7936 sleep=6 reason=insufficient-sleep
[INFO] [Deactivate] voxel=7771 span=1 sleep=6/8 waiting
[INFO] [Deactivate] voxel=7772 span=1 sleep=4/8 waiting
[INFO] [Deactivate] voxel=7773 span=1 sleep=4/8 waiting
[INFO] [Deactivate] voxel=7774 span=1 sleep=3/8 waiting
[INFO] [Deactivate] voxel=7775 span=1 sleep=7/8 waiting
[INFO] [Deactivate] voxel=7782 span=1 sleep=6/8 waiting
[INFO] [Deactivate] voxel=7783 span=1 sleep=4/8 waiting
[INFO] [Deactivate] voxel=7784 span=1 sleep=3/8 waiting
[INFO] [Deactivate] voxel=7785 span=1 sleep=3/8 waiting
[INFO] [Deactivate] voxel=7786 span=1 sleep=7/8 waiting
[INFO] [Support] no-static-connection pos=(-1.77,5.56,-4.93) bounds=(-4..-4,11..11,-10..-10)
[INFO] [Deactivate] cluster_support=false count=1 checked=1 invalid=0 reason=no-static-connection
[INFO] [Deactivate] voxel=7789 cluster=1 lacks static support
[INFO] [Deactivate] voxel=7793 span=1 sleep=6/8 waiting
[INFO] [Deactivate] voxel=7794 span=1 sleep=6/8 waiting
[INFO] [Deactivate] voxel=7795 span=1 sleep=5/8 waiting
[INFO] [Deactivate] voxel=7796 span=1 sleep=4/8 waiting
[INFO] [Deactivate] voxel=7797 span=1 sleep=4/8 waiting
[INFO] [Deactivate] voxel=7799 span=1 sleep=4/8 waiting
[INFO] [Deactivate] voxel=7800 span=1 sleep=4/8 waiting
[INFO] [Deactivate] voxel=7803 span=1 sleep=6/8 waiting
[INFO] [Deactivate] voxel=7804 span=1 sleep=6/8 waiting
[INFO] [Deactivate] voxel=7805 span=1 sleep=5/8 waiting
[INFO] [Deactivate] voxel=7806 span=1 sleep=5/8 waiting
[INFO] [Deactivate] voxel=7807 span=1 sleep=4/8 waiting
[INFO] [Deactivate] voxel=7808 span=1 sleep=4/8 waiting
[INFO] [Deactivate] voxel=7809 span=1 sleep=7/8 waiting
[INFO] [Deactivate] voxel=7810 span=1 sleep=4/8 waiting
[INFO] [Deactivate] voxel=7811 span=1 sleep=4/8 waiting
[INFO] [Deactivate] voxel=7812 span=1 sleep=7/8 waiting
[INFO] [Deactivate] voxel=7813 span=1 sleep=5/8 waiting
[INFO] [Deactivate] voxel=7814 span=1 sleep=6/8 waiting
[INFO] [Deactivate] voxel=7815 span=1 sleep=6/8 waiting
[INFO] [Deactivate] voxel=7816 span=1 sleep=5/8 waiting
[INFO] [Deactivate] voxel=7817 span=1 sleep=5/8 waiting
[INFO] [Deactivate] voxel=7818 span=1 sleep=4/8 waiting
[INFO] [Deactivate] voxel=7819 span=1 sleep=4/8 waiting
[INFO] [Deactivate] voxel=7820 span=1 sleep=6/8 waiting
[INFO] [Deactivate] voxel=7821 span=1 sleep=6/8 waiting
[INFO] [Deactivate] voxel=7822 span=1 sleep=6/8 waiting
[INFO] [Deactivate] voxel=7823 span=2 sleep=7/8 waiting
[INFO] [Deactivate] voxel=7824 span=1 sleep=6/8 waiting
[INFO] [Deactivate] voxel=7825 span=1 sleep=5/8 waiting
[INFO] [Deactivate] voxel=7826 span=1 sleep=3/8 waiting
[INFO] [Deactivate] voxel=7827 span=1 sleep=2/8 waiting
[INFO] [Deactivate] voxel=7828 span=1 sleep=3/8 waiting
[INFO] [Deactivate] voxel=7829 span=1 sleep=3/8 waiting
[INFO] [Deactivate] voxel=7830 span=1 sleep=3/8 waiting
[INFO] [Deactivate] voxel=7831 span=1 sleep=6/8 waiting
[INFO] [Deactivate] voxel=7832 span=1 sleep=4/8 waiting
[INFO] [Deactivate] voxel=7833 span=1 sleep=7/8 waiting
[INFO] [Deactivate] voxel=7834 span=1 sleep=6/8 waiting
[INFO] [Deactivate] voxel=7835 span=1 sleep=5/8 waiting
[INFO] [Deactivate] voxel=7836 span=1 sleep=5/8 waiting
[INFO] [Deactivate] voxel=7837 span=1 sleep=3/8 waiting
[INFO] [Deactivate] voxel=7838 span=1 sleep=2/8 waiting
[INFO] [Deactivate] voxel=7839 span=1 sleep=3/8 waiting
[INFO] [Deactivate] voxel=7840 span=1 sleep=3/8 waiting
[INFO] [Deactivate] voxel=7841 span=1 sleep=3/8 waiting
[INFO] [Deactivate] voxel=7842 span=1 sleep=5/8 waiting
[INFO] [Deactivate] voxel=7843 span=1 sleep=5/8 waiting
[INFO] [Deactivate] voxel=7844 span=1 sleep=6/8 waiting
[INFO] [Deactivate] voxel=7845 span=1 sleep=5/8 waiting
[INFO] [Deactivate] voxel=7846 span=1 sleep=4/8 waiting
[INFO] [Deactivate] voxel=7847 span=1 sleep=4/8 waiting
[INFO] [Deactivate] voxel=7848 span=1 sleep=3/8 waiting
[INFO] [Deactivate] voxel=7849 span=1 sleep=3/8 waiting
[INFO] [Deactivate] voxel=7850 span=1 sleep=2/8 waiting
[INFO] [Deactivate] voxel=7851 span=1 sleep=2/8 waiting
[INFO] [Deactivate] voxel=7853 span=2 sleep=7/8 waiting
[INFO] [Deactivate] voxel=7854 span=1 sleep=7/8 waiting
[INFO] [Deactivate] voxel=7855 span=1 sleep=7/8 waiting
[INFO] [Deactivate] voxel=7856 span=1 sleep=7/8 waiting
[INFO] [Deactivate] voxel=7857 span=1 sleep=5/8 waiting
[INFO] [Deactivate] voxel=7858 span=1 sleep=4/8 waiting
[INFO] [Deactivate] voxel=7859 span=1 sleep=4/8 waiting
[INFO] [Deactivate] voxel=7860 span=1 sleep=2/8 waiting
[INFO] [Deactivate] voxel=7861 span=1 sleep=2/8 waiting
[INFO] [Deactivate] voxel=7862 span=1 sleep=2/8 waiting
[INFO] [Deactivate] voxel=7864 span=1 sleep=6/8 waiting
[INFO] [Deactivate] voxel=7865 span=1 sleep=6/8 waiting
[INFO] [Deactivate] voxel=7866 span=1 sleep=7/8 waiting
[INFO] [Deactivate] voxel=7867 span=1 sleep=7/8 waiting
[INFO] [Deactivate] voxel=7868 span=1 sleep=7/8 waiting
[INFO] [Deactivate] voxel=7869 span=1 sleep=5/8 waiting
[INFO] [Deactivate] voxel=7870 span=1 sleep=5/8 waiting
[INFO] [Deactivate] voxel=7871 span=1 sleep=4/8 waiting
[INFO] [Deactivate] voxel=7872 span=1 sleep=2/8 waiting
[INFO] [Deactivate] voxel=7873 span=1 sleep=2/8 waiting
[INFO] [Deactivate] voxel=7874 span=1 sleep=2/8 waiting
[INFO] [Deactivate] voxel=7875 span=2 sleep=7/8 waiting
[INFO] [Deactivate] voxel=7879 span=1 sleep=7/8 waiting
[INFO] [Deactivate] voxel=7880 span=1 sleep=7/8 waiting
[INFO] [Deactivate] voxel=7881 span=1 sleep=5/8 waiting
[INFO] [Deactivate] voxel=7882 span=1 sleep=4/8 waiting
[INFO] [Deactivate] voxel=7883 span=1 sleep=2/8 waiting
[INFO] [Deactivate] voxel=7884 span=1 sleep=3/8 waiting
[INFO] [Deactivate] voxel=7885 span=1 sleep=2/8 waiting
[INFO] [Deactivate] voxel=7890 span=1 sleep=7/8 waiting
[INFO] [Deactivate] voxel=7891 span=1 sleep=6/8 waiting
[INFO] [Deactivate] voxel=7892 span=1 sleep=5/8 waiting
[INFO] [Deactivate] voxel=7893 span=1 sleep=4/8 waiting
[INFO] [Deactivate] voxel=7894 span=1 sleep=3/8 waiting
[INFO] [Deactivate] voxel=7895 span=1 sleep=3/8 waiting
[INFO] [Deactivate] voxel=7896 span=1 sleep=3/8 waiting
[INFO] [Deactivate] voxel=7899 span=1 sleep=3/8 waiting
[INFO] [Deactivate] voxel=7902 span=1 sleep=6/8 waiting
[INFO] [Deactivate] voxel=7903 span=1 sleep=6/8 waiting
[INFO] [Deactivate] voxel=7904 span=1 sleep=5/8 waiting
[INFO] [Deactivate] voxel=7905 span=1 sleep=3/8 waiting
[INFO] [Deactivate] voxel=7906 span=1 sleep=4/8 waiting
[INFO] [Deactivate] voxel=7907 span=1 sleep=3/8 waiting
[INFO] [Deactivate] voxel=7912 span=1 sleep=7/8 waiting
[INFO] [Deactivate] voxel=7913 span=1 sleep=6/8 waiting
[INFO] [Deactivate] voxel=7914 span=1 sleep=6/8 waiting
[INFO] [Deactivate] voxel=7915 span=1 sleep=5/8 waiting
[INFO] [Deactivate] voxel=7916 span=1 sleep=5/8 waiting
[INFO] [Deactivate] voxel=7917 span=1 sleep=4/8 waiting
[INFO] [Deactivate] voxel=7918 span=1 sleep=4/8 waiting
[INFO] [Deactivate] voxel=7923 span=1 sleep=7/8 waiting
[INFO] [Deactivate] voxel=7924 span=1 sleep=7/8 waiting
[INFO] [Deactivate] voxel=7925 span=1 sleep=6/8 waiting
[INFO] [Deactivate] voxel=7926 span=1 sleep=6/8 waiting
[INFO] [Deactivate] voxel=7927 span=1 sleep=5/8 waiting
[INFO] [Deactivate] voxel=7928 span=1 sleep=5/8 waiting
[INFO] [Deactivate] voxel=7929 span=1 sleep=7/8 waiting
[INFO] [Deactivate] voxel=7930 span=1 sleep=7/8 waiting
[INFO] [Deactivate] voxel=7931 span=1 sleep=7/8 waiting
[INFO] [Deactivate] voxel=7932 span=1 sleep=7/8 waiting
[INFO] [Deactivate] voxel=7933 span=1 sleep=7/8 waiting
[INFO] [Deactivate] voxel=7934 span=1 sleep=7/8 waiting
[INFO] [Deactivate] voxel=7935 span=1 sleep=6/8 waiting
[INFO] [Deactivate] voxel=7936 span=1 sleep=6/8 waiting
[INFO] [Deactivate] voxel=7937 span=1 sleep=5/8 waiting
[INFO] [Deactivate] voxel=7938 span=1 sleep=5/8 waiting
[INFO] [Deactivate] voxel=7939 span=1 sleep=7/8 waiting
[INFO] [Deactivate] voxel=7940 span=1 sleep=7/8 waiting
[INFO] [Deactivate] voxel=7941 span=1 sleep=7/8 waiting
[INFO] [Deactivate] voxel=7942 span=1 sleep=7/8 waiting
[INFO] [Deactivate] voxel=7943 span=1 sleep=7/8 waiting
[INFO] [Deactivate] voxel=7944 span=1 sleep=7/8 waiting
[INFO] [Deactivate] voxel=7945 span=1 sleep=6/8 waiting
[INFO] [Deactivate] voxel=7946 span=1 sleep=6/8 waiting
[INFO] [Deactivate] voxel=7947 span=1 sleep=5/8 waiting
[INFO] [Deactivate] voxel=7948 span=1 sleep=4/8 waiting
[INFO] [Deactivate] voxel=7949 span=1 sleep=3/8 waiting
[INFO] [Deactivate] voxel=7951 span=1 sleep=3/8 waiting
[INFO] [Deactivate] voxel=7952 span=1 sleep=6/8 waiting
[INFO] [Deactivate] voxel=7953 span=1 sleep=5/8 waiting
[INFO] [Deactivate] voxel=7954 span=1 sleep=5/8 waiting
[INFO] [Deactivate] voxel=7955 span=1 sleep=5/8 waiting
[INFO] [Deactivate] voxel=7956 span=1 sleep=4/8 waiting
[INFO] [Deactivate] voxel=7957 span=1 sleep=4/8 waiting
[INFO] [Deactivate] voxel=7958 span=1 sleep=3/8 waiting
[INFO] [Deactivate] voxel=7959 span=1 sleep=3/8 waiting
[INFO] [Deactivate] voxel=7960 span=1 sleep=3/8 waiting
[INFO] [Deactivate] voxel=7961 span=1 sleep=3/8 waiting
[INFO] [Deactivate] voxel=7962 span=1 sleep=3/8 waiting
[INFO] [Deactivate] voxel=7965 span=1 sleep=6/8 waiting
[INFO] [Deactivate] voxel=7966 span=1 sleep=6/8 waiting
[INFO] [Deactivate] voxel=7967 span=1 sleep=6/8 waiting
[INFO] [Deactivate] voxel=7968 span=1 sleep=6/8 waiting
[INFO] [Deactivate] voxel=7969 span=1 sleep=6/8 waiting
[INFO] [Deactivate] voxel=7970 span=1 sleep=6/8 waiting
[INFO] [Deactivate] voxel=7971 span=1 sleep=6/8 waiting
[INFO] [Deactivate] voxel=7972 span=1 sleep=6/8 waiting
[INFO] [Deactivate] voxel=7973 span=1 sleep=6/8 waiting
[INFO] [Deactivate] voxel=7974 span=1 sleep=4/8 waiting
[INFO] [Deactivate] voxel=7975 span=1 sleep=4/8 waiting
[INFO] [Deactivate] voxel=7976 span=1 sleep=4/8 waiting
[INFO] [Deactivate] voxel=7977 span=1 sleep=4/8 waiting
[INFO] [Deactivate] voxel=7978 span=1 sleep=4/8 waiting
[INFO] [Deactivate] voxel=7979 span=1 sleep=3/8 waiting
[INFO] [Deactivate] voxel=7980 span=1 sleep=3/8 waiting
[INFO] [Deactivate] voxel=7981 span=1 sleep=3/8 waiting
[INFO] [Deactivate] voxel=7982 span=1 sleep=2/8 waiting
[INFO] [Deactivate] voxel=7983 span=1 sleep=2/8 waiting
[INFO] [Deactivate] voxel=7984 span=1 sleep=2/8 waiting
[INFO] [Deactivate] voxel=7985 span=1 sleep=2/8 waiting
[INFO] [Deactivate] voxel=7986 span=1 sleep=2/8 waiting
[INFO] [Deactivate] voxel=7987 span=1 sleep=2/8 waiting
[INFO] [Deactivate] voxel=7988 span=1 sleep=1/8 waiting
[INFO] [Deactivate] voxel=7989 span=1 sleep=1/8 waiting
[INFO] [Deactivate] voxel=7990 span=1 sleep=1/8 waiting
[INFO] [Deactivate] voxel=7991 span=1 sleep=1/8 waiting
[INFO] [Deactivate] voxel=7992 span=1 sleep=1/8 waiting
[INFO] [Deactivate] voxel=7993 span=1 sleep=1/8 waiting
[INFO] [Deactivate] voxel=7994 span=1 sleep=1/8 waiting
[INFO] [Deactivate] voxel=7995 span=1 sleep=1/8 waiting
[INFO] [Deactivate] voxel=7996 span=1 sleep=1/8 waiting
[INFO] [Deactivate] voxel=7997 span=1 sleep=1/8 waiting
[INFO] [Deactivate] voxel=7998 span=1 sleep=1/8 waiting
[INFO] [Deactivate] voxel=7999 span=1 sleep=1/8 waiting
[INFO] [Deactivate] voxel=8000 span=1 sleep=1/8 waiting
[INFO] [Deactivate] voxel=8001 span=1 sleep=1/8 waiting
[INFO] [Deactivate] voxel=8002 span=1 sleep=1/8 waiting
[INFO] [Deactivate] voxel=8003 span=1 sleep=1/8 waiting
[INFO] [Deactivate] voxel=8004 span=1 sleep=1/8 waiting
[INFO] [Deactivate] voxel=8005 span=1 sleep=1/8 waiting
[INFO] [Deactivate] voxel=8006 span=1 sleep=1/8 waiting
[INFO] [Deactivate] voxel=8007 span=1 sleep=1/8 waiting
[INFO] [Deactivate] voxel=8008 span=1 sleep=1/8 waiting
[INFO] [Deactivate] voxel=8009 span=1 sleep=1/8 waiting
[INFO] VAO: [ID 12] Unloaded vertex array data from VRAM (GPU)
[INFO] VAO: [ID 13] Mesh uploaded successfully to VRAM (GPU)
[INFO] [RemoveVoxel] idx=7922 voxel_count_before=8010 moved_from=8009 voxel_count_after=8009
[INFO] [RemoveVoxel] idx=7921 voxel_count_before=8009 moved_from=8008 voxel_count_after=8008
[INFO] [RemoveVoxel] idx=7920 voxel_count_before=8008 moved_from=8007 voxel_count_after=8007
[INFO] [RemoveVoxel] idx=7863 voxel_count_before=8007 moved_from=8006 voxel_count_after=8006
[INFO] [RemoveVoxel] idx=7852 voxel_count_before=8006 moved_from=8005 voxel_count_after=8005
[INFO] [RemoveVoxel] idx=7754 voxel_count_before=8005 moved_from=8004 voxel_count_after=8004
[INFO] [RemoveVoxel] idx=7745 voxel_count_before=8004 moved_from=8003 voxel_count_after=8003
[INFO] [Multiscale] Emit span=1 grid=(-4..-4,3..3,4..4) pos=(-1.75,1.75,2.25)
[INFO] [Multiscale] Emit span=1 grid=(-5..-5,4..4,4..4) pos=(-2.25,2.25,2.25)
[INFO] [Multiscale] Emit span=1 grid=(-4..-4,4..4,4..4) pos=(-1.75,2.25,2.25)
[INFO] [Multiscale] Emit span=1 grid=(-4..-4,3..3,5..5) pos=(-1.75,1.75,2.75)
[INFO] [Multiscale] Emit span=1 grid=(-4..-4,4..4,5..5) pos=(-1.75,2.25,2.75)
[INFO] [Multiscale] Emit span=1 grid=(-5..-5,5..5,5..5) pos=(-2.25,2.75,2.75)
[INFO] [Multiscale] Emit span=1 grid=(-4..-4,5..5,5..5) pos=(-1.75,2.75,2.75)
[INFO] [Multiscale] Converted 7 unit voxels into 7 span clusters
[INFO] [Activation] static->dynamic units=7 spawned=7 base=8003 after=8010
[INFO] [Deactivate] voxel=7723 span=1 sleep=7/8 waiting
[INFO] [Deactivate] voxel=7724 span=1 sleep=7/8 waiting
[INFO] [Deactivate] voxel=7725 span=1 sleep=5/8 waiting
[INFO] [Deactivate] voxel=7726 span=1 sleep=5/8 waiting
[INFO] [Deactivate] voxel=7727 span=1 sleep=4/8 waiting
[INFO] [Deactivate] voxel=7728 span=1 sleep=3/8 waiting
[INFO] [Deactivate] voxel=7729 span=1 sleep=3/8 waiting
[INFO] [Deactivate] voxel=7736 span=1 sleep=7/8 waiting
[INFO] [Deactivate] voxel=7737 span=1 sleep=7/8 waiting
[INFO] [Deactivate] voxel=7738 span=1 sleep=5/8 waiting
[INFO] [Deactivate] voxel=7739 span=1 sleep=3/8 waiting
[INFO] [Deactivate] voxel=7740 span=1 sleep=3/8 waiting
[INFO] [Deactivate] voxel=7743 span=1 sleep=7/8 waiting
[INFO] [Deactivate] voxel=7745 span=1 sleep=2/8 waiting
[INFO] [Deactivate] voxel=7748 span=1 sleep=7/8 waiting
[INFO] [Deactivate] voxel=7749 span=1 sleep=6/8 waiting
[INFO] [Deactivate] voxel=7750 span=1 sleep=3/8 waiting
[INFO] [Deactivate] voxel=7751 span=1 sleep=3/8 waiting
[INFO] [Deactivate] voxel=7752 span=1 sleep=3/8 waiting
[INFO] [Deactivate] voxel=7753 span=1 sleep=3/8 waiting
[INFO] [Deactivate] voxel=7754 span=1 sleep=2/8 waiting
[INFO] [Deactivate] voxel=7760 span=1 sleep=6/8 waiting
[INFO] [Deactivate] voxel=7761 span=1 sleep=6/8 waiting
[INFO] [Deactivate] voxel=7762 span=1 sleep=3/8 waiting
[INFO] [Deactivate] voxel=7763 span=1 sleep=3/8 waiting
[INFO] [Deactivate] voxel=7764 cluster_ready=false fail_idx=7936 sleep=7 reason=insufficient-sleep
[INFO] [Deactivate] voxel=7771 span=1 sleep=7/8 waiting
[INFO] [Deactivate] voxel=7772 span=1 sleep=5/8 waiting
[INFO] [Deactivate] voxel=7773 span=1 sleep=5/8 waiting
[INFO] [Deactivate] voxel=7774 span=1 sleep=4/8 waiting
[INFO] [Deactivate] voxel=7775 span=1 sleep=7/8 waiting
[INFO] [Deactivate] voxel=7782 span=1 sleep=7/8 waiting
[INFO] [Deactivate] voxel=7783 span=1 sleep=5/8 waiting
[INFO] [Deactivate] voxel=7784 span=1 sleep=4/8 waiting
[INFO] [Deactivate] voxel=7785 span=1 sleep=4/8 waiting
[INFO] [Deactivate] voxel=7786 span=1 sleep=7/8 waiting
[INFO] [Support] no-static-connection pos=(-2.09,5.65,-5.56) bounds=(-5..-5,11..11,-12..-12)
[INFO] [Deactivate] cluster_support=false count=1 checked=1 invalid=0 reason=no-static-connection
[INFO] [Deactivate] voxel=7789 cluster=1 lacks static support
[INFO] [Deactivate] voxel=7793 span=1 sleep=7/8 waiting
[INFO] [Deactivate] voxel=7794 span=1 sleep=7/8 waiting
[INFO] [Deactivate] voxel=7795 span=1 sleep=6/8 waiting
[INFO] [Deactivate] voxel=7796 span=1 sleep=5/8 waiting
[INFO] [Deactivate] voxel=7797 span=1 sleep=5/8 waiting
[INFO] [Deactivate] voxel=7799 span=1 sleep=5/8 waiting
[INFO] [Deactivate] voxel=7800 span=1 sleep=5/8 waiting
[INFO] [Deactivate] voxel=7803 span=1 sleep=7/8 waiting
[INFO] [Deactivate] voxel=7804 span=1 sleep=7/8 waiting
[INFO] [Deactivate] voxel=7805 span=1 sleep=6/8 waiting
[INFO] [Deactivate] voxel=7806 span=1 sleep=6/8 waiting
[INFO] [Deactivate] voxel=7807 span=1 sleep=5/8 waiting
[INFO] [Deactivate] voxel=7808 span=1 sleep=5/8 waiting
[INFO] [Deactivate] voxel=7809 span=1 sleep=7/8 waiting
[INFO] [Deactivate] voxel=7810 span=1 sleep=5/8 waiting
[INFO] [Deactivate] voxel=7811 span=1 sleep=5/8 waiting
[INFO] [Deactivate] voxel=7812 span=1 sleep=7/8 waiting
[INFO] [Deactivate] voxel=7813 span=1 sleep=6/8 waiting
[INFO] [Deactivate] voxel=7814 span=1 sleep=7/8 waiting
[INFO] [Deactivate] voxel=7815 span=1 sleep=7/8 waiting
[INFO] [Deactivate] voxel=7816 span=1 sleep=6/8 waiting
[INFO] [Deactivate] voxel=7817 span=1 sleep=6/8 waiting
[INFO] [Deactivate] voxel=7818 span=1 sleep=5/8 waiting
[INFO] [Deactivate] voxel=7819 span=1 sleep=5/8 waiting
[INFO] [Deactivate] voxel=7820 span=1 sleep=7/8 waiting
[INFO] [Deactivate] voxel=7821 span=1 sleep=7/8 waiting
[INFO] [Deactivate] voxel=7822 span=1 sleep=7/8 waiting
[INFO] [Deactivate] voxel=7823 span=2 sleep=7/8 waiting
[INFO] [Deactivate] voxel=7824 span=1 sleep=7/8 waiting
[INFO] [Deactivate] voxel=7825 span=1 sleep=6/8 waiting
[INFO] [Deactivate] voxel=7826 span=1 sleep=4/8 waiting
[INFO] [Deactivate] voxel=7827 span=1 sleep=3/8 waiting
[INFO] [Deactivate] voxel=7828 span=1 sleep=4/8 waiting
[INFO] [Deactivate] voxel=7829 span=1 sleep=4/8 waiting
[INFO] [Deactivate] voxel=7830 span=1 sleep=4/8 waiting
[INFO] [Deactivate] voxel=7831 span=1 sleep=7/8 waiting
[INFO] [Deactivate] voxel=7832 span=1 sleep=5/8 waiting
[INFO] [Deactivate] voxel=7833 span=1 sleep=7/8 waiting
[INFO] [Deactivate] voxel=7834 span=1 sleep=7/8 waiting
[INFO] [Deactivate] voxel=7835 span=1 sleep=6/8 waiting
[INFO] [Deactivate] voxel=7836 span=1 sleep=6/8 waiting
[INFO] [Deactivate] voxel=7837 span=1 sleep=4/8 waiting
[INFO] [Deactivate] voxel=7838 span=1 sleep=3/8 waiting
[INFO] [Deactivate] voxel=7839 span=1 sleep=4/8 waiting
[INFO] [Deactivate] voxel=7840 span=1 sleep=4/8 waiting
[INFO] [Deactivate] voxel=7841 span=1 sleep=4/8 waiting
[INFO] [Deactivate] voxel=7842 span=1 sleep=6/8 waiting
[INFO] [Deactivate] voxel=7843 span=1 sleep=6/8 waiting
[INFO] [Deactivate] voxel=7844 span=1 sleep=7/8 waiting
[INFO] [Deactivate] voxel=7845 span=1 sleep=6/8 waiting
[INFO] [Deactivate] voxel=7846 span=1 sleep=5/8 waiting
[INFO] [Deactivate] voxel=7847 span=1 sleep=5/8 waiting
[INFO] [Deactivate] voxel=7848 span=1 sleep=4/8 waiting
[INFO] [Deactivate] voxel=7849 span=1 sleep=4/8 waiting
[INFO] [Deactivate] voxel=7850 span=1 sleep=3/8 waiting
[INFO] [Deactivate] voxel=7851 span=1 sleep=3/8 waiting
[INFO] [Deactivate] voxel=7852 span=1 sleep=2/8 waiting
[INFO] [Deactivate] voxel=7853 span=2 sleep=7/8 waiting
[INFO] [Deactivate] voxel=7854 span=1 sleep=7/8 waiting
[INFO] [Deactivate] voxel=7855 span=1 sleep=7/8 waiting
[INFO] [Deactivate] voxel=7856 span=1 sleep=7/8 waiting
[INFO] [Deactivate] voxel=7857 span=1 sleep=6/8 waiting
[INFO] [Deactivate] voxel=7858 span=1 sleep=5/8 waiting
[INFO] [Deactivate] voxel=7859 span=1 sleep=5/8 waiting
[INFO] [Deactivate] voxel=7860 span=1 sleep=3/8 waiting
[INFO] [Deactivate] voxel=7861 span=1 sleep=3/8 waiting
[INFO] [Deactivate] voxel=7862 span=1 sleep=3/8 waiting
[INFO] [Deactivate] voxel=7863 span=1 sleep=2/8 waiting
[INFO] [Deactivate] voxel=7864 span=1 sleep=7/8 waiting
[INFO] [Deactivate] voxel=7865 span=1 sleep=7/8 waiting
[INFO] [Deactivate] voxel=7866 span=1 sleep=7/8 waiting
[INFO] [Deactivate] voxel=7867 span=1 sleep=7/8 waiting
[INFO] [Deactivate] voxel=7868 span=1 sleep=7/8 waiting
[INFO] [Deactivate] voxel=7869 span=1 sleep=6/8 waiting
[INFO] [Deactivate] voxel=7870 span=1 sleep=6/8 waiting
[INFO] [Deactivate] voxel=7871 span=1 sleep=5/8 waiting
[INFO] [Deactivate] voxel=7872 span=1 sleep=3/8 waiting
[INFO] [Deactivate] voxel=7873 span=1 sleep=3/8 waiting
[INFO] [Deactivate] voxel=7874 span=1 sleep=3/8 waiting
[INFO] [Deactivate] voxel=7875 span=2 sleep=7/8 waiting
[INFO] [Deactivate] voxel=7879 span=1 sleep=7/8 waiting
[INFO] [Deactivate] voxel=7880 span=1 sleep=7/8 waiting
[INFO] [Deactivate] voxel=7881 span=1 sleep=6/8 waiting
[INFO] [Deactivate] voxel=7882 span=1 sleep=5/8 waiting
[INFO] [Deactivate] voxel=7883 span=1 sleep=3/8 waiting
[INFO] [Deactivate] voxel=7884 span=1 sleep=4/8 waiting
[INFO] [Deactivate] voxel=7885 span=1 sleep=3/8 waiting
[INFO] [Deactivate] voxel=7890 span=1 sleep=7/8 waiting
[INFO] [Deactivate] voxel=7891 span=1 sleep=7/8 waiting
[INFO] [Deactivate] voxel=7892 span=1 sleep=6/8 waiting
[INFO] [Deactivate] voxel=7893 span=1 sleep=5/8 waiting
[INFO] [Deactivate] voxel=7894 span=1 sleep=4/8 waiting
[INFO] [Deactivate] voxel=7895 span=1 sleep=4/8 waiting
[INFO] [Deactivate] voxel=7896 span=1 sleep=4/8 waiting
[INFO] [Deactivate] voxel=7899 span=1 sleep=4/8 waiting
[INFO] [Deactivate] voxel=7902 span=1 sleep=7/8 waiting
[INFO] [Deactivate] voxel=7903 span=1 sleep=7/8 waiting
[INFO] [Deactivate] voxel=7904 span=1 sleep=6/8 waiting
[INFO] [Deactivate] voxel=7905 span=1 sleep=4/8 waiting
[INFO] [Deactivate] voxel=7906 span=1 sleep=5/8 waiting
[INFO] [Deactivate] voxel=7907 span=1 sleep=4/8 waiting
[INFO] [Deactivate] voxel=7912 span=1 sleep=7/8 waiting
[INFO] [Deactivate] voxel=7913 span=1 sleep=7/8 waiting
[INFO] [Deactivate] voxel=7914 span=1 sleep=7/8 waiting
[INFO] [Deactivate] voxel=7915 span=1 sleep=6/8 waiting
[INFO] [Deactivate] voxel=7916 span=1 sleep=6/8 waiting
[INFO] [Deactivate] voxel=7917 span=1 sleep=5/8 waiting
[INFO] [Deactivate] voxel=7918 span=1 sleep=5/8 waiting
[INFO] [Deactivate] voxel=7920 span=1 sleep=2/8 waiting
[INFO] [Deactivate] voxel=7921 span=1 sleep=2/8 waiting
[INFO] [Deactivate] voxel=7922 span=1 sleep=2/8 waiting
[INFO] [Deactivate] voxel=7923 span=1 sleep=7/8 waiting
[INFO] [Deactivate] voxel=7924 span=1 sleep=7/8 waiting
[INFO] [Deactivate] voxel=7925 span=1 sleep=7/8 waiting
[INFO] [Deactivate] voxel=7926 span=1 sleep=7/8 waiting
[INFO] [Deactivate] voxel=7927 span=1 sleep=6/8 waiting
[INFO] [Deactivate] voxel=7928 span=1 sleep=6/8 waiting
[INFO] [Deactivate] voxel=7929 span=1 sleep=7/8 waiting
[INFO] [Deactivate] voxel=7930 span=1 sleep=7/8 waiting
[INFO] [Deactivate] voxel=7931 span=1 sleep=7/8 waiting
[INFO] [Deactivate] voxel=7932 span=1 sleep=7/8 waiting
[INFO] [Deactivate] voxel=7933 span=1 sleep=7/8 waiting
[INFO] [Deactivate] voxel=7934 span=1 sleep=7/8 waiting
[INFO] [Deactivate] voxel=7935 span=1 sleep=7/8 waiting
[INFO] [Deactivate] voxel=7936 span=1 sleep=7/8 waiting
[INFO] [Deactivate] voxel=7937 span=1 sleep=6/8 waiting
[INFO] [Deactivate] voxel=7938 span=1 sleep=6/8 waiting
[INFO] [Deactivate] voxel=7939 span=1 sleep=7/8 waiting
[INFO] [Deactivate] voxel=7940 span=1 sleep=7/8 waiting
[INFO] [Deactivate] voxel=7941 span=1 sleep=7/8 waiting
[INFO] [Deactivate] voxel=7942 span=1 sleep=7/8 waiting
[INFO] [Deactivate] voxel=7943 span=1 sleep=7/8 waiting
[INFO] [Deactivate] voxel=7944 span=1 sleep=7/8 waiting
[INFO] [Deactivate] voxel=7945 span=1 sleep=7/8 waiting
[INFO] [Deactivate] voxel=7946 span=1 sleep=7/8 waiting
[INFO] [Deactivate] voxel=7947 span=1 sleep=6/8 waiting
[INFO] [Deactivate] voxel=7948 span=1 sleep=5/8 waiting
[INFO] [Deactivate] voxel=7949 span=1 sleep=4/8 waiting
[INFO] [Deactivate] voxel=7951 span=1 sleep=4/8 waiting
[INFO] [Deactivate] voxel=7952 span=1 sleep=7/8 waiting
[INFO] [Deactivate] voxel=7953 span=1 sleep=6/8 waiting
[INFO] [Deactivate] voxel=7954 span=1 sleep=6/8 waiting
[INFO] [Deactivate] voxel=7955 span=1 sleep=6/8 waiting
[INFO] [Deactivate] voxel=7956 span=1 sleep=5/8 waiting
[INFO] [Deactivate] voxel=7957 span=1 sleep=5/8 waiting
[INFO] [Deactivate] voxel=7958 span=1 sleep=4/8 waiting
[INFO] [Deactivate] voxel=7959 span=1 sleep=4/8 waiting
[INFO] [Deactivate] voxel=7960 span=1 sleep=4/8 waiting
[INFO] [Deactivate] voxel=7961 span=1 sleep=4/8 waiting
[INFO] [Deactivate] voxel=7962 span=1 sleep=4/8 waiting
[INFO] [Deactivate] voxel=7965 span=1 sleep=7/8 waiting
[INFO] [Deactivate] voxel=7966 span=1 sleep=7/8 waiting
[INFO] [Deactivate] voxel=7967 span=1 sleep=7/8 waiting
[INFO] [Deactivate] voxel=7968 span=1 sleep=7/8 waiting
[INFO] [Deactivate] voxel=7969 span=1 sleep=7/8 waiting
[INFO] [Deactivate] voxel=7970 span=1 sleep=7/8 waiting
[INFO] [Deactivate] voxel=7971 span=1 sleep=7/8 waiting
[INFO] [Deactivate] voxel=7972 span=1 sleep=7/8 waiting
[INFO] [Deactivate] voxel=7973 span=1 sleep=7/8 waiting
[INFO] [Deactivate] voxel=7974 span=1 sleep=5/8 waiting
[INFO] [Deactivate] voxel=7975 span=1 sleep=5/8 waiting
[INFO] [Deactivate] voxel=7976 span=1 sleep=5/8 waiting
[INFO] [Deactivate] voxel=7977 span=1 sleep=5/8 waiting
[INFO] [Deactivate] voxel=7978 span=1 sleep=5/8 waiting
[INFO] [Deactivate] voxel=7979 span=1 sleep=4/8 waiting
[INFO] [Deactivate] voxel=7980 span=1 sleep=4/8 waiting
[INFO] [Deactivate] voxel=7981 span=1 sleep=4/8 waiting
[INFO] [Deactivate] voxel=7982 span=1 sleep=3/8 waiting
[INFO] [Deactivate] voxel=7983 span=1 sleep=3/8 waiting
[INFO] [Deactivate] voxel=7984 span=1 sleep=3/8 waiting
[INFO] [Deactivate] voxel=7985 span=1 sleep=3/8 waiting
[INFO] [Deactivate] voxel=7986 span=1 sleep=3/8 waiting
[INFO] [Deactivate] voxel=7987 span=1 sleep=3/8 waiting
[INFO] [Deactivate] voxel=7988 span=1 sleep=2/8 waiting
[INFO] [Deactivate] voxel=7989 span=1 sleep=2/8 waiting
[INFO] [Deactivate] voxel=7990 span=1 sleep=2/8 waiting
[INFO] [Deactivate] voxel=7991 span=1 sleep=2/8 waiting
[INFO] [Deactivate] voxel=7992 span=1 sleep=2/8 waiting
[INFO] [Deactivate] voxel=7993 span=1 sleep=2/8 waiting
[INFO] [Deactivate] voxel=7994 span=1 sleep=2/8 waiting
[INFO] [Deactivate] voxel=7995 span=1 sleep=2/8 waiting
[INFO] [Deactivate] voxel=7996 span=1 sleep=2/8 waiting
[INFO] [Deactivate] voxel=7997 span=1 sleep=2/8 waiting
[INFO] [Deactivate] voxel=7998 span=1 sleep=2/8 waiting
[INFO] [Deactivate] voxel=7999 span=1 sleep=2/8 waiting
[INFO] [Deactivate] voxel=8000 span=1 sleep=2/8 waiting
[INFO] [Deactivate] voxel=8001 span=1 sleep=2/8 waiting
[INFO] [Deactivate] voxel=8002 span=1 sleep=2/8 waiting
[INFO] [Deactivate] voxel=8003 span=1 sleep=1/8 waiting
[INFO] [Deactivate] voxel=8004 span=1 sleep=1/8 waiting
[INFO] [Deactivate] voxel=8005 span=1 sleep=1/8 waiting
[INFO] [Deactivate] voxel=8006 span=1 sleep=1/8 waiting
[INFO] [Deactivate] voxel=8007 span=1 sleep=1/8 waiting
[INFO] [Deactivate] voxel=8008 span=1 sleep=1/8 waiting
[INFO] [Deactivate] voxel=8009 span=1 sleep=1/8 waiting
[INFO] VAO: [ID 13] Unloaded vertex array data from VRAM (GPU)
[INFO] VAO: [ID 14] Mesh uploaded successfully to VRAM (GPU)
[INFO] [Deactivate] voxel=7723 cluster_ready=false fail_idx=7806 sleep=7 reason=insufficient-sleep
[INFO] [Deactivate] voxel=7724 span=1 sleep=7/8 waiting
[INFO] [Deactivate] voxel=7725 span=1 sleep=6/8 waiting
[INFO] [Deactivate] voxel=7726 span=1 sleep=6/8 waiting
[INFO] [Deactivate] voxel=7727 span=1 sleep=5/8 waiting
[INFO] [Deactivate] voxel=7728 span=1 sleep=4/8 waiting
[INFO] [Deactivate] voxel=7729 span=1 sleep=4/8 waiting
[INFO] [Deactivate] voxel=7736 span=1 sleep=7/8 waiting
[INFO] [Deactivate] voxel=7737 span=1 sleep=7/8 waiting
[INFO] [Deactivate] voxel=7738 span=1 sleep=6/8 waiting
[INFO] [Deactivate] voxel=7739 span=1 sleep=4/8 waiting
[INFO] [Deactivate] voxel=7740 span=1 sleep=4/8 waiting
[INFO] [Deactivate] voxel=7743 span=1 sleep=7/8 waiting
[INFO] [Deactivate] voxel=7745 span=1 sleep=3/8 waiting
[INFO] [Deactivate] voxel=7748 span=1 sleep=7/8 waiting
[INFO] [Deactivate] voxel=7749 span=1 sleep=7/8 waiting
[INFO] [Deactivate] voxel=7750 span=1 sleep=4/8 waiting
[INFO] [Deactivate] voxel=7751 span=1 sleep=4/8 waiting
[INFO] [Deactivate] voxel=7752 span=1 sleep=4/8 waiting
[INFO] [Deactivate] voxel=7753 span=1 sleep=4/8 waiting
[INFO] [Deactivate] voxel=7754 span=1 sleep=3/8 waiting
[INFO] [Deactivate] voxel=7760 span=1 sleep=7/8 waiting
[INFO] [Deactivate] voxel=7761 span=1 sleep=7/8 waiting
[INFO] [Deactivate] voxel=7762 span=1 sleep=4/8 waiting
[INFO] [Deactivate] voxel=7763 span=1 sleep=4/8 waiting
[INFO] [Deactivate] voxel=7764 span=1 sleep=7/8 waiting
[INFO] [Deactivate] voxel=7771 span=1 sleep=7/8 waiting
[INFO] [Deactivate] voxel=7772 span=1 sleep=6/8 waiting
[INFO] [Deactivate] voxel=7773 span=1 sleep=6/8 waiting
[INFO] [Deactivate] voxel=7774 span=1 sleep=5/8 waiting
[INFO] [Deactivate] voxel=7775 span=1 sleep=7/8 waiting
[INFO] [Deactivate] voxel=7782 span=1 sleep=7/8 waiting
[INFO] [Deactivate] voxel=7783 span=1 sleep=6/8 waiting
[INFO] [Deactivate] voxel=7784 span=1 sleep=5/8 waiting
[INFO] [Deactivate] voxel=7785 span=1 sleep=5/8 waiting
[INFO] [Deactivate] voxel=7786 span=1 sleep=7/8 waiting
[INFO] [Support] no-static-connection pos=(-2.34,5.47,-6.07) bounds=(-5..-5,10..10,-13..-13)
[INFO] [Deactivate] cluster_support=false count=1 checked=1 invalid=0 reason=no-static-connection
[INFO] [Deactivate] voxel=7789 cluster=1 lacks static support
[INFO] [Deactivate] voxel=7793 span=1 sleep=7/8 waiting
[INFO] [Deactivate] voxel=7794 span=1 sleep=7/8 waiting
[INFO] [Deactivate] voxel=7795 span=1 sleep=7/8 waiting
[INFO] [Deactivate] voxel=7796 span=1 sleep=6/8 waiting
[INFO] [Deactivate] voxel=7797 span=1 sleep=6/8 waiting
[INFO] [Deactivate] voxel=7799 span=1 sleep=6/8 waiting
[INFO] [Deactivate] voxel=7800 span=1 sleep=6/8 waiting
[INFO] [Deactivate] voxel=7803 span=1 sleep=7/8 waiting
[INFO] [Deactivate] voxel=7804 span=1 sleep=7/8 waiting
[INFO] [Deactivate] voxel=7805 span=1 sleep=7/8 waiting
[INFO] [Deactivate] voxel=7806 span=1 sleep=7/8 waiting
[INFO] [Deactivate] voxel=7807 span=1 sleep=6/8 waiting
[INFO] [Deactivate] voxel=7808 span=1 sleep=6/8 waiting
[INFO] [Deactivate] voxel=7809 span=1 sleep=7/8 waiting
[INFO] [Deactivate] voxel=7810 span=1 sleep=6/8 waiting
[INFO] [Deactivate] voxel=7811 span=1 sleep=6/8 waiting
[INFO] [Deactivate] voxel=7812 span=1 sleep=7/8 waiting
[INFO] [Deactivate] voxel=7813 span=1 sleep=7/8 waiting
[INFO] [Deactivate] voxel=7814 span=1 sleep=7/8 waiting
[INFO] [Deactivate] voxel=7815 span=1 sleep=7/8 waiting
[INFO] [Deactivate] voxel=7816 span=1 sleep=7/8 waiting
[INFO] [Deactivate] voxel=7817 span=1 sleep=7/8 waiting
[INFO] [Deactivate] voxel=7818 span=1 sleep=6/8 waiting
[INFO] [Deactivate] voxel=7819 span=1 sleep=6/8 waiting
[INFO] [Deactivate] voxel=7820 span=1 sleep=7/8 waiting
[INFO] [Deactivate] voxel=7821 span=1 sleep=7/8 waiting
[INFO] [Deactivate] voxel=7822 span=1 sleep=7/8 waiting
[INFO] [Deactivate] voxel=7823 span=2 sleep=7/8 waiting
[INFO] [Deactivate] voxel=7824 span=1 sleep=7/8 waiting
[INFO] [Deactivate] voxel=7825 span=1 sleep=7/8 waiting
[INFO] [Deactivate] voxel=7826 span=1 sleep=5/8 waiting
[INFO] [Deactivate] voxel=7827 span=1 sleep=4/8 waiting
[INFO] [Deactivate] voxel=7828 span=1 sleep=5/8 waiting
[INFO] [Deactivate] voxel=7829 span=1 sleep=5/8 waiting
[INFO] [Deactivate] voxel=7830 span=1 sleep=5/8 waiting
[INFO] [Deactivate] voxel=7831 span=1 sleep=7/8 waiting
[INFO] [Deactivate] voxel=7832 span=1 sleep=6/8 waiting
[INFO] [Deactivate] voxel=7833 span=1 sleep=7/8 waiting
[INFO] [Deactivate] voxel=7834 span=1 sleep=7/8 waiting
[INFO] [Deactivate] voxel=7835 span=1 sleep=7/8 waiting
[INFO] [Deactivate] voxel=7836 span=1 sleep=7/8 waiting
[INFO] [Deactivate] voxel=7837 span=1 sleep=5/8 waiting
[INFO] [Deactivate] voxel=7838 span=1 sleep=4/8 waiting
[INFO] [Deactivate] voxel=7839 span=1 sleep=5/8 waiting
[INFO] [Deactivate] voxel=7840 span=1 sleep=5/8 waiting
[INFO] [Deactivate] voxel=7841 span=1 sleep=5/8 waiting
[INFO] [Deactivate] voxel=7842 span=1 sleep=7/8 waiting
[INFO] [Deactivate] voxel=7843 span=1 sleep=7/8 waiting
[INFO] [Deactivate] voxel=7844 span=1 sleep=7/8 waiting
[INFO] [Deactivate] voxel=7845 span=1 sleep=7/8 waiting
[INFO] [Deactivate] voxel=7846 span=1 sleep=6/8 waiting
[INFO] [Deactivate] voxel=7847 span=1 sleep=6/8 waiting
[INFO] [Deactivate] voxel=7848 span=1 sleep=5/8 waiting
[INFO] [Deactivate] voxel=7849 span=1 sleep=5/8 waiting
[INFO] [Deactivate] voxel=7850 span=1 sleep=4/8 waiting
[INFO] [Deactivate] voxel=7851 span=1 sleep=4/8 waiting
[INFO] [Deactivate] voxel=7852 span=1 sleep=3/8 waiting
[INFO] [Deactivate] voxel=7853 span=2 sleep=7/8 waiting
[INFO] [Deactivate] voxel=7854 span=1 sleep=7/8 waiting
[INFO] [Deactivate] voxel=7855 span=1 sleep=7/8 waiting
[INFO] [Deactivate] voxel=7856 span=1 sleep=7/8 waiting
[INFO] [Deactivate] voxel=7857 span=1 sleep=7/8 waiting
[INFO] [Deactivate] voxel=7858 span=1 sleep=6/8 waiting
[INFO] [Deactivate] voxel=7859 span=1 sleep=6/8 waiting
[INFO] [Deactivate] voxel=7860 span=1 sleep=4/8 waiting
[INFO] [Deactivate] voxel=7861 span=1 sleep=4/8 waiting
[INFO] [Deactivate] voxel=7862 span=1 sleep=4/8 waiting
[INFO] [Deactivate] voxel=7863 span=1 sleep=3/8 waiting
[INFO] [Deactivate] voxel=7864 span=1 sleep=7/8 waiting
[INFO] [Deactivate] voxel=7865 span=1 sleep=7/8 waiting
[INFO] [Deactivate] voxel=7866 span=1 sleep=7/8 waiting
[INFO] [Deactivate] voxel=7867 span=1 sleep=7/8 waiting
[INFO] [Deactivate] voxel=7868 span=1 sleep=7/8 waiting
[INFO] [Deactivate] voxel=7869 span=1 sleep=7/8 waiting
[INFO] [Deactivate] voxel=7870 span=1 sleep=7/8 waiting
[INFO] [Deactivate] voxel=7871 span=1 sleep=6/8 waiting
[INFO] [Deactivate] voxel=7872 span=1 sleep=4/8 waiting
[INFO] [Deactivate] voxel=7873 span=1 sleep=4/8 waiting
[INFO] [Deactivate] voxel=7874 span=1 sleep=4/8 waiting
[INFO] [Deactivate] voxel=7875 span=2 sleep=7/8 waiting
[INFO] [Deactivate] voxel=7879 span=1 sleep=7/8 waiting
[INFO] [Deactivate] voxel=7880 span=1 sleep=7/8 waiting
[INFO] [Deactivate] voxel=7881 span=1 sleep=7/8 waiting
[INFO] [Deactivate] voxel=7882 span=1 sleep=6/8 waiting
[INFO] [Deactivate] voxel=7883 span=1 sleep=4/8 waiting
[INFO] [Deactivate] voxel=7884 span=1 sleep=5/8 waiting
[INFO] [Deactivate] voxel=7885 span=1 sleep=4/8 waiting
[INFO] [Deactivate] voxel=7890 span=1 sleep=7/8 waiting
[INFO] [Deactivate] voxel=7891 span=1 sleep=7/8 waiting
[INFO] [Deactivate] voxel=7892 span=1 sleep=7/8 waiting
[INFO] [Deactivate] voxel=7893 span=1 sleep=6/8 waiting
[INFO] [Deactivate] voxel=7894 span=1 sleep=5/8 waiting
[INFO] [Deactivate] voxel=7895 span=1 sleep=5/8 waiting
[INFO] [Deactivate] voxel=7896 span=1 sleep=5/8 waiting
[INFO] [Deactivate] voxel=7899 span=1 sleep=5/8 waiting
[INFO] [Deactivate] voxel=7902 span=1 sleep=7/8 waiting
[INFO] [Deactivate] voxel=7903 span=1 sleep=7/8 waiting
[INFO] [Deactivate] voxel=7904 span=1 sleep=7/8 waiting
[INFO] [Deactivate] voxel=7905 span=1 sleep=5/8 waiting
[INFO] [Deactivate] voxel=7906 span=1 sleep=6/8 waiting
[INFO] [Deactivate] voxel=7907 span=1 sleep=5/8 waiting
[INFO] [Deactivate] voxel=7912 span=1 sleep=7/8 waiting
[INFO] [Deactivate] voxel=7913 span=1 sleep=7/8 waiting
[INFO] [Deactivate] voxel=7914 span=1 sleep=7/8 waiting
[INFO] [Deactivate] voxel=7915 span=1 sleep=7/8 waiting
[INFO] [Deactivate] voxel=7916 span=1 sleep=7/8 waiting
[INFO] [Deactivate] voxel=7917 span=1 sleep=6/8 waiting
[INFO] [Deactivate] voxel=7918 span=1 sleep=6/8 waiting
[INFO] [Deactivate] voxel=7920 span=1 sleep=3/8 waiting
[INFO] [Deactivate] voxel=7921 span=1 sleep=3/8 waiting
[INFO] [Deactivate] voxel=7922 span=1 sleep=3/8 waiting
[INFO] [Deactivate] voxel=7923 span=1 sleep=7/8 waiting
[INFO] [Deactivate] voxel=7924 span=1 sleep=7/8 waiting
[INFO] [Deactivate] voxel=7925 span=1 sleep=7/8 waiting
[INFO] [Deactivate] voxel=7926 span=1 sleep=7/8 waiting
[INFO] [Deactivate] voxel=7927 span=1 sleep=7/8 waiting
[INFO] [Deactivate] voxel=7928 span=1 sleep=7/8 waiting
[INFO] [Deactivate] voxel=7929 span=1 sleep=7/8 waiting
[INFO] [Deactivate] voxel=7930 span=1 sleep=7/8 waiting
[INFO] [Deactivate] voxel=7931 span=1 sleep=7/8 waiting
[INFO] [Deactivate] voxel=7932 span=1 sleep=7/8 waiting
[INFO] [Deactivate] voxel=7933 span=1 sleep=7/8 waiting
[INFO] [Deactivate] voxel=7934 span=1 sleep=7/8 waiting
[INFO] [Deactivate] voxel=7935 span=1 sleep=7/8 waiting
[INFO] [Deactivate] voxel=7936 span=1 sleep=7/8 waiting
[INFO] [Deactivate] voxel=7937 span=1 sleep=7/8 waiting
[INFO] [Deactivate] voxel=7938 span=1 sleep=7/8 waiting
[INFO] [Deactivate] voxel=7939 span=1 sleep=7/8 waiting
[INFO] [Deactivate] voxel=7940 span=1 sleep=7/8 waiting
[INFO] [Deactivate] voxel=7941 span=1 sleep=7/8 waiting
[INFO] [Deactivate] voxel=7942 span=1 sleep=7/8 waiting
[INFO] [Deactivate] voxel=7943 span=1 sleep=7/8 waiting
[INFO] [Deactivate] voxel=7944 span=1 sleep=7/8 waiting
[INFO] [Deactivate] voxel=7945 span=1 sleep=7/8 waiting
[INFO] [Deactivate] voxel=7946 span=1 sleep=7/8 waiting
[INFO] [Deactivate] voxel=7947 span=1 sleep=7/8 waiting
[INFO] [Deactivate] voxel=7948 span=1 sleep=6/8 waiting
[INFO] [Deactivate] voxel=7949 span=1 sleep=5/8 waiting
[INFO] [Deactivate] voxel=7951 span=1 sleep=5/8 waiting
[INFO] [Deactivate] voxel=7952 span=1 sleep=7/8 waiting
[INFO] [Deactivate] voxel=7953 span=1 sleep=7/8 waiting
[INFO] [Deactivate] voxel=7954 span=1 sleep=7/8 waiting
[INFO] [Deactivate] voxel=7955 span=1 sleep=7/8 waiting
[INFO] [Deactivate] voxel=7956 span=1 sleep=6/8 waiting
[INFO] [Deactivate] voxel=7957 span=1 sleep=6/8 waiting
[INFO] [Deactivate] voxel=7958 span=1 sleep=5/8 waiting
[INFO] [Deactivate] voxel=7959 span=1 sleep=5/8 waiting
[INFO] [Deactivate] voxel=7960 span=1 sleep=5/8 waiting
[INFO] [Deactivate] voxel=7961 span=1 sleep=5/8 waiting
[INFO] [Deactivate] voxel=7962 span=1 sleep=5/8 waiting
[INFO] [Deactivate] voxel=7965 span=1 sleep=7/8 waiting
[INFO] [Deactivate] voxel=7966 span=1 sleep=7/8 waiting
[INFO] [Deactivate] voxel=7967 span=1 sleep=7/8 waiting
[INFO] [Deactivate] voxel=7968 span=1 sleep=7/8 waiting
[INFO] [Deactivate] voxel=7969 span=1 sleep=7/8 waiting
[INFO] [Deactivate] voxel=7970 span=1 sleep=7/8 waiting
[INFO] [Deactivate] voxel=7971 span=1 sleep=7/8 waiting
[INFO] [Deactivate] voxel=7972 span=1 sleep=7/8 waiting
[INFO] [Deactivate] voxel=7973 span=1 sleep=7/8 waiting
[INFO] [Deactivate] voxel=7974 span=1 sleep=6/8 waiting
[INFO] [Deactivate] voxel=7975 span=1 sleep=6/8 waiting
[INFO] [Deactivate] voxel=7976 span=1 sleep=6/8 waiting
[INFO] [Deactivate] voxel=7977 span=1 sleep=6/8 waiting
[INFO] [Deactivate] voxel=7978 span=1 sleep=6/8 waiting
[INFO] [Deactivate] voxel=7979 span=1 sleep=5/8 waiting
[INFO] [Deactivate] voxel=7980 span=1 sleep=5/8 waiting
[INFO] [Deactivate] voxel=7981 span=1 sleep=5/8 waiting
[INFO] [Deactivate] voxel=7982 span=1 sleep=4/8 waiting
[INFO] [Deactivate] voxel=7983 span=1 sleep=4/8 waiting
[INFO] [Deactivate] voxel=7984 span=1 sleep=4/8 waiting
[INFO] [Deactivate] voxel=7985 span=1 sleep=4/8 waiting
[INFO] [Deactivate] voxel=7986 span=1 sleep=4/8 waiting
[INFO] [Deactivate] voxel=7987 span=1 sleep=4/8 waiting
[INFO] [Deactivate] voxel=7988 span=1 sleep=3/8 waiting
[INFO] [Deactivate] voxel=7989 span=1 sleep=3/8 waiting
[INFO] [Deactivate] voxel=7990 span=1 sleep=3/8 waiting
[INFO] [Deactivate] voxel=7991 span=1 sleep=3/8 waiting
[INFO] [Deactivate] voxel=7992 span=1 sleep=3/8 waiting
[INFO] [Deactivate] voxel=7993 span=1 sleep=3/8 waiting
[INFO] [Deactivate] voxel=7994 span=1 sleep=3/8 waiting
[INFO] [Deactivate] voxel=7995 span=1 sleep=3/8 waiting
[INFO] [Deactivate] voxel=7996 span=1 sleep=3/8 waiting
[INFO] [Deactivate] voxel=7997 span=1 sleep=3/8 waiting
[INFO] [Deactivate] voxel=7998 span=1 sleep=3/8 waiting
[INFO] [Deactivate] voxel=7999 span=1 sleep=3/8 waiting
[INFO] [Deactivate] voxel=8000 span=1 sleep=3/8 waiting
[INFO] [Deactivate] voxel=8001 span=1 sleep=3/8 waiting
[INFO] [Deactivate] voxel=8002 span=1 sleep=3/8 waiting
[INFO] [Deactivate] voxel=8003 span=1 sleep=2/8 waiting
[INFO] [Deactivate] voxel=8004 span=1 sleep=2/8 waiting
[INFO] [Deactivate] voxel=8005 span=1 sleep=2/8 waiting
[INFO] [Deactivate] voxel=8006 span=1 sleep=2/8 waiting
[INFO] [Deactivate] voxel=8007 span=1 sleep=2/8 waiting
[INFO] [Deactivate] voxel=8008 span=1 sleep=2/8 waiting
[INFO] [Deactivate] voxel=8009 span=1 sleep=2/8 waiting
[INFO] [Deactivate] voxel=7723 cluster_ready=false fail_idx=7774 sleep=6 reason=insufficient-sleep
[INFO] [Deactivate] voxel=7724 span=1 sleep=7/8 waiting
[INFO] [Deactivate] voxel=7725 span=1 sleep=7/8 waiting
[INFO] [Deactivate] voxel=7726 span=1 sleep=7/8 waiting
[INFO] [Deactivate] voxel=7727 span=1 sleep=6/8 waiting
[INFO] [Deactivate] voxel=7728 span=1 sleep=5/8 waiting
[INFO] [Deactivate] voxel=7729 span=1 sleep=5/8 waiting
[INFO] [Deactivate] voxel=7736 span=1 sleep=7/8 waiting
[INFO] [Deactivate] voxel=7737 span=1 sleep=7/8 waiting
[INFO] [Deactivate] voxel=7738 span=1 sleep=7/8 waiting
[INFO] [Deactivate] voxel=7739 span=1 sleep=5/8 waiting
[INFO] [Deactivate] voxel=7740 span=1 sleep=5/8 waiting
[INFO] [Deactivate] voxel=7743 span=1 sleep=7/8 waiting
[INFO] [Deactivate] voxel=7745 span=1 sleep=4/8 waiting
[INFO] [Deactivate] voxel=7748 span=1 sleep=7/8 waiting
[INFO] [Deactivate] voxel=7749 span=1 sleep=7/8 waiting
[INFO] [Deactivate] voxel=7750 span=1 sleep=5/8 waiting
[INFO] [Deactivate] voxel=7751 span=1 sleep=5/8 waiting
[INFO] [Deactivate] voxel=7752 span=1 sleep=5/8 waiting
[INFO] [Deactivate] voxel=7753 span=1 sleep=5/8 waiting
[INFO] [Deactivate] voxel=7754 span=1 sleep=4/8 waiting
[INFO] [Deactivate] voxel=7760 span=1 sleep=7/8 waiting
[INFO] [Deactivate] voxel=7761 span=1 sleep=7/8 waiting
[INFO] [Deactivate] voxel=7762 span=1 sleep=5/8 waiting
[INFO] [Deactivate] voxel=7763 span=1 sleep=5/8 waiting
[INFO] [Deactivate] voxel=7764 span=1 sleep=7/8 waiting
[INFO] [Deactivate] voxel=7771 span=1 sleep=7/8 waiting
[INFO] [Deactivate] voxel=7772 span=1 sleep=7/8 waiting
[INFO] [Deactivate] voxel=7773 span=1 sleep=7/8 waiting
[INFO] [Deactivate] voxel=7774 span=1 sleep=6/8 waiting
[INFO] [Deactivate] voxel=7775 span=1 sleep=7/8 waiting
[INFO] [Deactivate] voxel=7782 span=1 sleep=7/8 waiting
[INFO] [Deactivate] voxel=7783 span=1 sleep=7/8 waiting
[INFO] [Deactivate] voxel=7784 span=1 sleep=6/8 waiting
[INFO] [Deactivate] voxel=7785 span=1 sleep=6/8 waiting
[INFO] [Deactivate] voxel=7786 span=1 sleep=7/8 waiting
[INFO] [Support] no-static-connection pos=(-2.59,5.10,-6.57) bounds=(-6..-6,10..10,-14..-14)
[INFO] [Deactivate] cluster_support=false count=1 checked=1 invalid=0 reason=no-static-connection
[INFO] [Deactivate] voxel=7789 cluster=1 lacks static support
[INFO] [Deactivate] voxel=7793 span=1 sleep=7/8 waiting
[INFO] [Deactivate] voxel=7794 span=1 sleep=7/8 waiting
[INFO] [Deactivate] voxel=7795 span=1 sleep=7/8 waiting
[INFO] [Deactivate] voxel=7796 span=1 sleep=7/8 waiting
[INFO] [Deactivate] voxel=7797 span=1 sleep=7/8 waiting
[INFO] [Deactivate] voxel=7799 span=1 sleep=7/8 waiting
[INFO] [Deactivate] voxel=7800 span=1 sleep=7/8 waiting
[INFO] [Deactivate] voxel=7803 span=1 sleep=7/8 waiting
[INFO] [Deactivate] voxel=7804 span=1 sleep=7/8 waiting
[INFO] [Deactivate] voxel=7805 span=1 sleep=7/8 waiting
[INFO] [Deactivate] voxel=7806 span=1 sleep=7/8 waiting
[INFO] [Deactivate] voxel=7807 span=1 sleep=7/8 waiting
[INFO] [Deactivate] voxel=7808 span=1 sleep=7/8 waiting
[INFO] [Deactivate] voxel=7809 span=1 sleep=7/8 waiting
[INFO] [Deactivate] voxel=7810 span=1 sleep=7/8 waiting
[INFO] [Deactivate] voxel=7811 span=1 sleep=7/8 waiting
[INFO] [Deactivate] voxel=7812 span=1 sleep=7/8 waiting
[INFO] [Deactivate] voxel=7813 span=1 sleep=7/8 waiting
[INFO] [Deactivate] voxel=7814 span=1 sleep=7/8 waiting
[INFO] [Deactivate] voxel=7815 span=1 sleep=7/8 waiting
[INFO] [Deactivate] voxel=7816 span=1 sleep=7/8 waiting
[INFO] [Deactivate] voxel=7817 span=1 sleep=7/8 waiting
[INFO] [Deactivate] voxel=7818 span=1 sleep=7/8 waiting
[INFO] [Deactivate] voxel=7819 span=1 sleep=7/8 waiting
[INFO] [Deactivate] voxel=7820 span=1 sleep=7/8 waiting
[INFO] [Deactivate] voxel=7821 span=1 sleep=7/8 waiting
[INFO] [Deactivate] voxel=7822 span=1 sleep=7/8 waiting
[INFO] [Deactivate] voxel=7823 span=2 sleep=7/8 waiting
[INFO] [Deactivate] voxel=7824 span=1 sleep=7/8 waiting
[INFO] [Deactivate] voxel=7825 span=1 sleep=7/8 waiting
[INFO] [Deactivate] voxel=7826 span=1 sleep=6/8 waiting
[INFO] [Deactivate] voxel=7827 span=1 sleep=5/8 waiting
[INFO] [Deactivate] voxel=7828 span=1 sleep=6/8 waiting
[INFO] [Deactivate] voxel=7829 span=1 sleep=6/8 waiting
[INFO] [Deactivate] voxel=7830 span=1 sleep=6/8 waiting
[INFO] [Deactivate] voxel=7831 span=1 sleep=7/8 waiting
[INFO] [Deactivate] voxel=7832 span=1 sleep=7/8 waiting
[INFO] [Deactivate] voxel=7833 span=1 sleep=7/8 waiting
[INFO] [Deactivate] voxel=7834 span=1 sleep=7/8 waiting
[INFO] [Deactivate] voxel=7835 span=1 sleep=7/8 waiting
[INFO] [Deactivate] voxel=7836 span=1 sleep=7/8 waiting
[INFO] [Deactivate] voxel=7837 span=1 sleep=6/8 waiting
[INFO] [Deactivate] voxel=7838 span=1 sleep=5/8 waiting
[INFO] [Deactivate] voxel=7839 span=1 sleep=6/8 waiting
[INFO] [Deactivate] voxel=7840 span=1 sleep=6/8 waiting
[INFO] [Deactivate] voxel=7841 span=1 sleep=6/8 waiting
[INFO] [Deactivate] voxel=7842 span=1 sleep=7/8 waiting
[INFO] [Deactivate] voxel=7843 span=1 sleep=7/8 waiting
[INFO] [Deactivate] voxel=7844 span=1 sleep=7/8 waiting
[INFO] [Deactivate] voxel=7845 span=1 sleep=7/8 waiting
[INFO] [Deactivate] voxel=7846 span=1 sleep=7/8 waiting
[INFO] [Deactivate] voxel=7847 span=1 sleep=7/8 waiting
[INFO] [Deactivate] voxel=7848 span=1 sleep=6/8 waiting
[INFO] [Deactivate] voxel=7849 span=1 sleep=6/8 waiting
[INFO] [Deactivate] voxel=7850 span=1 sleep=5/8 waiting
[INFO] [Deactivate] voxel=7851 span=1 sleep=5/8 waiting
[INFO] [Deactivate] voxel=7852 span=1 sleep=4/8 waiting
[INFO] [Deactivate] voxel=7853 span=2 sleep=7/8 waiting
[INFO] [Deactivate] voxel=7854 span=1 sleep=7/8 waiting
[INFO] [Deactivate] voxel=7855 span=1 sleep=7/8 waiting
[INFO] [Deactivate] voxel=7856 span=1 sleep=7/8 waiting
[INFO] [Deactivate] voxel=7857 span=1 sleep=7/8 waiting
[INFO] [Deactivate] voxel=7858 span=1 sleep=7/8 waiting
[INFO] [Deactivate] voxel=7859 span=1 sleep=7/8 waiting
[INFO] [Deactivate] voxel=7860 span=1 sleep=5/8 waiting
[INFO] [Deactivate] voxel=7861 span=1 sleep=5/8 waiting
[INFO] [Deactivate] voxel=7862 span=1 sleep=5/8 waiting
[INFO] [Deactivate] voxel=7863 span=1 sleep=4/8 waiting
[INFO] [Deactivate] voxel=7864 span=1 sleep=7/8 waiting
[INFO] [Deactivate] voxel=7865 span=1 sleep=7/8 waiting
[INFO] [Deactivate] voxel=7866 span=1 sleep=7/8 waiting
[INFO] [Deactivate] voxel=7867 span=1 sleep=7/8 waiting
[INFO] [Deactivate] voxel=7868 span=1 sleep=7/8 waiting
[INFO] [Deactivate] voxel=7869 span=1 sleep=7/8 waiting
[INFO] [Deactivate] voxel=7870 span=1 sleep=7/8 waiting
[INFO] [Deactivate] voxel=7871 span=1 sleep=7/8 waiting
[INFO] [Deactivate] voxel=7872 span=1 sleep=5/8 waiting
[INFO] [Deactivate] voxel=7873 span=1 sleep=5/8 waiting
[INFO] [Deactivate] voxel=7874 span=1 sleep=5/8 waiting
[INFO] [Deactivate] voxel=7875 span=2 sleep=7/8 waiting
[INFO] [Deactivate] voxel=7879 span=1 sleep=7/8 waiting
[INFO] [Deactivate] voxel=7880 span=1 sleep=7/8 waiting
[INFO] [Deactivate] voxel=7881 span=1 sleep=7/8 waiting
[INFO] [Deactivate] voxel=7882 span=1 sleep=7/8 waiting
[INFO] [Deactivate] voxel=7883 span=1 sleep=5/8 waiting
[INFO] [Deactivate] voxel=7884 span=1 sleep=6/8 waiting
[INFO] [Deactivate] voxel=7885 span=1 sleep=5/8 waiting
[INFO] [Deactivate] voxel=7890 span=1 sleep=7/8 waiting
[INFO] [Deactivate] voxel=7891 span=1 sleep=7/8 waiting
[INFO] [Deactivate] voxel=7892 span=1 sleep=7/8 waiting
[INFO] [Deactivate] voxel=7893 span=1 sleep=7/8 waiting
[INFO] [Deactivate] voxel=7894 span=1 sleep=6/8 waiting
[INFO] [Deactivate] voxel=7895 span=1 sleep=6/8 waiting
[INFO] [Deactivate] voxel=7896 span=1 sleep=6/8 waiting
[INFO] [Deactivate] voxel=7899 span=1 sleep=6/8 waiting
[INFO] [Deactivate] voxel=7902 span=1 sleep=7/8 waiting
[INFO] [Deactivate] voxel=7903 span=1 sleep=7/8 waiting
[INFO] [Deactivate] voxel=7904 span=1 sleep=7/8 waiting
[INFO] [Deactivate] voxel=7905 span=1 sleep=6/8 waiting
[INFO] [Deactivate] voxel=7906 span=1 sleep=7/8 waiting
[INFO] [Deactivate] voxel=7907 span=1 sleep=6/8 waiting
[INFO] [Deactivate] voxel=7912 span=1 sleep=7/8 waiting
[INFO] [Deactivate] voxel=7913 span=1 sleep=7/8 waiting
[INFO] [Deactivate] voxel=7914 span=1 sleep=7/8 waiting
[INFO] [Deactivate] voxel=7915 span=1 sleep=7/8 waiting
[INFO] [Deactivate] voxel=7916 span=1 sleep=7/8 waiting
[INFO] [Deactivate] voxel=7917 span=1 sleep=7/8 waiting
[INFO] [Deactivate] voxel=7918 span=1 sleep=7/8 waiting
[INFO] [Deactivate] voxel=7920 span=1 sleep=4/8 waiting
[INFO] [Deactivate] voxel=7921 span=1 sleep=4/8 waiting
[INFO] [Deactivate] voxel=7922 span=1 sleep=4/8 waiting
[INFO] [Deactivate] voxel=7923 span=1 sleep=7/8 waiting
[INFO] [Deactivate] voxel=7924 span=1 sleep=7/8 waiting
[INFO] [Deactivate] voxel=7925 span=1 sleep=7/8 waiting
[INFO] [Deactivate] voxel=7926 span=1 sleep=7/8 waiting
[INFO] [Deactivate] voxel=7927 span=1 sleep=7/8 waiting
[INFO] [Deactivate] voxel=7928 span=1 sleep=7/8 waiting
[INFO] [Deactivate] voxel=7929 span=1 sleep=7/8 waiting
[INFO] [Deactivate] voxel=7930 span=1 sleep=7/8 waiting
[INFO] [Deactivate] voxel=7931 span=1 sleep=7/8 waiting
[INFO] [Deactivate] voxel=7932 span=1 sleep=7/8 waiting
[INFO] [Deactivate] voxel=7933 span=1 sleep=7/8 waiting
[INFO] [Deactivate] voxel=7934 span=1 sleep=7/8 waiting
[INFO] [Deactivate] voxel=7935 span=1 sleep=7/8 waiting
[INFO] [Deactivate] voxel=7936 span=1 sleep=7/8 waiting
[INFO] [Deactivate] voxel=7937 span=1 sleep=7/8 waiting
[INFO] [Deactivate] voxel=7938 span=1 sleep=7/8 waiting
[INFO] [Deactivate] voxel=7939 span=1 sleep=7/8 waiting
[INFO] [Deactivate] voxel=7940 span=1 sleep=7/8 waiting
[INFO] [Deactivate] voxel=7941 span=1 sleep=7/8 waiting
[INFO] [Deactivate] voxel=7942 span=1 sleep=7/8 waiting
[INFO] [Deactivate] voxel=7943 span=1 sleep=7/8 waiting
[INFO] [Deactivate] voxel=7944 span=1 sleep=7/8 waiting
[INFO] [Deactivate] voxel=7945 span=1 sleep=7/8 waiting
[INFO] [Deactivate] voxel=7946 span=1 sleep=7/8 waiting
[INFO] [Deactivate] voxel=7947 span=1 sleep=7/8 waiting
[INFO] [Deactivate] voxel=7948 span=1 sleep=7/8 waiting
[INFO] [Deactivate] voxel=7949 span=1 sleep=6/8 waiting
[INFO] [Deactivate] voxel=7951 span=1 sleep=6/8 waiting
[INFO] [Deactivate] voxel=7952 span=1 sleep=7/8 waiting
[INFO] [Deactivate] voxel=7953 span=1 sleep=7/8 waiting
[INFO] [Deactivate] voxel=7954 span=1 sleep=7/8 waiting
[INFO] [Deactivate] voxel=7955 span=1 sleep=7/8 waiting
[INFO] [Deactivate] voxel=7956 span=1 sleep=7/8 waiting
[INFO] [Deactivate] voxel=7957 span=1 sleep=7/8 waiting
[INFO] [Deactivate] voxel=7958 span=1 sleep=6/8 waiting
[INFO] [Deactivate] voxel=7959 span=1 sleep=6/8 waiting
[INFO] [Deactivate] voxel=7960 span=1 sleep=6/8 waiting
[INFO] [Deactivate] voxel=7961 span=1 sleep=6/8 waiting
[INFO] [Deactivate] voxel=7962 span=1 sleep=6/8 waiting
[INFO] [Deactivate] voxel=7965 span=1 sleep=7/8 waiting
[INFO] [Deactivate] voxel=7966 span=1 sleep=7/8 waiting
[INFO] [Deactivate] voxel=7967 span=1 sleep=7/8 waiting
[INFO] [Deactivate] voxel=7968 span=1 sleep=7/8 waiting
[INFO] [Deactivate] voxel=7969 span=1 sleep=7/8 waiting
[INFO] [Deactivate] voxel=7970 span=1 sleep=7/8 waiting
[INFO] [Deactivate] voxel=7971 span=1 sleep=7/8 waiting
[INFO] [Deactivate] voxel=7972 span=1 sleep=7/8 waiting
[INFO] [Deactivate] voxel=7973 span=1 sleep=7/8 waiting
[INFO] [Deactivate] voxel=7974 span=1 sleep=7/8 waiting
[INFO] [Deactivate] voxel=7975 span=1 sleep=7/8 waiting
[INFO] [Deactivate] voxel=7976 span=1 sleep=7/8 waiting
[INFO] [Deactivate] voxel=7977 span=1 sleep=7/8 waiting
[INFO] [Deactivate] voxel=7978 span=1 sleep=7/8 waiting
[INFO] [Deactivate] voxel=7979 span=1 sleep=6/8 waiting
[INFO] [Deactivate] voxel=7980 span=1 sleep=6/8 waiting
[INFO] [Deactivate] voxel=7981 span=1 sleep=6/8 waiting
[INFO] [Deactivate] voxel=7982 span=1 sleep=5/8 waiting
[INFO] [Deactivate] voxel=7983 span=1 sleep=5/8 waiting
[INFO] [Deactivate] voxel=7984 span=1 sleep=5/8 waiting
[INFO] [Deactivate] voxel=7985 span=1 sleep=5/8 waiting
[INFO] [Deactivate] voxel=7986 span=1 sleep=5/8 waiting
[INFO] [Deactivate] voxel=7987 span=1 sleep=5/8 waiting
[INFO] [Deactivate] voxel=7988 span=1 sleep=4/8 waiting
[INFO] [Deactivate] voxel=7989 span=1 sleep=4/8 waiting
[INFO] [Deactivate] voxel=7990 span=1 sleep=4/8 waiting
[INFO] [Deactivate] voxel=7991 span=1 sleep=4/8 waiting
[INFO] [Deactivate] voxel=7992 span=1 sleep=4/8 waiting
[INFO] [Deactivate] voxel=7993 span=1 sleep=4/8 waiting
[INFO] [Deactivate] voxel=7994 span=1 sleep=4/8 waiting
[INFO] [Deactivate] voxel=7995 span=1 sleep=4/8 waiting
[INFO] [Deactivate] voxel=7996 span=1 sleep=4/8 waiting
[INFO] [Deactivate] voxel=7997 span=1 sleep=4/8 waiting
[INFO] [Deactivate] voxel=7998 span=1 sleep=4/8 waiting
[INFO] [Deactivate] voxel=7999 span=1 sleep=4/8 waiting
[INFO] [Deactivate] voxel=8000 span=1 sleep=4/8 waiting
[INFO] [Deactivate] voxel=8001 span=1 sleep=4/8 waiting
[INFO] [Deactivate] voxel=8002 span=1 sleep=4/8 waiting
[INFO] [Deactivate] voxel=8003 span=1 sleep=3/8 waiting
[INFO] [Deactivate] voxel=8004 span=1 sleep=3/8 waiting
[INFO] [Deactivate] voxel=8005 span=1 sleep=3/8 waiting
[INFO] [Deactivate] voxel=8006 span=1 sleep=3/8 waiting
[INFO] [Deactivate] voxel=8007 span=1 sleep=3/8 waiting
[INFO] [Deactivate] voxel=8008 span=1 sleep=3/8 waiting
[INFO] [Deactivate] voxel=8009 span=1 sleep=3/8 waiting
[INFO] [Deactivate] voxel=7723 cluster_ready=false fail_idx=7774 sleep=7 reason=insufficient-sleep
[INFO] [Deactivate] voxel=7724 span=1 sleep=7/8 waiting
[INFO] [Deactivate] voxel=7725 span=1 sleep=7/8 waiting
[INFO] [Deactivate] voxel=7726 span=1 sleep=7/8 waiting
[INFO] [Deactivate] voxel=7727 span=1 sleep=7/8 waiting
[INFO] [Deactivate] voxel=7728 span=1 sleep=6/8 waiting
[INFO] [Deactivate] voxel=7729 span=1 sleep=6/8 waiting
[INFO] [Deactivate] voxel=7736 span=1 sleep=7/8 waiting
[INFO] [Deactivate] voxel=7737 span=1 sleep=7/8 waiting
[INFO] [Deactivate] voxel=7738 span=1 sleep=7/8 waiting
[INFO] [Deactivate] voxel=7739 span=1 sleep=6/8 waiting
[INFO] [Deactivate] voxel=7740 span=1 sleep=6/8 waiting
[INFO] [Deactivate] voxel=7743 span=1 sleep=7/8 waiting
[INFO] [Deactivate] voxel=7745 span=1 sleep=5/8 waiting
[INFO] [Deactivate] voxel=7748 span=1 sleep=7/8 waiting
[INFO] [Deactivate] voxel=7749 span=1 sleep=7/8 waiting
[INFO] [Deactivate] voxel=7750 span=1 sleep=6/8 waiting
[INFO] [Deactivate] voxel=7751 span=1 sleep=6/8 waiting
[INFO] [Deactivate] voxel=7752 span=1 sleep=6/8 waiting
[INFO] [Deactivate] voxel=7753 span=1 sleep=6/8 waiting
[INFO] [Deactivate] voxel=7754 span=1 sleep=5/8 waiting
[INFO] [Deactivate] voxel=7760 span=1 sleep=7/8 waiting
[INFO] [Deactivate] voxel=7761 span=1 sleep=7/8 waiting
[INFO] [Deactivate] voxel=7762 span=1 sleep=6/8 waiting
[INFO] [Deactivate] voxel=7763 span=1 sleep=6/8 waiting
[INFO] [Deactivate] voxel=7764 span=1 sleep=7/8 waiting
[INFO] [Deactivate] voxel=7771 span=1 sleep=7/8 waiting
[INFO] [Deactivate] voxel=7772 span=1 sleep=7/8 waiting
[INFO] [Deactivate] voxel=7773 span=1 sleep=7/8 waiting
[INFO] [Deactivate] voxel=7774 span=1 sleep=7/8 waiting
[INFO] [Deactivate] voxel=7775 span=1 sleep=7/8 waiting
[INFO] [Deactivate] voxel=7782 span=1 sleep=7/8 waiting
[INFO] [Deactivate] voxel=7783 span=1 sleep=7/8 waiting
[INFO] [Deactivate] voxel=7784 span=1 sleep=7/8 waiting
[INFO] [Deactivate] voxel=7785 span=1 sleep=7/8 waiting
[INFO] [Deactivate] voxel=7786 span=1 sleep=7/8 waiting
[INFO] [Support] no-static-connection pos=(-2.85,4.46,-7.09) bounds=(-6..-6,8..8,-15..-15)
[INFO] [Deactivate] cluster_support=false count=1 checked=1 invalid=0 reason=no-static-connection
[INFO] [Deactivate] voxel=7789 cluster=1 lacks static support
[INFO] [Deactivate] voxel=7793 span=1 sleep=7/8 waiting
[INFO] [Deactivate] voxel=7794 span=1 sleep=7/8 waiting
[INFO] [Deactivate] voxel=7795 span=1 sleep=7/8 waiting
[INFO] [Deactivate] voxel=7796 span=1 sleep=7/8 waiting
[INFO] [Deactivate] voxel=7797 span=1 sleep=7/8 waiting
[INFO] [Deactivate] voxel=7799 span=1 sleep=7/8 waiting
[INFO] [Deactivate] voxel=7800 span=1 sleep=7/8 waiting
[INFO] [Deactivate] voxel=7803 span=1 sleep=7/8 waiting
[INFO] [Deactivate] voxel=7804 span=1 sleep=7/8 waiting
[INFO] [Deactivate] voxel=7805 span=1 sleep=7/8 waiting
[INFO] [Deactivate] voxel=7806 span=1 sleep=7/8 waiting
[INFO] [Deactivate] voxel=7807 span=1 sleep=7/8 waiting
[INFO] [Deactivate] voxel=7808 span=1 sleep=7/8 waiting
[INFO] [Deactivate] voxel=7809 span=1 sleep=7/8 waiting
[INFO] [Deactivate] voxel=7810 span=1 sleep=7/8 waiting
[INFO] [Deactivate] voxel=7811 span=1 sleep=7/8 waiting
[INFO] [Deactivate] voxel=7812 span=1 sleep=7/8 waiting
[INFO] [Deactivate] voxel=7813 span=1 sleep=7/8 waiting
[INFO] [Deactivate] voxel=7814 span=1 sleep=7/8 waiting
[INFO] [Deactivate] voxel=7815 span=1 sleep=7/8 waiting
[INFO] [Deactivate] voxel=7816 span=1 sleep=7/8 waiting
[INFO] [Deactivate] voxel=7817 span=1 sleep=7/8 waiting
[INFO] [Deactivate] voxel=7818 span=1 sleep=7/8 waiting
[INFO] [Deactivate] voxel=7819 span=1 sleep=7/8 waiting
[INFO] [Deactivate] voxel=7820 span=1 sleep=7/8 waiting
[INFO] [Deactivate] voxel=7821 span=1 sleep=7/8 waiting
[INFO] [Deactivate] voxel=7822 span=1 sleep=7/8 waiting
[INFO] [Deactivate] voxel=7823 span=2 sleep=7/8 waiting
[INFO] [Deactivate] voxel=7824 span=1 sleep=7/8 waiting
[INFO] [Deactivate] voxel=7825 span=1 sleep=7/8 waiting
[INFO] [Deactivate] voxel=7826 span=1 sleep=7/8 waiting
[INFO] [Deactivate] voxel=7827 span=1 sleep=6/8 waiting
[INFO] [Deactivate] voxel=7828 span=1 sleep=7/8 waiting
[INFO] [Deactivate] voxel=7829 span=1 sleep=7/8 waiting
[INFO] [Deactivate] voxel=7830 span=1 sleep=7/8 waiting
[INFO] [Deactivate] voxel=7831 span=1 sleep=7/8 waiting
[INFO] [Deactivate] voxel=7832 span=1 sleep=7/8 waiting
[INFO] [Deactivate] voxel=7833 span=1 sleep=7/8 waiting
[INFO] [Deactivate] voxel=7834 span=1 sleep=7/8 waiting
[INFO] [Deactivate] voxel=7835 span=1 sleep=7/8 waiting
[INFO] [Deactivate] voxel=7836 span=1 sleep=7/8 waiting
[INFO] [Deactivate] voxel=7837 span=1 sleep=7/8 waiting
[INFO] [Deactivate] voxel=7838 span=1 sleep=6/8 waiting
[INFO] [Deactivate] voxel=7839 span=1 sleep=7/8 waiting
[INFO] [Deactivate] voxel=7840 span=1 sleep=7/8 waiting
[INFO] [Deactivate] voxel=7841 span=1 sleep=7/8 waiting
[INFO] [Deactivate] voxel=7842 span=1 sleep=7/8 waiting
[INFO] [Deactivate] voxel=7843 span=1 sleep=7/8 waiting
[INFO] [Deactivate] voxel=7844 span=1 sleep=7/8 waiting
[INFO] [Deactivate] voxel=7845 span=1 sleep=7/8 waiting
[INFO] [Deactivate] voxel=7846 span=1 sleep=7/8 waiting
[INFO] [Deactivate] voxel=7847 span=1 sleep=7/8 waiting
[INFO] [Deactivate] voxel=7848 span=1 sleep=7/8 waiting
[INFO] [Deactivate] voxel=7849 span=1 sleep=7/8 waiting
[INFO] [Deactivate] voxel=7850 span=1 sleep=6/8 waiting
[INFO] [Deactivate] voxel=7851 span=1 sleep=6/8 waiting
[INFO] [Deactivate] voxel=7852 span=1 sleep=5/8 waiting
[INFO] [Deactivate] voxel=7853 span=2 sleep=7/8 waiting
[INFO] [Deactivate] voxel=7854 span=1 sleep=7/8 waiting
[INFO] [Deactivate] voxel=7855 span=1 sleep=7/8 waiting
[INFO] [Deactivate] voxel=7856 span=1 sleep=7/8 waiting
[INFO] [Deactivate] voxel=7857 span=1 sleep=7/8 waiting
[INFO] [Deactivate] voxel=7858 span=1 sleep=7/8 waiting
[INFO] [Deactivate] voxel=7859 span=1 sleep=7/8 waiting
[INFO] [Deactivate] voxel=7860 span=1 sleep=6/8 waiting
[INFO] [Deactivate] voxel=7861 span=1 sleep=6/8 waiting
[INFO] [Deactivate] voxel=7862 span=1 sleep=6/8 waiting
[INFO] [Deactivate] voxel=7863 span=1 sleep=5/8 waiting
[INFO] [Deactivate] voxel=7864 span=1 sleep=7/8 waiting
[INFO] [Deactivate] voxel=7865 span=1 sleep=7/8 waiting
[INFO] [Deactivate] voxel=7866 span=1 sleep=7/8 waiting
[INFO] [Deactivate] voxel=7867 span=1 sleep=7/8 waiting
[INFO] [Deactivate] voxel=7868 span=1 sleep=7/8 waiting
[INFO] [Deactivate] voxel=7869 span=1 sleep=7/8 waiting
[INFO] [Deactivate] voxel=7870 span=1 sleep=7/8 waiting
[INFO] [Deactivate] voxel=7871 span=1 sleep=7/8 waiting
[INFO] [Deactivate] voxel=7872 span=1 sleep=6/8 waiting
[INFO] [Deactivate] voxel=7873 span=1 sleep=6/8 waiting
[INFO] [Deactivate] voxel=7874 span=1 sleep=6/8 waiting
[INFO] [Deactivate] voxel=7875 span=2 sleep=7/8 waiting
[INFO] [Deactivate] voxel=7879 span=1 sleep=7/8 waiting
[INFO] [Deactivate] voxel=7880 span=1 sleep=7/8 waiting
[INFO] [Deactivate] voxel=7881 span=1 sleep=7/8 waiting
[INFO] [Deactivate] voxel=7882 span=1 sleep=7/8 waiting
[INFO] [Deactivate] voxel=7883 span=1 sleep=6/8 waiting
[INFO] [Deactivate] voxel=7884 span=1 sleep=7/8 waiting
[INFO] [Deactivate] voxel=7885 span=1 sleep=6/8 waiting
[INFO] [Deactivate] voxel=7890 span=1 sleep=7/8 waiting
[INFO] [Deactivate] voxel=7891 span=1 sleep=7/8 waiting
[INFO] [Deactivate] voxel=7892 span=1 sleep=7/8 waiting
[INFO] [Deactivate] voxel=7893 span=1 sleep=7/8 waiting
[INFO] [Deactivate] voxel=7894 span=1 sleep=7/8 waiting
[INFO] [Deactivate] voxel=7895 span=1 sleep=7/8 waiting
[INFO] [Deactivate] voxel=7896 span=1 sleep=7/8 waiting
[INFO] [Deactivate] voxel=7899 span=1 sleep=7/8 waiting
[INFO] [Deactivate] voxel=7902 span=1 sleep=7/8 waiting
[INFO] [Deactivate] voxel=7903 span=1 sleep=7/8 waiting
[INFO] [Deactivate] voxel=7904 span=1 sleep=7/8 waiting
[INFO] [Deactivate] voxel=7905 span=1 sleep=7/8 waiting
[INFO] [Deactivate] voxel=7906 span=1 sleep=7/8 waiting
[INFO] [Deactivate] voxel=7907 span=1 sleep=7/8 waiting
[INFO] [Deactivate] voxel=7912 span=1 sleep=7/8 waiting
[INFO] [Deactivate] voxel=7913 span=1 sleep=7/8 waiting
[INFO] [Deactivate] voxel=7914 span=1 sleep=7/8 waiting
[INFO] [Deactivate] voxel=7915 span=1 sleep=7/8 waiting
[INFO] [Deactivate] voxel=7916 span=1 sleep=7/8 waiting
[INFO] [Deactivate] voxel=7917 span=1 sleep=7/8 waiting
[INFO] [Deactivate] voxel=7918 span=1 sleep=7/8 waiting
[INFO] [Deactivate] voxel=7920 span=1 sleep=5/8 waiting
[INFO] [Deactivate] voxel=7921 span=1 sleep=5/8 waiting
[INFO] [Deactivate] voxel=7922 span=1 sleep=5/8 waiting
[INFO] [Deactivate] voxel=7923 span=1 sleep=7/8 waiting
[INFO] [Deactivate] voxel=7924 span=1 sleep=7/8 waiting
[INFO] [Deactivate] voxel=7925 span=1 sleep=7/8 waiting
[INFO] [Deactivate] voxel=7926 span=1 sleep=7/8 waiting
[INFO] [Deactivate] voxel=7927 span=1 sleep=7/8 waiting
[INFO] [Deactivate] voxel=7928 span=1 sleep=7/8 waiting
[INFO] [Deactivate] voxel=7929 span=1 sleep=7/8 waiting
[INFO] [Deactivate] voxel=7930 span=1 sleep=7/8 waiting
[INFO] [Deactivate] voxel=7931 span=1 sleep=7/8 waiting
[INFO] [Deactivate] voxel=7932 span=1 sleep=7/8 waiting
[INFO] [Deactivate] voxel=7933 span=1 sleep=7/8 waiting
[INFO] [Deactivate] voxel=7934 span=1 sleep=7/8 waiting
[INFO] [Deactivate] voxel=7935 span=1 sleep=7/8 waiting
[INFO] [Deactivate] voxel=7936 span=1 sleep=7/8 waiting
[INFO] [Deactivate] voxel=7937 span=1 sleep=7/8 waiting
[INFO] [Deactivate] voxel=7938 span=1 sleep=7/8 waiting
[INFO] [Deactivate] voxel=7939 span=1 sleep=7/8 waiting
[INFO] [Deactivate] voxel=7940 span=1 sleep=7/8 waiting
[INFO] [Deactivate] voxel=7941 span=1 sleep=7/8 waiting
[INFO] [Deactivate] voxel=7942 span=1 sleep=7/8 waiting
[INFO] [Deactivate] voxel=7943 span=1 sleep=7/8 waiting
[INFO] [Deactivate] voxel=7944 span=1 sleep=7/8 waiting
[INFO] [Deactivate] voxel=7945 span=1 sleep=7/8 waiting
[INFO] [Deactivate] voxel=7946 span=1 sleep=7/8 waiting
[INFO] [Deactivate] voxel=7947 span=1 sleep=7/8 waiting
[INFO] [Deactivate] voxel=7948 span=1 sleep=7/8 waiting
[INFO] [Deactivate] voxel=7949 span=1 sleep=7/8 waiting
[INFO] [Deactivate] voxel=7951 span=1 sleep=7/8 waiting
[INFO] [Deactivate] voxel=7952 span=1 sleep=7/8 waiting
[INFO] [Deactivate] voxel=7953 span=1 sleep=7/8 waiting
[INFO] [Deactivate] voxel=7954 span=1 sleep=7/8 waiting
[INFO] [Deactivate] voxel=7955 span=1 sleep=7/8 waiting
[INFO] [Deactivate] voxel=7956 span=1 sleep=7/8 waiting
[INFO] [Deactivate] voxel=7957 span=1 sleep=7/8 waiting
[INFO] [Deactivate] voxel=7958 span=1 sleep=7/8 waiting
[INFO] [Deactivate] voxel=7959 span=1 sleep=7/8 waiting
[INFO] [Deactivate] voxel=7960 span=1 sleep=7/8 waiting
[INFO] [Deactivate] voxel=7961 span=1 sleep=7/8 waiting
[INFO] [Deactivate] voxel=7962 span=1 sleep=7/8 waiting
[INFO] [Deactivate] voxel=7965 span=1 sleep=7/8 waiting
[INFO] [Deactivate] voxel=7966 span=1 sleep=7/8 waiting
[INFO] [Deactivate] voxel=7967 span=1 sleep=7/8 waiting
[INFO] [Deactivate] voxel=7968 span=1 sleep=7/8 waiting
[INFO] [Deactivate] voxel=7969 span=1 sleep=7/8 waiting
[INFO] [Deactivate] voxel=7970 span=1 sleep=7/8 waiting
[INFO] [Deactivate] voxel=7971 span=1 sleep=7/8 waiting
[INFO] [Deactivate] voxel=7972 span=1 sleep=7/8 waiting
[INFO] [Deactivate] voxel=7973 span=1 sleep=7/8 waiting
[INFO] [Deactivate] voxel=7974 span=1 sleep=7/8 waiting
[INFO] [Deactivate] voxel=7975 span=1 sleep=7/8 waiting
[INFO] [Deactivate] voxel=7976 span=1 sleep=7/8 waiting
[INFO] [Deactivate] voxel=7977 span=1 sleep=7/8 waiting
[INFO] [Deactivate] voxel=7978 span=1 sleep=7/8 waiting
[INFO] [Deactivate] voxel=7979 span=1 sleep=7/8 waiting
[INFO] [Deactivate] voxel=7980 span=1 sleep=7/8 waiting
[INFO] [Deactivate] voxel=7981 span=1 sleep=7/8 waiting
[INFO] [Deactivate] voxel=7982 span=1 sleep=6/8 waiting
[INFO] [Deactivate] voxel=7983 span=1 sleep=6/8 waiting
[INFO] [Deactivate] voxel=7984 span=1 sleep=6/8 waiting
[INFO] [Deactivate] voxel=7985 span=1 sleep=6/8 waiting
[INFO] [Deactivate] voxel=7986 span=1 sleep=6/8 waiting
[INFO] [Deactivate] voxel=7987 span=1 sleep=6/8 waiting
[INFO] [Deactivate] voxel=7988 span=1 sleep=5/8 waiting
[INFO] [Deactivate] voxel=7989 span=1 sleep=5/8 waiting
[INFO] [Deactivate] voxel=7990 span=1 sleep=5/8 waiting
[INFO] [Deactivate] voxel=7991 span=1 sleep=5/8 waiting
[INFO] [Deactivate] voxel=7992 span=1 sleep=5/8 waiting
[INFO] [Deactivate] voxel=7993 span=1 sleep=5/8 waiting
[INFO] [Deactivate] voxel=7994 span=1 sleep=5/8 waiting
[INFO] [Deactivate] voxel=7995 span=1 sleep=5/8 waiting
[INFO] [Deactivate] voxel=7996 span=1 sleep=5/8 waiting
[INFO] [Deactivate] voxel=7997 span=1 sleep=5/8 waiting
[INFO] [Deactivate] voxel=7998 span=1 sleep=5/8 waiting
[INFO] [Deactivate] voxel=7999 span=1 sleep=5/8 waiting
[INFO] [Deactivate] voxel=8000 span=1 sleep=5/8 waiting
[INFO] [Deactivate] voxel=8001 span=1 sleep=5/8 waiting
[INFO] [Deactivate] voxel=8002 span=1 sleep=5/8 waiting
[INFO] [Deactivate] voxel=8003 span=1 sleep=4/8 waiting
[INFO] [Deactivate] voxel=8004 span=1 sleep=4/8 waiting
[INFO] [Deactivate] voxel=8005 span=1 sleep=4/8 waiting
[INFO] [Deactivate] voxel=8006 span=1 sleep=4/8 waiting
[INFO] [Deactivate] voxel=8007 span=1 sleep=4/8 waiting
[INFO] [Deactivate] voxel=8008 span=1 sleep=4/8 waiting
[INFO] [Deactivate] voxel=8009 span=1 sleep=4/8 waiting
[INFO] [Deactivate] voxel=7723 cluster_ready=false fail_idx=7984 sleep=7 reason=insufficient-sleep
[INFO] [Deactivate] voxel=7724 span=1 sleep=7/8 waiting
[INFO] [Deactivate] voxel=7725 span=1 sleep=7/8 waiting
[INFO] [Deactivate] voxel=7726 span=1 sleep=7/8 waiting
[INFO] [Deactivate] voxel=7727 span=1 sleep=7/8 waiting
[INFO] [Deactivate] voxel=7728 span=1 sleep=7/8 waiting
[INFO] [Deactivate] voxel=7729 span=1 sleep=7/8 waiting
[INFO] [Deactivate] voxel=7736 span=1 sleep=7/8 waiting
[INFO] [Deactivate] voxel=7737 span=1 sleep=7/8 waiting
[INFO] [Deactivate] voxel=7738 span=1 sleep=7/8 waiting
[INFO] [Deactivate] voxel=7739 span=1 sleep=7/8 waiting
[INFO] [Deactivate] voxel=7740 span=1 sleep=7/8 waiting
[INFO] [Deactivate] voxel=7743 span=1 sleep=7/8 waiting
[INFO] [Deactivate] voxel=7745 span=1 sleep=6/8 waiting
[INFO] [Deactivate] voxel=7748 span=1 sleep=7/8 waiting
[INFO] [Deactivate] voxel=7749 span=1 sleep=7/8 waiting
[INFO] [Deactivate] voxel=7750 span=1 sleep=7/8 waiting
[INFO] [Deactivate] voxel=7751 span=1 sleep=7/8 waiting
[INFO] [Deactivate] voxel=7752 span=1 sleep=7/8 waiting
[INFO] [Deactivate] voxel=7753 span=1 sleep=7/8 waiting
[INFO] [Deactivate] voxel=7754 span=1 sleep=6/8 waiting
[INFO] [Deactivate] voxel=7760 span=1 sleep=7/8 waiting
[INFO] [Deactivate] voxel=7761 span=1 sleep=7/8 waiting
[INFO] [Deactivate] voxel=7762 span=1 sleep=7/8 waiting
[INFO] [Deactivate] voxel=7763 span=1 sleep=7/8 waiting
[INFO] [Deactivate] voxel=7764 span=1 sleep=7/8 waiting
[INFO] [Deactivate] voxel=7771 span=1 sleep=7/8 waiting
[INFO] [Deactivate] voxel=7772 span=1 sleep=7/8 waiting
[INFO] [Deactivate] voxel=7773 span=1 sleep=7/8 waiting
[INFO] [Deactivate] voxel=7774 span=1 sleep=7/8 waiting
[INFO] [Deactivate] voxel=7775 span=1 sleep=7/8 waiting
[INFO] [Deactivate] voxel=7782 span=1 sleep=7/8 waiting
[INFO] [Deactivate] voxel=7783 span=1 sleep=7/8 waiting
[INFO] [Deactivate] voxel=7784 span=1 sleep=7/8 waiting
[INFO] [Deactivate] voxel=7785 span=1 sleep=7/8 waiting
[INFO] [Deactivate] voxel=7786 span=1 sleep=7/8 waiting
[INFO] [Support] no-static-connection pos=(-3.11,3.59,-7.62) bounds=(-7..-7,7..7,-16..-16)
[INFO] [Deactivate] cluster_support=false count=1 checked=1 invalid=0 reason=no-static-connection
[INFO] [Deactivate] voxel=7789 cluster=1 lacks static support
[INFO] [Deactivate] voxel=7793 span=1 sleep=7/8 waiting
[INFO] [Deactivate] voxel=7794 span=1 sleep=7/8 waiting
[INFO] [Deactivate] voxel=7795 span=1 sleep=7/8 waiting
[INFO] [Deactivate] voxel=7796 span=1 sleep=7/8 waiting
[INFO] [Deactivate] voxel=7797 span=1 sleep=7/8 waiting
[INFO] [Deactivate] voxel=7799 span=1 sleep=7/8 waiting
[INFO] [Deactivate] voxel=7800 span=1 sleep=7/8 waiting
[INFO] [Deactivate] voxel=7803 span=1 sleep=7/8 waiting
[INFO] [Deactivate] voxel=7804 span=1 sleep=7/8 waiting
[INFO] [Deactivate] voxel=7805 span=1 sleep=7/8 waiting
[INFO] [Deactivate] voxel=7806 span=1 sleep=7/8 waiting
[INFO] [Deactivate] voxel=7807 span=1 sleep=7/8 waiting
[INFO] [Deactivate] voxel=7808 span=1 sleep=7/8 waiting
[INFO] [Deactivate] voxel=7809 span=1 sleep=7/8 waiting
[INFO] [Deactivate] voxel=7810 span=1 sleep=7/8 waiting
[INFO] [Deactivate] voxel=7811 span=1 sleep=7/8 waiting
[INFO] [Deactivate] voxel=7812 span=1 sleep=7/8 waiting
[INFO] [Deactivate] voxel=7813 span=1 sleep=7/8 waiting
[INFO] [Deactivate] voxel=7814 span=1 sleep=7/8 waiting
[INFO] [Deactivate] voxel=7815 span=1 sleep=7/8 waiting
[INFO] [Deactivate] voxel=7816 span=1 sleep=7/8 waiting
[INFO] [Deactivate] voxel=7817 span=1 sleep=7/8 waiting
[INFO] [Deactivate] voxel=7818 span=1 sleep=7/8 waiting
[INFO] [Deactivate] voxel=7819 span=1 sleep=7/8 waiting
[INFO] [Deactivate] voxel=7820 span=1 sleep=7/8 waiting
[INFO] [Deactivate] voxel=7821 span=1 sleep=7/8 waiting
[INFO] [Deactivate] voxel=7822 span=1 sleep=7/8 waiting
[INFO] [Deactivate] voxel=7823 span=2 sleep=7/8 waiting
[INFO] [Deactivate] voxel=7824 span=1 sleep=7/8 waiting
[INFO] [Deactivate] voxel=7825 span=1 sleep=7/8 waiting
[INFO] [Deactivate] voxel=7826 span=1 sleep=7/8 waiting
[INFO] [Deactivate] voxel=7827 span=1 sleep=7/8 waiting
[INFO] [Deactivate] voxel=7828 span=1 sleep=7/8 waiting
[INFO] [Deactivate] voxel=7829 span=1 sleep=7/8 waiting
[INFO] [Deactivate] voxel=7830 span=1 sleep=7/8 waiting
[INFO] [Deactivate] voxel=7831 span=1 sleep=7/8 waiting
[INFO] [Deactivate] voxel=7832 span=1 sleep=7/8 waiting
[INFO] [Deactivate] voxel=7833 span=1 sleep=7/8 waiting
[INFO] [Deactivate] voxel=7834 span=1 sleep=7/8 waiting
[INFO] [Deactivate] voxel=7835 span=1 sleep=7/8 waiting
[INFO] [Deactivate] voxel=7836 span=1 sleep=7/8 waiting
[INFO] [Deactivate] voxel=7837 span=1 sleep=7/8 waiting
[INFO] [Deactivate] voxel=7838 span=1 sleep=7/8 waiting
[INFO] [Deactivate] voxel=7839 span=1 sleep=7/8 waiting
[INFO] [Deactivate] voxel=7840 span=1 sleep=7/8 waiting
[INFO] [Deactivate] voxel=7841 span=1 sleep=7/8 waiting
[INFO] [Deactivate] voxel=7842 span=1 sleep=7/8 waiting
[INFO] [Deactivate] voxel=7843 span=1 sleep=7/8 waiting
[INFO] [Deactivate] voxel=7844 span=1 sleep=7/8 waiting
[INFO] [Deactivate] voxel=7845 span=1 sleep=7/8 waiting
[INFO] [Deactivate] voxel=7846 span=1 sleep=7/8 waiting
[INFO] [Deactivate] voxel=7847 span=1 sleep=7/8 waiting
[INFO] [Deactivate] voxel=7848 span=1 sleep=7/8 waiting
[INFO] [Deactivate] voxel=7849 span=1 sleep=7/8 waiting
[INFO] [Deactivate] voxel=7850 span=1 sleep=7/8 waiting
[INFO] [Deactivate] voxel=7851 span=1 sleep=7/8 waiting
[INFO] [Deactivate] voxel=7852 span=1 sleep=6/8 waiting
[INFO] [Deactivate] voxel=7853 span=2 sleep=7/8 waiting
[INFO] [Deactivate] voxel=7854 span=1 sleep=7/8 waiting
[INFO] [Deactivate] voxel=7855 span=1 sleep=7/8 waiting
[INFO] [Deactivate] voxel=7856 span=1 sleep=7/8 waiting
[INFO] [Deactivate] voxel=7857 span=1 sleep=7/8 waiting
[INFO] [Deactivate] voxel=7858 span=1 sleep=7/8 waiting
[INFO] [Deactivate] voxel=7859 span=1 sleep=7/8 waiting
[INFO] [Deactivate] voxel=7860 span=1 sleep=7/8 waiting
[INFO] [Deactivate] voxel=7861 span=1 sleep=7/8 waiting
[INFO] [Deactivate] voxel=7862 span=1 sleep=7/8 waiting
[INFO] [Deactivate] voxel=7863 span=1 sleep=6/8 waiting
[INFO] [Deactivate] voxel=7864 span=1 sleep=7/8 waiting
[INFO] [Deactivate] voxel=7865 span=1 sleep=7/8 waiting
[INFO] [Deactivate] voxel=7866 span=1 sleep=7/8 waiting
[INFO] [Deactivate] voxel=7867 span=1 sleep=7/8 waiting
[INFO] [Deactivate] voxel=7868 span=1 sleep=7/8 waiting
[INFO] [Deactivate] voxel=7869 span=1 sleep=7/8 waiting
[INFO] [Deactivate] voxel=7870 span=1 sleep=7/8 waiting
[INFO] [Deactivate] voxel=7871 span=1 sleep=7/8 waiting
[INFO] [Deactivate] voxel=7872 span=1 sleep=7/8 waiting
[INFO] [Deactivate] voxel=7873 span=1 sleep=7/8 waiting
[INFO] [Deactivate] voxel=7874 span=1 sleep=7/8 waiting
[INFO] [Deactivate] voxel=7875 span=2 sleep=7/8 waiting
[INFO] [Deactivate] voxel=7879 span=1 sleep=7/8 waiting
[INFO] [Deactivate] voxel=7880 span=1 sleep=7/8 waiting
[INFO] [Deactivate] voxel=7881 span=1 sleep=7/8 waiting
[INFO] [Deactivate] voxel=7882 span=1 sleep=7/8 waiting
[INFO] [Deactivate] voxel=7883 span=1 sleep=7/8 waiting
[INFO] [Deactivate] voxel=7884 span=1 sleep=7/8 waiting
[INFO] [Deactivate] voxel=7885 span=1 sleep=7/8 waiting
[INFO] [Deactivate] voxel=7890 span=1 sleep=7/8 waiting
[INFO] [Deactivate] voxel=7891 span=1 sleep=7/8 waiting
[INFO] [Deactivate] voxel=7892 span=1 sleep=7/8 waiting
[INFO] [Deactivate] voxel=7893 span=1 sleep=7/8 waiting
[INFO] [Deactivate] voxel=7894 span=1 sleep=7/8 waiting
[INFO] [Deactivate] voxel=7895 span=1 sleep=7/8 waiting
[INFO] [Deactivate] voxel=7896 span=1 sleep=7/8 waiting
[INFO] [Deactivate] voxel=7899 span=1 sleep=7/8 waiting
[INFO] [Deactivate] voxel=7902 span=1 sleep=7/8 waiting
[INFO] [Deactivate] voxel=7903 span=1 sleep=7/8 waiting
[INFO] [Deactivate] voxel=7904 span=1 sleep=7/8 waiting
[INFO] [Deactivate] voxel=7905 span=1 sleep=7/8 waiting
[INFO] [Deactivate] voxel=7906 span=1 sleep=7/8 waiting
[INFO] [Deactivate] voxel=7907 span=1 sleep=7/8 waiting
[INFO] [Deactivate] voxel=7912 span=1 sleep=7/8 waiting
[INFO] [Deactivate] voxel=7913 span=1 sleep=7/8 waiting
[INFO] [Deactivate] voxel=7914 span=1 sleep=7/8 waiting
[INFO] [Deactivate] voxel=7915 span=1 sleep=7/8 waiting
[INFO] [Deactivate] voxel=7916 span=1 sleep=7/8 waiting
[INFO] [Deactivate] voxel=7917 span=1 sleep=7/8 waiting
[INFO] [Deactivate] voxel=7918 span=1 sleep=7/8 waiting
[INFO] [Deactivate] voxel=7920 span=1 sleep=6/8 waiting
[INFO] [Deactivate] voxel=7921 span=1 sleep=6/8 waiting
[INFO] [Deactivate] voxel=7922 span=1 sleep=6/8 waiting
[INFO] [Deactivate] voxel=7923 span=1 sleep=7/8 waiting
[INFO] [Deactivate] voxel=7924 span=1 sleep=7/8 waiting
[INFO] [Deactivate] voxel=7925 span=1 sleep=7/8 waiting
[INFO] [Deactivate] voxel=7926 span=1 sleep=7/8 waiting
[INFO] [Deactivate] voxel=7927 span=1 sleep=7/8 waiting
[INFO] [Deactivate] voxel=7928 span=1 sleep=7/8 waiting
[INFO] [Deactivate] voxel=7929 span=1 sleep=7/8 waiting
[INFO] [Deactivate] voxel=7930 span=1 sleep=7/8 waiting
[INFO] [Deactivate] voxel=7931 span=1 sleep=7/8 waiting
[INFO] [Deactivate] voxel=7932 span=1 sleep=7/8 waiting
[INFO] [Deactivate] voxel=7933 span=1 sleep=7/8 waiting
[INFO] [Deactivate] voxel=7934 span=1 sleep=7/8 waiting
[INFO] [Deactivate] voxel=7935 span=1 sleep=7/8 waiting
[INFO] [Deactivate] voxel=7936 span=1 sleep=7/8 waiting
[INFO] [Deactivate] voxel=7937 span=1 sleep=7/8 waiting
[INFO] [Deactivate] voxel=7938 span=1 sleep=7/8 waiting
[INFO] [Deactivate] voxel=7939 span=1 sleep=7/8 waiting
[INFO] [Deactivate] voxel=7940 span=1 sleep=7/8 waiting
[INFO] [Deactivate] voxel=7941 span=1 sleep=7/8 waiting
[INFO] [Deactivate] voxel=7942 span=1 sleep=7/8 waiting
[INFO] [Deactivate] voxel=7943 span=1 sleep=7/8 waiting
[INFO] [Deactivate] voxel=7944 span=1 sleep=7/8 waiting
[INFO] [Deactivate] voxel=7945 span=1 sleep=7/8 waiting
[INFO] [Deactivate] voxel=7946 span=1 sleep=7/8 waiting
[INFO] [Deactivate] voxel=7947 span=1 sleep=7/8 waiting
[INFO] [Deactivate] voxel=7948 span=1 sleep=7/8 waiting
[INFO] [Deactivate] voxel=7949 span=1 sleep=7/8 waiting
[INFO] [Deactivate] voxel=7951 span=1 sleep=7/8 waiting
[INFO] [Deactivate] voxel=7952 span=1 sleep=7/8 waiting
[INFO] [Deactivate] voxel=7953 span=1 sleep=7/8 waiting
[INFO] [Deactivate] voxel=7954 span=1 sleep=7/8 waiting
[INFO] [Deactivate] voxel=7955 span=1 sleep=7/8 waiting
[INFO] [Deactivate] voxel=7956 span=1 sleep=7/8 waiting
[INFO] [Deactivate] voxel=7957 span=1 sleep=7/8 waiting
[INFO] [Deactivate] voxel=7958 span=1 sleep=7/8 waiting
[INFO] [Deactivate] voxel=7959 span=1 sleep=7/8 waiting
[INFO] [Deactivate] voxel=7960 span=1 sleep=7/8 waiting
[INFO] [Deactivate] voxel=7961 span=1 sleep=7/8 waiting
[INFO] [Deactivate] voxel=7962 span=1 sleep=7/8 waiting
[INFO] [Deactivate] voxel=7965 span=1 sleep=7/8 waiting
[INFO] [Deactivate] voxel=7966 span=1 sleep=7/8 waiting
[INFO] [Deactivate] voxel=7967 span=1 sleep=7/8 waiting
[INFO] [Deactivate] voxel=7968 span=1 sleep=7/8 waiting
[INFO] [Deactivate] voxel=7969 span=1 sleep=7/8 waiting
[INFO] [Deactivate] voxel=7970 span=1 sleep=7/8 waiting
[INFO] [Deactivate] voxel=7971 span=1 sleep=7/8 waiting
[INFO] [Deactivate] voxel=7972 span=1 sleep=7/8 waiting
[INFO] [Deactivate] voxel=7973 span=1 sleep=7/8 waiting
[INFO] [Deactivate] voxel=7974 span=1 sleep=7/8 waiting
[INFO] [Deactivate] voxel=7975 span=1 sleep=7/8 waiting
[INFO] [Deactivate] voxel=7976 span=1 sleep=7/8 waiting
[INFO] [Deactivate] voxel=7977 span=1 sleep=7/8 waiting
[INFO] [Deactivate] voxel=7978 span=1 sleep=7/8 waiting
[INFO] [Deactivate] voxel=7979 span=1 sleep=7/8 waiting
[INFO] [Deactivate] voxel=7980 span=1 sleep=7/8 waiting
[INFO] [Deactivate] voxel=7981 span=1 sleep=7/8 waiting
[INFO] [Deactivate] voxel=7982 span=1 sleep=7/8 waiting
[INFO] [Deactivate] voxel=7983 span=1 sleep=7/8 waiting
[INFO] [Deactivate] voxel=7984 span=1 sleep=7/8 waiting
[INFO] [Deactivate] voxel=7985 span=1 sleep=7/8 waiting
[INFO] [Deactivate] voxel=7986 span=1 sleep=7/8 waiting
[INFO] [Deactivate] voxel=7987 span=1 sleep=7/8 waiting
[INFO] [Deactivate] voxel=7988 span=1 sleep=6/8 waiting
[INFO] [Deactivate] voxel=7989 span=1 sleep=6/8 waiting
[INFO] [Deactivate] voxel=7990 span=1 sleep=6/8 waiting
[INFO] [Deactivate] voxel=7991 span=1 sleep=6/8 waiting
[INFO] [Deactivate] voxel=7992 span=1 sleep=6/8 waiting
[INFO] [Deactivate] voxel=7993 span=1 sleep=6/8 waiting
[INFO] [Deactivate] voxel=7994 span=1 sleep=6/8 waiting
[INFO] [Deactivate] voxel=7995 span=1 sleep=6/8 waiting
[INFO] [Deactivate] voxel=7996 span=1 sleep=6/8 waiting
[INFO] [Deactivate] voxel=7997 span=1 sleep=6/8 waiting
[INFO] [Deactivate] voxel=7998 span=1 sleep=6/8 waiting
[INFO] [Deactivate] voxel=7999 span=1 sleep=6/8 waiting
[INFO] [Deactivate] voxel=8000 span=1 sleep=6/8 waiting
[INFO] [Deactivate] voxel=8001 span=1 sleep=6/8 waiting
[INFO] [Deactivate] voxel=8002 span=1 sleep=6/8 waiting
[INFO] [Deactivate] voxel=8003 span=1 sleep=5/8 waiting
[INFO] [Deactivate] voxel=8004 span=1 sleep=5/8 waiting
[INFO] [Deactivate] voxel=8005 span=1 sleep=5/8 waiting
[INFO] [Deactivate] voxel=8006 span=1 sleep=5/8 waiting
[INFO] [Deactivate] voxel=8007 span=1 sleep=5/8 waiting
[INFO] [Deactivate] voxel=8008 span=1 sleep=5/8 waiting
[INFO] [Deactivate] voxel=8009 span=1 sleep=5/8 waiting
[INFO] [Deactivate] voxel=7723 cluster_ready=false fail_idx=7992 sleep=7 reason=insufficient-sleep
[INFO] [Deactivate] voxel=7724 span=1 sleep=7/8 waiting
[INFO] [Deactivate] voxel=7725 span=1 sleep=7/8 waiting
[INFO] [Deactivate] voxel=7726 span=1 sleep=7/8 waiting
[INFO] [Deactivate] voxel=7727 span=1 sleep=7/8 waiting
[INFO] [Deactivate] voxel=7728 span=1 sleep=7/8 waiting
[INFO] [Deactivate] voxel=7729 span=1 sleep=7/8 waiting
[INFO] [Deactivate] voxel=7736 span=1 sleep=7/8 waiting
[INFO] [Deactivate] voxel=7737 span=1 sleep=7/8 waiting
[INFO] [Deactivate] voxel=7738 span=1 sleep=7/8 waiting
[INFO] [Deactivate] voxel=7739 span=1 sleep=7/8 waiting
[INFO] [Deactivate] voxel=7740 span=1 sleep=7/8 waiting
[INFO] [Deactivate] voxel=7743 span=1 sleep=7/8 waiting
[INFO] [Deactivate] voxel=7745 span=1 sleep=7/8 waiting
[INFO] [Deactivate] voxel=7748 span=1 sleep=7/8 waiting
[INFO] [Deactivate] voxel=7749 span=1 sleep=7/8 waiting
[INFO] [Deactivate] voxel=7750 span=1 sleep=7/8 waiting
[INFO] [Deactivate] voxel=7751 span=1 sleep=7/8 waiting
[INFO] [Deactivate] voxel=7752 span=1 sleep=7/8 waiting
[INFO] [Deactivate] voxel=7753 span=1 sleep=7/8 waiting
[INFO] [Deactivate] voxel=7754 span=1 sleep=7/8 waiting
[INFO] [Deactivate] voxel=7760 span=1 sleep=7/8 waiting
[INFO] [Deactivate] voxel=7761 span=1 sleep=7/8 waiting
[INFO] [Deactivate] voxel=7762 span=1 sleep=7/8 waiting
[INFO] [Deactivate] voxel=7763 span=1 sleep=7/8 waiting
[INFO] [Deactivate] voxel=7764 span=1 sleep=7/8 waiting
[INFO] [Deactivate] voxel=7771 span=1 sleep=7/8 waiting
[INFO] [Deactivate] voxel=7772 span=1 sleep=7/8 waiting
[INFO] [Deactivate] voxel=7773 span=1 sleep=7/8 waiting
[INFO] [Deactivate] voxel=7774 span=1 sleep=7/8 waiting
[INFO] [Deactivate] voxel=7775 span=1 sleep=7/8 waiting
[INFO] [Deactivate] voxel=7782 span=1 sleep=7/8 waiting
[INFO] [Deactivate] voxel=7783 span=1 sleep=7/8 waiting
[INFO] [Deactivate] voxel=7784 span=1 sleep=7/8 waiting
[INFO] [Deactivate] voxel=7785 span=1 sleep=7/8 waiting
[INFO] [Deactivate] voxel=7786 span=1 sleep=7/8 waiting
[INFO] [Support] no-static-connection pos=(-3.38,2.42,-8.17) bounds=(-7..-7,4..4,-17..-17)
[INFO] [Deactivate] cluster_support=false count=1 checked=1 invalid=0 reason=no-static-connection
[INFO] [Deactivate] voxel=7789 cluster=1 lacks static support
[INFO] [Deactivate] voxel=7793 span=1 sleep=7/8 waiting
[INFO] [Deactivate] voxel=7794 span=1 sleep=7/8 waiting
[INFO] [Deactivate] voxel=7795 span=1 sleep=7/8 waiting
[INFO] [Deactivate] voxel=7796 span=1 sleep=7/8 waiting
[INFO] [Deactivate] voxel=7797 span=1 sleep=7/8 waiting
[INFO] [Deactivate] voxel=7799 span=1 sleep=7/8 waiting
[INFO] [Deactivate] voxel=7800 span=1 sleep=7/8 waiting
[INFO] [Deactivate] voxel=7803 span=1 sleep=7/8 waiting
[INFO] [Deactivate] voxel=7804 span=1 sleep=7/8 waiting
[INFO] [Deactivate] voxel=7805 span=1 sleep=7/8 waiting
[INFO] [Deactivate] voxel=7806 span=1 sleep=7/8 waiting
[INFO] [Deactivate] voxel=7807 span=1 sleep=7/8 waiting
[INFO] [Deactivate] voxel=7808 span=1 sleep=7/8 waiting
[INFO] [Deactivate] voxel=7809 span=1 sleep=7/8 waiting
[INFO] [Deactivate] voxel=7810 span=1 sleep=7/8 waiting
[INFO] [Deactivate] voxel=7811 span=1 sleep=7/8 waiting
[INFO] [Deactivate] voxel=7812 span=1 sleep=7/8 waiting
[INFO] [Deactivate] voxel=7813 span=1 sleep=7/8 waiting
[INFO] [Deactivate] voxel=7814 span=1 sleep=7/8 waiting
[INFO] [Deactivate] voxel=7815 span=1 sleep=7/8 waiting
[INFO] [Deactivate] voxel=7816 span=1 sleep=7/8 waiting
[INFO] [Deactivate] voxel=7817 span=1 sleep=7/8 waiting
[INFO] [Deactivate] voxel=7818 span=1 sleep=7/8 waiting
[INFO] [Deactivate] voxel=7819 span=1 sleep=7/8 waiting
[INFO] [Deactivate] voxel=7820 span=1 sleep=7/8 waiting
[INFO] [Deactivate] voxel=7821 span=1 sleep=7/8 waiting
[INFO] [Deactivate] voxel=7822 span=1 sleep=7/8 waiting
[INFO] [Deactivate] voxel=7823 span=2 sleep=7/8 waiting
[INFO] [Deactivate] voxel=7824 span=1 sleep=7/8 waiting
[INFO] [Deactivate] voxel=7825 span=1 sleep=7/8 waiting
[INFO] [Deactivate] voxel=7826 span=1 sleep=7/8 waiting
[INFO] [Deactivate] voxel=7827 span=1 sleep=7/8 waiting
[INFO] [Deactivate] voxel=7828 span=1 sleep=7/8 waiting
[INFO] [Deactivate] voxel=7829 span=1 sleep=7/8 waiting
[INFO] [Deactivate] voxel=7830 span=1 sleep=7/8 waiting
[INFO] [Deactivate] voxel=7831 span=1 sleep=7/8 waiting
[INFO] [Deactivate] voxel=7832 span=1 sleep=7/8 waiting
[INFO] [Deactivate] voxel=7833 span=1 sleep=7/8 waiting
[INFO] [Deactivate] voxel=7834 span=1 sleep=7/8 waiting
[INFO] [Deactivate] voxel=7835 span=1 sleep=7/8 waiting
[INFO] [Deactivate] voxel=7836 span=1 sleep=7/8 waiting
[INFO] [Deactivate] voxel=7837 span=1 sleep=7/8 waiting
[INFO] [Deactivate] voxel=7838 span=1 sleep=7/8 waiting
[INFO] [Deactivate] voxel=7839 span=1 sleep=7/8 waiting
[INFO] [Deactivate] voxel=7840 span=1 sleep=7/8 waiting
[INFO] [Deactivate] voxel=7841 span=1 sleep=7/8 waiting
[INFO] [Deactivate] voxel=7842 span=1 sleep=7/8 waiting
[INFO] [Deactivate] voxel=7843 span=1 sleep=7/8 waiting
[INFO] [Deactivate] voxel=7844 span=1 sleep=7/8 waiting
[INFO] [Deactivate] voxel=7845 span=1 sleep=7/8 waiting
[INFO] [Deactivate] voxel=7846 span=1 sleep=7/8 waiting
[INFO] [Deactivate] voxel=7847 span=1 sleep=7/8 waiting
[INFO] [Deactivate] voxel=7848 span=1 sleep=7/8 waiting
[INFO] [Deactivate] voxel=7849 span=1 sleep=7/8 waiting
[INFO] [Deactivate] voxel=7850 span=1 sleep=7/8 waiting
[INFO] [Deactivate] voxel=7851 span=1 sleep=7/8 waiting
[INFO] [Deactivate] voxel=7852 span=1 sleep=7/8 waiting
[INFO] [Deactivate] voxel=7853 span=2 sleep=7/8 waiting
[INFO] [Deactivate] voxel=7854 span=1 sleep=7/8 waiting
[INFO] [Deactivate] voxel=7855 span=1 sleep=7/8 waiting
[INFO] [Deactivate] voxel=7856 span=1 sleep=7/8 waiting
[INFO] [Deactivate] voxel=7857 span=1 sleep=7/8 waiting
[INFO] [Deactivate] voxel=7858 span=1 sleep=7/8 waiting
[INFO] [Deactivate] voxel=7859 span=1 sleep=7/8 waiting
[INFO] [Deactivate] voxel=7860 span=1 sleep=7/8 waiting
[INFO] [Deactivate] voxel=7861 span=1 sleep=7/8 waiting
[INFO] [Deactivate] voxel=7862 span=1 sleep=7/8 waiting
[INFO] [Deactivate] voxel=7863 span=1 sleep=7/8 waiting
[INFO] [Deactivate] voxel=7864 span=1 sleep=7/8 waiting
[INFO] [Deactivate] voxel=7865 span=1 sleep=7/8 waiting
[INFO] [Deactivate] voxel=7866 span=1 sleep=7/8 waiting
[INFO] [Deactivate] voxel=7867 span=1 sleep=7/8 waiting
[INFO] [Deactivate] voxel=7868 span=1 sleep=7/8 waiting
[INFO] [Deactivate] voxel=7869 span=1 sleep=7/8 waiting
[INFO] [Deactivate] voxel=7870 span=1 sleep=7/8 waiting
[INFO] [Deactivate] voxel=7871 span=1 sleep=7/8 waiting
[INFO] [Deactivate] voxel=7872 span=1 sleep=7/8 waiting
[INFO] [Deactivate] voxel=7873 span=1 sleep=7/8 waiting
[INFO] [Deactivate] voxel=7874 span=1 sleep=7/8 waiting
[INFO] [Deactivate] voxel=7875 span=2 sleep=7/8 waiting
[INFO] [Deactivate] voxel=7879 span=1 sleep=7/8 waiting
[INFO] [Deactivate] voxel=7880 span=1 sleep=7/8 waiting
[INFO] [Deactivate] voxel=7881 span=1 sleep=7/8 waiting
[INFO] [Deactivate] voxel=7882 span=1 sleep=7/8 waiting
[INFO] [Deactivate] voxel=7883 span=1 sleep=7/8 waiting
[INFO] [Deactivate] voxel=7884 span=1 sleep=7/8 waiting
[INFO] [Deactivate] voxel=7885 span=1 sleep=7/8 waiting
[INFO] [Deactivate] voxel=7890 span=1 sleep=7/8 waiting
[INFO] [Deactivate] voxel=7891 span=1 sleep=7/8 waiting
[INFO] [Deactivate] voxel=7892 span=1 sleep=7/8 waiting
[INFO] [Deactivate] voxel=7893 span=1 sleep=7/8 waiting
[INFO] [Deactivate] voxel=7894 span=1 sleep=7/8 waiting
[INFO] [Deactivate] voxel=7895 span=1 sleep=7/8 waiting
[INFO] [Deactivate] voxel=7896 span=1 sleep=7/8 waiting
[INFO] [Deactivate] voxel=7899 span=1 sleep=7/8 waiting
[INFO] [Deactivate] voxel=7902 span=1 sleep=7/8 waiting
[INFO] [Deactivate] voxel=7903 span=1 sleep=7/8 waiting
[INFO] [Deactivate] voxel=7904 span=1 sleep=7/8 waiting
[INFO] [Deactivate] voxel=7905 span=1 sleep=7/8 waiting
[INFO] [Deactivate] voxel=7906 span=1 sleep=7/8 waiting
[INFO] [Deactivate] voxel=7907 span=1 sleep=7/8 waiting
[INFO] [Deactivate] voxel=7912 span=1 sleep=7/8 waiting
[INFO] [Deactivate] voxel=7913 span=1 sleep=7/8 waiting
[INFO] [Deactivate] voxel=7914 span=1 sleep=7/8 waiting
[INFO] [Deactivate] voxel=7915 span=1 sleep=7/8 waiting
[INFO] [Deactivate] voxel=7916 span=1 sleep=7/8 waiting
[INFO] [Deactivate] voxel=7917 span=1 sleep=7/8 waiting
[INFO] [Deactivate] voxel=7918 span=1 sleep=7/8 waiting
[INFO] [Deactivate] voxel=7920 span=1 sleep=7/8 waiting
[INFO] [Deactivate] voxel=7921 span=1 sleep=7/8 waiting
[INFO] [Deactivate] voxel=7922 span=1 sleep=7/8 waiting
[INFO] [Deactivate] voxel=7923 span=1 sleep=7/8 waiting
[INFO] [Deactivate] voxel=7924 span=1 sleep=7/8 waiting
[INFO] [Deactivate] voxel=7925 span=1 sleep=7/8 waiting
[INFO] [Deactivate] voxel=7926 span=1 sleep=7/8 waiting
[INFO] [Deactivate] voxel=7927 span=1 sleep=7/8 waiting
[INFO] [Deactivate] voxel=7928 span=1 sleep=7/8 waiting
[INFO] [Deactivate] voxel=7929 span=1 sleep=7/8 waiting
[INFO] [Deactivate] voxel=7930 span=1 sleep=7/8 waiting
[INFO] [Deactivate] voxel=7931 span=1 sleep=7/8 waiting
[INFO] [Deactivate] voxel=7932 span=1 sleep=7/8 waiting
[INFO] [Deactivate] voxel=7933 span=1 sleep=7/8 waiting
[INFO] [Deactivate] voxel=7934 span=1 sleep=7/8 waiting
[INFO] [Deactivate] voxel=7935 span=1 sleep=7/8 waiting
[INFO] [Deactivate] voxel=7936 span=1 sleep=7/8 waiting
[INFO] [Deactivate] voxel=7937 span=1 sleep=7/8 waiting
[INFO] [Deactivate] voxel=7938 span=1 sleep=7/8 waiting
[INFO] [Deactivate] voxel=7939 span=1 sleep=7/8 waiting
[INFO] [Deactivate] voxel=7940 span=1 sleep=7/8 waiting
[INFO] [Deactivate] voxel=7941 span=1 sleep=7/8 waiting
[INFO] [Deactivate] voxel=7942 span=1 sleep=7/8 waiting
[INFO] [Deactivate] voxel=7943 span=1 sleep=7/8 waiting
[INFO] [Deactivate] voxel=7944 span=1 sleep=7/8 waiting
[INFO] [Deactivate] voxel=7945 span=1 sleep=7/8 waiting
[INFO] [Deactivate] voxel=7946 span=1 sleep=7/8 waiting
[INFO] [Deactivate] voxel=7947 span=1 sleep=7/8 waiting
[INFO] [Deactivate] voxel=7948 span=1 sleep=7/8 waiting
[INFO] [Deactivate] voxel=7949 span=1 sleep=7/8 waiting
[INFO] [Deactivate] voxel=7951 span=1 sleep=7/8 waiting
[INFO] [Deactivate] voxel=7952 span=1 sleep=7/8 waiting
[INFO] [Deactivate] voxel=7953 span=1 sleep=7/8 waiting
[INFO] [Deactivate] voxel=7954 span=1 sleep=7/8 waiting
[INFO] [Deactivate] voxel=7955 span=1 sleep=7/8 waiting
[INFO] [Deactivate] voxel=7956 span=1 sleep=7/8 waiting
[INFO] [Deactivate] voxel=7957 span=1 sleep=7/8 waiting
[INFO] [Deactivate] voxel=7958 span=1 sleep=7/8 waiting
[INFO] [Deactivate] voxel=7959 span=1 sleep=7/8 waiting
[INFO] [Deactivate] voxel=7960 span=1 sleep=7/8 waiting
[INFO] [Deactivate] voxel=7961 span=1 sleep=7/8 waiting
[INFO] [Deactivate] voxel=7962 span=1 sleep=7/8 waiting
[INFO] [Deactivate] voxel=7965 span=1 sleep=7/8 waiting
[INFO] [Deactivate] voxel=7966 span=1 sleep=7/8 waiting
[INFO] [Deactivate] voxel=7967 span=1 sleep=7/8 waiting
[INFO] [Deactivate] voxel=7968 span=1 sleep=7/8 waiting
[INFO] [Deactivate] voxel=7969 span=1 sleep=7/8 waiting
[INFO] [Deactivate] voxel=7970 span=1 sleep=7/8 waiting
[INFO] [Deactivate] voxel=7971 span=1 sleep=7/8 waiting
[INFO] [Deactivate] voxel=7972 span=1 sleep=7/8 waiting
[INFO] [Deactivate] voxel=7973 span=1 sleep=7/8 waiting
[INFO] [Deactivate] voxel=7974 span=1 sleep=7/8 waiting
[INFO] [Deactivate] voxel=7975 span=1 sleep=7/8 waiting
[INFO] [Deactivate] voxel=7976 span=1 sleep=7/8 waiting
[INFO] [Deactivate] voxel=7977 span=1 sleep=7/8 waiting
[INFO] [Deactivate] voxel=7978 span=1 sleep=7/8 waiting
[INFO] [Deactivate] voxel=7979 span=1 sleep=7/8 waiting
[INFO] [Deactivate] voxel=7980 span=1 sleep=7/8 waiting
[INFO] [Deactivate] voxel=7981 span=1 sleep=7/8 waiting
[INFO] [Deactivate] voxel=7982 span=1 sleep=7/8 waiting
[INFO] [Deactivate] voxel=7983 span=1 sleep=7/8 waiting
[INFO] [Deactivate] voxel=7984 span=1 sleep=7/8 waiting
[INFO] [Deactivate] voxel=7985 span=1 sleep=7/8 waiting
[INFO] [Deactivate] voxel=7986 span=1 sleep=7/8 waiting
[INFO] [Deactivate] voxel=7987 span=1 sleep=7/8 waiting
[INFO] [Deactivate] voxel=7988 span=1 sleep=7/8 waiting
[INFO] [Deactivate] voxel=7989 span=1 sleep=7/8 waiting
[INFO] [Deactivate] voxel=7990 span=1 sleep=7/8 waiting
[INFO] [Deactivate] voxel=7991 span=1 sleep=7/8 waiting
[INFO] [Deactivate] voxel=7992 span=1 sleep=7/8 waiting
[INFO] [Deactivate] voxel=7993 span=1 sleep=7/8 waiting
[INFO] [Deactivate] voxel=7994 span=1 sleep=7/8 waiting
[INFO] [Deactivate] voxel=7995 span=1 sleep=7/8 waiting
[INFO] [Deactivate] voxel=7996 span=1 sleep=7/8 waiting
[INFO] [Deactivate] voxel=7997 span=1 sleep=7/8 waiting
[INFO] [Deactivate] voxel=7998 span=1 sleep=7/8 waiting
[INFO] [Deactivate] voxel=7999 span=1 sleep=7/8 waiting
[INFO] [Deactivate] voxel=8000 span=1 sleep=7/8 waiting
[INFO] [Deactivate] voxel=8001 span=1 sleep=7/8 waiting
[INFO] [Deactivate] voxel=8002 span=1 sleep=7/8 waiting
[INFO] [Deactivate] voxel=8003 span=1 sleep=6/8 waiting
[INFO] [Deactivate] voxel=8004 span=1 sleep=6/8 waiting
[INFO] [Deactivate] voxel=8005 span=1 sleep=6/8 waiting
[INFO] [Deactivate] voxel=8006 span=1 sleep=6/8 waiting
[INFO] [Deactivate] voxel=8007 span=1 sleep=6/8 waiting
[INFO] [Deactivate] voxel=8008 span=1 sleep=6/8 waiting
[INFO] [Deactivate] voxel=8009 span=1 sleep=6/8 waiting
[INFO] [Deactivate] voxel=7723 cluster_ready=false fail_idx=8005 sleep=7 reason=insufficient-sleep
[INFO] [Deactivate] voxel=7724 span=1 sleep=7/8 waiting
[INFO] [Deactivate] voxel=7725 span=1 sleep=7/8 waiting
[INFO] [Deactivate] voxel=7726 span=1 sleep=7/8 waiting
[INFO] [Deactivate] voxel=7727 span=1 sleep=7/8 waiting
[INFO] [Deactivate] voxel=7728 span=1 sleep=7/8 waiting
[INFO] [Deactivate] voxel=7729 span=1 sleep=7/8 waiting
[INFO] [Deactivate] voxel=7736 span=1 sleep=7/8 waiting
[INFO] [Deactivate] voxel=7737 span=1 sleep=7/8 waiting
[INFO] [Deactivate] voxel=7738 span=1 sleep=7/8 waiting
[INFO] [Deactivate] voxel=7739 span=1 sleep=7/8 waiting
[INFO] [Deactivate] voxel=7740 span=1 sleep=7/8 waiting
[INFO] [Deactivate] voxel=7743 span=1 sleep=7/8 waiting
[INFO] [Deactivate] voxel=7745 span=1 sleep=7/8 waiting
[INFO] [Deactivate] voxel=7748 span=1 sleep=7/8 waiting
[INFO] [Deactivate] voxel=7749 span=1 sleep=7/8 waiting
[INFO] [Deactivate] voxel=7750 span=1 sleep=7/8 waiting
[INFO] [Deactivate] voxel=7751 span=1 sleep=7/8 waiting
[INFO] [Deactivate] voxel=7752 span=1 sleep=7/8 waiting
[INFO] [Deactivate] voxel=7753 span=1 sleep=7/8 waiting
[INFO] [Deactivate] voxel=7754 span=1 sleep=7/8 waiting
[INFO] [Deactivate] voxel=7760 span=1 sleep=7/8 waiting
[INFO] [Deactivate] voxel=7761 span=1 sleep=7/8 waiting
[INFO] [Deactivate] voxel=7762 span=1 sleep=7/8 waiting
[INFO] [Deactivate] voxel=7763 span=1 sleep=7/8 waiting
[INFO] [Deactivate] voxel=7764 span=1 sleep=7/8 waiting
[INFO] [Deactivate] voxel=7771 span=1 sleep=7/8 waiting
[INFO] [Deactivate] voxel=7772 span=1 sleep=7/8 waiting
[INFO] [Deactivate] voxel=7773 span=1 sleep=7/8 waiting
[INFO] [Deactivate] voxel=7774 span=1 sleep=7/8 waiting
[INFO] [Deactivate] voxel=7775 span=1 sleep=7/8 waiting
[INFO] [Deactivate] voxel=7782 span=1 sleep=7/8 waiting
[INFO] [Deactivate] voxel=7783 span=1 sleep=7/8 waiting
[INFO] [Deactivate] voxel=7784 span=1 sleep=7/8 waiting
[INFO] [Deactivate] voxel=7785 span=1 sleep=7/8 waiting
[INFO] [Deactivate] voxel=7786 span=1 sleep=7/8 waiting
[INFO] [Support] no-static-connection pos=(-3.62,1.23,-8.64) bounds=(-8..-8,2..2,-18..-18)
[INFO] [Deactivate] cluster_support=false count=1 checked=1 invalid=0 reason=no-static-connection
[INFO] [Deactivate] voxel=7789 cluster=1 lacks static support
[INFO] [Deactivate] voxel=7793 span=1 sleep=7/8 waiting
[INFO] [Deactivate] voxel=7794 span=1 sleep=7/8 waiting
[INFO] [Deactivate] voxel=7795 span=1 sleep=7/8 waiting
[INFO] [Deactivate] voxel=7796 span=1 sleep=7/8 waiting
[INFO] [Deactivate] voxel=7797 span=1 sleep=7/8 waiting
[INFO] [Deactivate] voxel=7799 span=1 sleep=7/8 waiting
[INFO] [Deactivate] voxel=7800 span=1 sleep=7/8 waiting
[INFO] [Deactivate] voxel=7803 span=1 sleep=7/8 waiting
[INFO] [Deactivate] voxel=7804 span=1 sleep=7/8 waiting
[INFO] [Deactivate] voxel=7805 span=1 sleep=7/8 waiting
[INFO] [Deactivate] voxel=7806 span=1 sleep=7/8 waiting
[INFO] [Deactivate] voxel=7807 span=1 sleep=7/8 waiting
[INFO] [Deactivate] voxel=7808 span=1 sleep=7/8 waiting
[INFO] [Deactivate] voxel=7809 span=1 sleep=7/8 waiting
[INFO] [Deactivate] voxel=7810 span=1 sleep=7/8 waiting
[INFO] [Deactivate] voxel=7811 span=1 sleep=7/8 waiting
[INFO] [Deactivate] voxel=7812 span=1 sleep=7/8 waiting
[INFO] [Deactivate] voxel=7813 span=1 sleep=7/8 waiting
[INFO] [Deactivate] voxel=7814 span=1 sleep=7/8 waiting
[INFO] [Deactivate] voxel=7815 span=1 sleep=7/8 waiting
[INFO] [Deactivate] voxel=7816 span=1 sleep=7/8 waiting
[INFO] [Deactivate] voxel=7817 span=1 sleep=7/8 waiting
[INFO] [Deactivate] voxel=7818 span=1 sleep=7/8 waiting
[INFO] [Deactivate] voxel=7819 span=1 sleep=7/8 waiting
[INFO] [Deactivate] voxel=7820 span=1 sleep=7/8 waiting
[INFO] [Deactivate] voxel=7821 span=1 sleep=7/8 waiting
[INFO] [Deactivate] voxel=7822 span=1 sleep=7/8 waiting
[INFO] [Deactivate] voxel=7823 span=2 sleep=7/8 waiting
[INFO] [Deactivate] voxel=7824 span=1 sleep=7/8 waiting
[INFO] [Deactivate] voxel=7825 span=1 sleep=7/8 waiting
[INFO] [Deactivate] voxel=7826 span=1 sleep=7/8 waiting
[INFO] [Deactivate] voxel=7827 span=1 sleep=7/8 waiting
[INFO] [Deactivate] voxel=7828 span=1 sleep=7/8 waiting
[INFO] [Deactivate] voxel=7829 span=1 sleep=7/8 waiting
[INFO] [Deactivate] voxel=7830 span=1 sleep=7/8 waiting
[INFO] [Deactivate] voxel=7831 span=1 sleep=7/8 waiting
[INFO] [Deactivate] voxel=7832 span=1 sleep=7/8 waiting
[INFO] [Deactivate] voxel=7833 span=1 sleep=7/8 waiting
[INFO] [Deactivate] voxel=7834 span=1 sleep=7/8 waiting
[INFO] [Deactivate] voxel=7835 span=1 sleep=7/8 waiting
[INFO] [Deactivate] voxel=7836 span=1 sleep=7/8 waiting
[INFO] [Deactivate] voxel=7837 span=1 sleep=7/8 waiting
[INFO] [Deactivate] voxel=7838 span=1 sleep=7/8 waiting
[INFO] [Deactivate] voxel=7839 span=1 sleep=7/8 waiting
[INFO] [Deactivate] voxel=7840 span=1 sleep=7/8 waiting
[INFO] [Deactivate] voxel=7841 span=1 sleep=7/8 waiting
[INFO] [Deactivate] voxel=7842 span=1 sleep=7/8 waiting
[INFO] [Deactivate] voxel=7843 span=1 sleep=7/8 waiting
[INFO] [Deactivate] voxel=7844 span=1 sleep=7/8 waiting
[INFO] [Deactivate] voxel=7845 span=1 sleep=7/8 waiting
[INFO] [Deactivate] voxel=7846 span=1 sleep=7/8 waiting
[INFO] [Deactivate] voxel=7847 span=1 sleep=7/8 waiting
[INFO] [Deactivate] voxel=7848 span=1 sleep=7/8 waiting
[INFO] [Deactivate] voxel=7849 span=1 sleep=7/8 waiting
[INFO] [Deactivate] voxel=7850 span=1 sleep=7/8 waiting
[INFO] [Deactivate] voxel=7851 span=1 sleep=7/8 waiting
[INFO] [Deactivate] voxel=7852 span=1 sleep=7/8 waiting
[INFO] [Deactivate] voxel=7853 span=2 sleep=7/8 waiting
[INFO] [Deactivate] voxel=7854 span=1 sleep=7/8 waiting
[INFO] [Deactivate] voxel=7855 span=1 sleep=7/8 waiting
[INFO] [Deactivate] voxel=7856 span=1 sleep=7/8 waiting
[INFO] [Deactivate] voxel=7857 span=1 sleep=7/8 waiting
[INFO] [Deactivate] voxel=7858 span=1 sleep=7/8 waiting
[INFO] [Deactivate] voxel=7859 span=1 sleep=7/8 waiting
[INFO] [Deactivate] voxel=7860 span=1 sleep=7/8 waiting
[INFO] [Deactivate] voxel=7861 span=1 sleep=7/8 waiting
[INFO] [Deactivate] voxel=7862 span=1 sleep=7/8 waiting
[INFO] [Deactivate] voxel=7863 span=1 sleep=7/8 waiting
[INFO] [Deactivate] voxel=7864 span=1 sleep=7/8 waiting
[INFO] [Deactivate] voxel=7865 span=1 sleep=7/8 waiting
[INFO] [Deactivate] voxel=7866 span=1 sleep=7/8 waiting
[INFO] [Deactivate] voxel=7867 span=1 sleep=7/8 waiting
[INFO] [Deactivate] voxel=7868 span=1 sleep=7/8 waiting
[INFO] [Deactivate] voxel=7869 span=1 sleep=7/8 waiting
[INFO] [Deactivate] voxel=7870 span=1 sleep=7/8 waiting
[INFO] [Deactivate] voxel=7871 span=1 sleep=7/8 waiting
[INFO] [Deactivate] voxel=7872 span=1 sleep=7/8 waiting
[INFO] [Deactivate] voxel=7873 span=1 sleep=7/8 waiting
[INFO] [Deactivate] voxel=7874 span=1 sleep=7/8 waiting
[INFO] [Deactivate] voxel=7875 span=2 sleep=7/8 waiting
[INFO] [Deactivate] voxel=7879 span=1 sleep=7/8 waiting
[INFO] [Deactivate] voxel=7880 span=1 sleep=7/8 waiting
[INFO] [Deactivate] voxel=7881 span=1 sleep=7/8 waiting
[INFO] [Deactivate] voxel=7882 span=1 sleep=7/8 waiting
[INFO] [Deactivate] voxel=7883 span=1 sleep=7/8 waiting
[INFO] [Deactivate] voxel=7884 span=1 sleep=7/8 waiting
[INFO] [Deactivate] voxel=7885 span=1 sleep=7/8 waiting
[INFO] [Deactivate] voxel=7890 span=1 sleep=7/8 waiting
[INFO] [Deactivate] voxel=7891 span=1 sleep=7/8 waiting
[INFO] [Deactivate] voxel=7892 span=1 sleep=7/8 waiting
[INFO] [Deactivate] voxel=7893 span=1 sleep=7/8 waiting
[INFO] [Deactivate] voxel=7894 span=1 sleep=7/8 waiting
[INFO] [Deactivate] voxel=7895 span=1 sleep=7/8 waiting
[INFO] [Deactivate] voxel=7896 span=1 sleep=7/8 waiting
[INFO] [Deactivate] voxel=7899 span=1 sleep=7/8 waiting
[INFO] [Deactivate] voxel=7902 span=1 sleep=7/8 waiting
[INFO] [Deactivate] voxel=7903 span=1 sleep=7/8 waiting
[INFO] [Deactivate] voxel=7904 span=1 sleep=7/8 waiting
[INFO] [Deactivate] voxel=7905 span=1 sleep=7/8 waiting
[INFO] [Deactivate] voxel=7906 span=1 sleep=7/8 waiting
[INFO] [Deactivate] voxel=7907 span=1 sleep=7/8 waiting
[INFO] [Deactivate] voxel=7912 span=1 sleep=7/8 waiting
[INFO] [Deactivate] voxel=7913 span=1 sleep=7/8 waiting
[INFO] [Deactivate] voxel=7914 span=1 sleep=7/8 waiting
[INFO] [Deactivate] voxel=7915 span=1 sleep=7/8 waiting
[INFO] [Deactivate] voxel=7916 span=1 sleep=7/8 waiting
[INFO] [Deactivate] voxel=7917 span=1 sleep=7/8 waiting
[INFO] [Deactivate] voxel=7918 span=1 sleep=7/8 waiting
[INFO] [Deactivate] voxel=7920 span=1 sleep=7/8 waiting
[INFO] [Deactivate] voxel=7921 span=1 sleep=7/8 waiting
[INFO] [Deactivate] voxel=7922 span=1 sleep=7/8 waiting
[INFO] [Deactivate] voxel=7923 span=1 sleep=7/8 waiting
[INFO] [Deactivate] voxel=7924 span=1 sleep=7/8 waiting
[INFO] [Deactivate] voxel=7925 span=1 sleep=7/8 waiting
[INFO] [Deactivate] voxel=7926 span=1 sleep=7/8 waiting
[INFO] [Deactivate] voxel=7927 span=1 sleep=7/8 waiting
[INFO] [Deactivate] voxel=7928 span=1 sleep=7/8 waiting
[INFO] [Deactivate] voxel=7929 span=1 sleep=7/8 waiting
[INFO] [Deactivate] voxel=7930 span=1 sleep=7/8 waiting
[INFO] [Deactivate] voxel=7931 span=1 sleep=7/8 waiting
[INFO] [Deactivate] voxel=7932 span=1 sleep=7/8 waiting
[INFO] [Deactivate] voxel=7933 span=1 sleep=7/8 waiting
[INFO] [Deactivate] voxel=7934 span=1 sleep=7/8 waiting
[INFO] [Deactivate] voxel=7935 span=1 sleep=7/8 waiting
[INFO] [Deactivate] voxel=7936 span=1 sleep=7/8 waiting
[INFO] [Deactivate] voxel=7937 span=1 sleep=7/8 waiting
[INFO] [Deactivate] voxel=7938 span=1 sleep=7/8 waiting
[INFO] [Deactivate] voxel=7939 span=1 sleep=7/8 waiting
[INFO] [Deactivate] voxel=7940 span=1 sleep=7/8 waiting
[INFO] [Deactivate] voxel=7941 span=1 sleep=7/8 waiting
[INFO] [Deactivate] voxel=7942 span=1 sleep=7/8 waiting
[INFO] [Deactivate] voxel=7943 span=1 sleep=7/8 waiting
[INFO] [Deactivate] voxel=7944 span=1 sleep=7/8 waiting
[INFO] [Deactivate] voxel=7945 span=1 sleep=7/8 waiting
[INFO] [Deactivate] voxel=7946 span=1 sleep=7/8 waiting
[INFO] [Deactivate] voxel=7947 span=1 sleep=7/8 waiting
[INFO] [Deactivate] voxel=7948 span=1 sleep=7/8 waiting
[INFO] [Deactivate] voxel=7949 span=1 sleep=7/8 waiting
[INFO] [Deactivate] voxel=7951 span=1 sleep=7/8 waiting
[INFO] [Deactivate] voxel=7952 span=1 sleep=7/8 waiting
[INFO] [Deactivate] voxel=7953 span=1 sleep=7/8 waiting
[INFO] [Deactivate] voxel=7954 span=1 sleep=7/8 waiting
[INFO] [Deactivate] voxel=7955 span=1 sleep=7/8 waiting
[INFO] [Deactivate] voxel=7956 span=1 sleep=7/8 waiting
[INFO] [Deactivate] voxel=7957 span=1 sleep=7/8 waiting
[INFO] [Deactivate] voxel=7958 span=1 sleep=7/8 waiting
[INFO] [Deactivate] voxel=7959 span=1 sleep=7/8 waiting
[INFO] [Deactivate] voxel=7960 span=1 sleep=7/8 waiting
[INFO] [Deactivate] voxel=7961 span=1 sleep=7/8 waiting
[INFO] [Deactivate] voxel=7962 span=1 sleep=7/8 waiting
[INFO] [Deactivate] voxel=7965 span=1 sleep=7/8 waiting
[INFO] [Deactivate] voxel=7966 span=1 sleep=7/8 waiting
[INFO] [Deactivate] voxel=7967 span=1 sleep=7/8 waiting
[INFO] [Deactivate] voxel=7968 span=1 sleep=7/8 waiting
[INFO] [Deactivate] voxel=7969 span=1 sleep=7/8 waiting
[INFO] [Deactivate] voxel=7970 span=1 sleep=7/8 waiting
[INFO] [Deactivate] voxel=7971 span=1 sleep=7/8 waiting
[INFO] [Deactivate] voxel=7972 span=1 sleep=7/8 waiting
[INFO] [Deactivate] voxel=7973 span=1 sleep=7/8 waiting
[INFO] [Deactivate] voxel=7974 span=1 sleep=7/8 waiting
[INFO] [Deactivate] voxel=7975 span=1 sleep=7/8 waiting
[INFO] [Deactivate] voxel=7976 span=1 sleep=7/8 waiting
[INFO] [Deactivate] voxel=7977 span=1 sleep=7/8 waiting
[INFO] [Deactivate] voxel=7978 span=1 sleep=7/8 waiting
[INFO] [Deactivate] voxel=7979 span=1 sleep=7/8 waiting
[INFO] [Deactivate] voxel=7980 span=1 sleep=7/8 waiting
[INFO] [Deactivate] voxel=7981 span=1 sleep=7/8 waiting
[INFO] [Deactivate] voxel=7982 span=1 sleep=7/8 waiting
[INFO] [Deactivate] voxel=7983 span=1 sleep=7/8 waiting
[INFO] [Deactivate] voxel=7984 span=1 sleep=7/8 waiting
[INFO] [Deactivate] voxel=7985 span=1 sleep=7/8 waiting
[INFO] [Deactivate] voxel=7986 span=1 sleep=7/8 waiting
[INFO] [Deactivate] voxel=7987 span=1 sleep=7/8 waiting
[INFO] [Deactivate] voxel=7988 span=1 sleep=7/8 waiting
[INFO] [Deactivate] voxel=7989 span=1 sleep=7/8 waiting
[INFO] [Deactivate] voxel=7990 span=1 sleep=7/8 waiting
[INFO] [Deactivate] voxel=7991 span=1 sleep=7/8 waiting
[INFO] [Deactivate] voxel=7992 span=1 sleep=7/8 waiting
[INFO] [Deactivate] voxel=7993 span=1 sleep=7/8 waiting
[INFO] [Deactivate] voxel=7994 span=1 sleep=7/8 waiting
[INFO] [Deactivate] voxel=7995 span=1 sleep=7/8 waiting
[INFO] [Deactivate] voxel=7996 span=1 sleep=7/8 waiting
[INFO] [Deactivate] voxel=7997 span=1 sleep=7/8 waiting
[INFO] [Deactivate] voxel=7998 span=1 sleep=7/8 waiting
[INFO] [Deactivate] voxel=7999 span=1 sleep=7/8 waiting
[INFO] [Deactivate] voxel=8000 span=1 sleep=7/8 waiting
[INFO] [Deactivate] voxel=8001 span=1 sleep=7/8 waiting
[INFO] [Deactivate] voxel=8002 span=1 sleep=7/8 waiting
[INFO] [Deactivate] voxel=8003 span=1 sleep=7/8 waiting
[INFO] [Deactivate] voxel=8004 span=1 sleep=7/8 waiting
[INFO] [Deactivate] voxel=8005 span=1 sleep=7/8 waiting
[INFO] [Deactivate] voxel=8006 span=1 sleep=7/8 waiting
[INFO] [Deactivate] voxel=8007 span=1 sleep=7/8 waiting
[INFO] [Deactivate] voxel=8008 span=1 sleep=7/8 waiting
[INFO] [Deactivate] voxel=8009 span=1 sleep=7/8 waiting
[INFO] [Support] no-static-connection pos=(2.62,2.22,-1.78) bounds=(5..5,4..4,-4..-4)
[INFO] [Support] no-static-connection pos=(2.56,2.71,-1.73) bounds=(5..5,5..5,-4..-4)
[INFO] [Support] no-static-connection pos=(2.65,2.17,-1.28) bounds=(5..5,4..4,-3..-3)
[INFO] [Support] no-static-connection pos=(2.63,2.23,-1.76) bounds=(5..5,4..4,-4..-4)
[INFO] [Support] no-static-connection pos=(2.06,2.64,-1.72) bounds=(4..4,5..5,-4..-4)
[INFO] [Support] no-static-connection pos=(2.54,2.75,-2.23) bounds=(5..5,5..5,-5..-5)
[INFO] [Support] no-static-connection pos=(2.59,2.66,-1.24) bounds=(5..5,5..5,-3..-3)
[INFO] [Support] no-static-connection pos=(2.15,2.10,-1.26) bounds=(4..4,4..4,-3..-3)
[INFO] [Support] no-static-connection pos=(2.68,2.12,-0.78) bounds=(5..5,4..4,-2..-2)
[INFO] [Support] no-static-connection pos=(2.13,2.15,-1.76) bounds=(4..4,4..4,-4..-4)
[INFO] [Support] no-static-connection pos=(2.12,2.16,-1.76) bounds=(4..4,4..4,-4..-4)
[INFO] [Support] no-static-connection pos=(2.61,2.26,-2.26) bounds=(5..5,4..4,-5..-5)
[INFO] [Support] no-static-connection pos=(2.62,2.26,-2.26) bounds=(5..5,4..4,-5..-5)
[INFO] [RemoveVoxel] idx=8009 voxel_count_before=8011 moved_from=8010 voxel_count_after=8010
[INFO] [RemoveVoxel] idx=8008 voxel_count_before=8010 moved_from=8009 voxel_count_after=8009
[INFO] [RemoveVoxel] idx=8007 voxel_count_before=8009 moved_from=8008 voxel_count_after=8008
[INFO] [RemoveVoxel] idx=8006 voxel_count_before=8008 moved_from=8007 voxel_count_after=8007
[INFO] [RemoveVoxel] idx=8005 voxel_count_before=8007 moved_from=8006 voxel_count_after=8006
[INFO] [RemoveVoxel] idx=8004 voxel_count_before=8006 moved_from=8005 voxel_count_after=8005
[INFO] [RemoveVoxel] idx=8003 voxel_count_before=8005 moved_from=8004 voxel_count_after=8004
[INFO] [RemoveVoxel] idx=8002 voxel_count_before=8004 moved_from=8003 voxel_count_after=8003
[INFO] [RemoveVoxel] idx=8001 voxel_count_before=8003 moved_from=8002 voxel_count_after=8002
[INFO] [RemoveVoxel] idx=8000 voxel_count_before=8002 moved_from=8001 voxel_count_after=8001
[INFO] [RemoveVoxel] idx=7999 voxel_count_before=8001 moved_from=8000 voxel_count_after=8000
[INFO] [RemoveVoxel] idx=7998 voxel_count_before=8000 moved_from=7999 voxel_count_after=7999
[INFO] [RemoveVoxel] idx=7997 voxel_count_before=7999 moved_from=7998 voxel_count_after=7998
[INFO] [RemoveVoxel] idx=7996 voxel_count_before=7998 moved_from=7997 voxel_count_after=7997
[INFO] [RemoveVoxel] idx=7995 voxel_count_before=7997 moved_from=7996 voxel_count_after=7996
[INFO] [RemoveVoxel] idx=7994 voxel_count_before=7996 moved_from=7995 voxel_count_after=7995
[INFO] [RemoveVoxel] idx=7993 voxel_count_before=7995 moved_from=7994 voxel_count_after=7994
[INFO] [RemoveVoxel] idx=7992 voxel_count_before=7994 moved_from=7993 voxel_count_after=7993
[INFO] [RemoveVoxel] idx=7991 voxel_count_before=7993 moved_from=7992 voxel_count_after=7992
[INFO] [RemoveVoxel] idx=7990 voxel_count_before=7992 moved_from=7991 voxel_count_after=7991
[INFO] [RemoveVoxel] idx=7989 voxel_count_before=7991 moved_from=7990 voxel_count_after=7990
[INFO] [RemoveVoxel] idx=7988 voxel_count_before=7990 moved_from=7989 voxel_count_after=7989
[INFO] [RemoveVoxel] idx=7987 voxel_count_before=7989 moved_from=7988 voxel_count_after=7988
[INFO] [RemoveVoxel] idx=7986 voxel_count_before=7988 moved_from=7987 voxel_count_after=7987
[INFO] [RemoveVoxel] idx=7985 voxel_count_before=7987 moved_from=7986 voxel_count_after=7986
[INFO] [RemoveVoxel] idx=7984 voxel_count_before=7986 moved_from=7985 voxel_count_after=7985
[INFO] [RemoveVoxel] idx=7983 voxel_count_before=7985 moved_from=7984 voxel_count_after=7984
[INFO] [RemoveVoxel] idx=7982 voxel_count_before=7984 moved_from=7983 voxel_count_after=7983
[INFO] [RemoveVoxel] idx=7981 voxel_count_before=7983 moved_from=7982 voxel_count_after=7982
[INFO] [RemoveVoxel] idx=7980 voxel_count_before=7982 moved_from=7981 voxel_count_after=7981
[INFO] [RemoveVoxel] idx=7979 voxel_count_before=7981 moved_from=7980 voxel_count_after=7980
[INFO] [RemoveVoxel] idx=7978 voxel_count_before=7980 moved_from=7979 voxel_count_after=7979
[INFO] [RemoveVoxel] idx=7977 voxel_count_before=7979 moved_from=7978 voxel_count_after=7978
[INFO] [RemoveVoxel] idx=7976 voxel_count_before=7978 moved_from=7977 voxel_count_after=7977
[INFO] [RemoveVoxel] idx=7975 voxel_count_before=7977 moved_from=7976 voxel_count_after=7976
[INFO] [RemoveVoxel] idx=7974 voxel_count_before=7976 moved_from=7975 voxel_count_after=7975
[INFO] [RemoveVoxel] idx=7973 voxel_count_before=7975 moved_from=7974 voxel_count_after=7974
[INFO] [RemoveVoxel] idx=7972 voxel_count_before=7974 moved_from=7973 voxel_count_after=7973
[INFO] [RemoveVoxel] idx=7971 voxel_count_before=7973 moved_from=7972 voxel_count_after=7972
[INFO] [RemoveVoxel] idx=7970 voxel_count_before=7972 moved_from=7971 voxel_count_after=7971
[INFO] [RemoveVoxel] idx=7969 voxel_count_before=7971 moved_from=7970 voxel_count_after=7970
[INFO] [RemoveVoxel] idx=7968 voxel_count_before=7970 moved_from=7969 voxel_count_after=7969
[INFO] [RemoveVoxel] idx=7967 voxel_count_before=7969 moved_from=7968 voxel_count_after=7968
[INFO] [RemoveVoxel] idx=7966 voxel_count_before=7968 moved_from=7967 voxel_count_after=7967
[INFO] [RemoveVoxel] idx=7965 voxel_count_before=7967 moved_from=7966 voxel_count_after=7966
[INFO] [RemoveVoxel] idx=7962 voxel_count_before=7966 moved_from=7965 voxel_count_after=7965
[INFO] [RemoveVoxel] idx=7961 voxel_count_before=7965 moved_from=7964 voxel_count_after=7964
[INFO] [RemoveVoxel] idx=7960 voxel_count_before=7964 moved_from=7963 voxel_count_after=7963
[INFO] [RemoveVoxel] idx=7959 voxel_count_before=7963 moved_from=7962 voxel_count_after=7962
[INFO] [RemoveVoxel] idx=7958 voxel_count_before=7962 moved_from=7961 voxel_count_after=7961
[INFO] [RemoveVoxel] idx=7957 voxel_count_before=7961 moved_from=7960 voxel_count_after=7960
[INFO] [RemoveVoxel] idx=7956 voxel_count_before=7960 moved_from=7959 voxel_count_after=7959
[INFO] [RemoveVoxel] idx=7955 voxel_count_before=7959 moved_from=7958 voxel_count_after=7958
[INFO] [RemoveVoxel] idx=7954 voxel_count_before=7958 moved_from=7957 voxel_count_after=7957
[INFO] [RemoveVoxel] idx=7953 voxel_count_before=7957 moved_from=7956 voxel_count_after=7956
[INFO] [RemoveVoxel] idx=7952 voxel_count_before=7956 moved_from=7955 voxel_count_after=7955
[INFO] [RemoveVoxel] idx=7951 voxel_count_before=7955 moved_from=7954 voxel_count_after=7954
[INFO] [RemoveVoxel] idx=7949 voxel_count_before=7954 moved_from=7953 voxel_count_after=7953
[INFO] [RemoveVoxel] idx=7948 voxel_count_before=7953 moved_from=7952 voxel_count_after=7952
[INFO] [RemoveVoxel] idx=7947 voxel_count_before=7952 moved_from=7951 voxel_count_after=7951
[INFO] [RemoveVoxel] idx=7946 voxel_count_before=7951 moved_from=7950 voxel_count_after=7950
[INFO] [RemoveVoxel] idx=7945 voxel_count_before=7950 moved_from=7949 voxel_count_after=7949
[INFO] [RemoveVoxel] idx=7944 voxel_count_before=7949 moved_from=7948 voxel_count_after=7948
[INFO] [RemoveVoxel] idx=7943 voxel_count_before=7948 moved_from=7947 voxel_count_after=7947
[INFO] [RemoveVoxel] idx=7942 voxel_count_before=7947 moved_from=7946 voxel_count_after=7946
[INFO] [RemoveVoxel] idx=7941 voxel_count_before=7946 moved_from=7945 voxel_count_after=7945
[INFO] [RemoveVoxel] idx=7940 voxel_count_before=7945 moved_from=7944 voxel_count_after=7944
[INFO] [RemoveVoxel] idx=7939 voxel_count_before=7944 moved_from=7943 voxel_count_after=7943
[INFO] [RemoveVoxel] idx=7938 voxel_count_before=7943 moved_from=7942 voxel_count_after=7942
[INFO] [RemoveVoxel] idx=7937 voxel_count_before=7942 moved_from=7941 voxel_count_after=7941
[INFO] [RemoveVoxel] idx=7936 voxel_count_before=7941 moved_from=7940 voxel_count_after=7940
[INFO] [RemoveVoxel] idx=7935 voxel_count_before=7940 moved_from=7939 voxel_count_after=7939
[INFO] [RemoveVoxel] idx=7934 voxel_count_before=7939 moved_from=7938 voxel_count_after=7938
[INFO] [RemoveVoxel] idx=7933 voxel_count_before=7938 moved_from=7937 voxel_count_after=7937
[INFO] [RemoveVoxel] idx=7932 voxel_count_before=7937 moved_from=7936 voxel_count_after=7936
[INFO] [RemoveVoxel] idx=7931 voxel_count_before=7936 moved_from=7935 voxel_count_after=7935
[INFO] [RemoveVoxel] idx=7930 voxel_count_before=7935 moved_from=7934 voxel_count_after=7934
[INFO] [RemoveVoxel] idx=7929 voxel_count_before=7934 moved_from=7933 voxel_count_after=7933
[INFO] [RemoveVoxel] idx=7928 voxel_count_before=7933 moved_from=7932 voxel_count_after=7932
[INFO] [RemoveVoxel] idx=7927 voxel_count_before=7932 moved_from=7931 voxel_count_after=7931
[INFO] [RemoveVoxel] idx=7926 voxel_count_before=7931 moved_from=7930 voxel_count_after=7930
[INFO] [RemoveVoxel] idx=7925 voxel_count_before=7930 moved_from=7929 voxel_count_after=7929
[INFO] [RemoveVoxel] idx=7924 voxel_count_before=7929 moved_from=7928 voxel_count_after=7928
[INFO] [RemoveVoxel] idx=7923 voxel_count_before=7928 moved_from=7927 voxel_count_after=7927
[INFO] [RemoveVoxel] idx=7922 voxel_count_before=7927 moved_from=7926 voxel_count_after=7926
[INFO] [RemoveVoxel] idx=7921 voxel_count_before=7926 moved_from=7925 voxel_count_after=7925
[INFO] [RemoveVoxel] idx=7920 voxel_count_before=7925 moved_from=7924 voxel_count_after=7924
[INFO] [RemoveVoxel] idx=7918 voxel_count_before=7924 moved_from=7923 voxel_count_after=7923
[INFO] [RemoveVoxel] idx=7917 voxel_count_before=7923 moved_from=7922 voxel_count_after=7922
[INFO] [RemoveVoxel] idx=7916 voxel_count_before=7922 moved_from=7921 voxel_count_after=7921
[INFO] [RemoveVoxel] idx=7915 voxel_count_before=7921 moved_from=7920 voxel_count_after=7920
[INFO] [RemoveVoxel] idx=7914 voxel_count_before=7920 moved_from=7919 voxel_count_after=7919
[INFO] [RemoveVoxel] idx=7913 voxel_count_before=7919 moved_from=7918 voxel_count_after=7918
[INFO] [RemoveVoxel] idx=7912 voxel_count_before=7918 moved_from=7917 voxel_count_after=7917
[INFO] [RemoveVoxel] idx=7907 voxel_count_before=7917 moved_from=7916 voxel_count_after=7916
[INFO] [RemoveVoxel] idx=7906 voxel_count_before=7916 moved_from=7915 voxel_count_after=7915
[INFO] [RemoveVoxel] idx=7905 voxel_count_before=7915 moved_from=7914 voxel_count_after=7914
[INFO] [RemoveVoxel] idx=7904 voxel_count_before=7914 moved_from=7913 voxel_count_after=7913
[INFO] [RemoveVoxel] idx=7903 voxel_count_before=7913 moved_from=7912 voxel_count_after=7912
[INFO] [RemoveVoxel] idx=7902 voxel_count_before=7912 moved_from=7911 voxel_count_after=7911
[INFO] [RemoveVoxel] idx=7899 voxel_count_before=7911 moved_from=7910 voxel_count_after=7910
[INFO] [RemoveVoxel] idx=7896 voxel_count_before=7910 moved_from=7909 voxel_count_after=7909
[INFO] [RemoveVoxel] idx=7895 voxel_count_before=7909 moved_from=7908 voxel_count_after=7908
[INFO] [RemoveVoxel] idx=7894 voxel_count_before=7908 moved_from=7907 voxel_count_after=7907
[INFO] [RemoveVoxel] idx=7893 voxel_count_before=7907 moved_from=7906 voxel_count_after=7906
[INFO] [RemoveVoxel] idx=7892 voxel_count_before=7906 moved_from=7905 voxel_count_after=7905
[INFO] [RemoveVoxel] idx=7891 voxel_count_before=7905 moved_from=7904 voxel_count_after=7904
[INFO] [RemoveVoxel] idx=7890 voxel_count_before=7904 moved_from=7903 voxel_count_after=7903
[INFO] [RemoveVoxel] idx=7885 voxel_count_before=7903 moved_from=7902 voxel_count_after=7902
[INFO] [RemoveVoxel] idx=7884 voxel_count_before=7902 moved_from=7901 voxel_count_after=7901
[INFO] [RemoveVoxel] idx=7883 voxel_count_before=7901 moved_from=7900 voxel_count_after=7900
[INFO] [RemoveVoxel] idx=7882 voxel_count_before=7900 moved_from=7899 voxel_count_after=7899
[INFO] [RemoveVoxel] idx=7881 voxel_count_before=7899 moved_from=7898 voxel_count_after=7898
[INFO] [RemoveVoxel] idx=7880 voxel_count_before=7898 moved_from=7897 voxel_count_after=7897
[INFO] [RemoveVoxel] idx=7879 voxel_count_before=7897 moved_from=7896 voxel_count_after=7896
[INFO] [RemoveVoxel] idx=7875 voxel_count_before=7896 moved_from=7895 voxel_count_after=7895
[INFO] [RemoveVoxel] idx=7874 voxel_count_before=7895 moved_from=7894 voxel_count_after=7894
[INFO] [RemoveVoxel] idx=7873 voxel_count_before=7894 moved_from=7893 voxel_count_after=7893
[INFO] [RemoveVoxel] idx=7872 voxel_count_before=7893 moved_from=7892 voxel_count_after=7892
[INFO] [RemoveVoxel] idx=7871 voxel_count_before=7892 moved_from=7891 voxel_count_after=7891
[INFO] [RemoveVoxel] idx=7870 voxel_count_before=7891 moved_from=7890 voxel_count_after=7890
[INFO] [RemoveVoxel] idx=7869 voxel_count_before=7890 moved_from=7889 voxel_count_after=7889
[INFO] [RemoveVoxel] idx=7868 voxel_count_before=7889 moved_from=7888 voxel_count_after=7888
[INFO] [RemoveVoxel] idx=7867 voxel_count_before=7888 moved_from=7887 voxel_count_after=7887
[INFO] [RemoveVoxel] idx=7866 voxel_count_before=7887 moved_from=7886 voxel_count_after=7886
[INFO] [RemoveVoxel] idx=7865 voxel_count_before=7886 moved_from=7885 voxel_count_after=7885
[INFO] [RemoveVoxel] idx=7864 voxel_count_before=7885 moved_from=7884 voxel_count_after=7884
[INFO] [RemoveVoxel] idx=7863 voxel_count_before=7884 moved_from=7883 voxel_count_after=7883
[INFO] [RemoveVoxel] idx=7862 voxel_count_before=7883 moved_from=7882 voxel_count_after=7882
[INFO] [RemoveVoxel] idx=7861 voxel_count_before=7882 moved_from=7881 voxel_count_after=7881
[INFO] [RemoveVoxel] idx=7860 voxel_count_before=7881 moved_from=7880 voxel_count_after=7880
[INFO] [RemoveVoxel] idx=7859 voxel_count_before=7880 moved_from=7879 voxel_count_after=7879
[INFO] [RemoveVoxel] idx=7858 voxel_count_before=7879 moved_from=7878 voxel_count_after=7878
[INFO] [RemoveVoxel] idx=7857 voxel_count_before=7878 moved_from=7877 voxel_count_after=7877
[INFO] [RemoveVoxel] idx=7856 voxel_count_before=7877 moved_from=7876 voxel_count_after=7876
[INFO] [RemoveVoxel] idx=7855 voxel_count_before=7876 moved_from=7875 voxel_count_after=7875
[INFO] [RemoveVoxel] idx=7854 voxel_count_before=7875 moved_from=7874 voxel_count_after=7874
[INFO] [RemoveVoxel] idx=7853 voxel_count_before=7874 moved_from=7873 voxel_count_after=7873
[INFO] [RemoveVoxel] idx=7852 voxel_count_before=7873 moved_from=7872 voxel_count_after=7872
[INFO] [RemoveVoxel] idx=7851 voxel_count_before=7872 moved_from=7871 voxel_count_after=7871
[INFO] [RemoveVoxel] idx=7850 voxel_count_before=7871 moved_from=7870 voxel_count_after=7870
[INFO] [RemoveVoxel] idx=7849 voxel_count_before=7870 moved_from=7869 voxel_count_after=7869
[INFO] [RemoveVoxel] idx=7848 voxel_count_before=7869 moved_from=7868 voxel_count_after=7868
[INFO] [RemoveVoxel] idx=7847 voxel_count_before=7868 moved_from=7867 voxel_count_after=7867
[INFO] [RemoveVoxel] idx=7846 voxel_count_before=7867 moved_from=7866 voxel_count_after=7866
[INFO] [RemoveVoxel] idx=7845 voxel_count_before=7866 moved_from=7865 voxel_count_after=7865
[INFO] [RemoveVoxel] idx=7844 voxel_count_before=7865 moved_from=7864 voxel_count_after=7864
[INFO] [RemoveVoxel] idx=7843 voxel_count_before=7864 moved_from=7863 voxel_count_after=7863
[INFO] [RemoveVoxel] idx=7842 voxel_count_before=7863 moved_from=7862 voxel_count_after=7862
[INFO] [RemoveVoxel] idx=7841 voxel_count_before=7862 moved_from=7861 voxel_count_after=7861
[INFO] [RemoveVoxel] idx=7840 voxel_count_before=7861 moved_from=7860 voxel_count_after=7860
[INFO] [RemoveVoxel] idx=7839 voxel_count_before=7860 moved_from=7859 voxel_count_after=7859
[INFO] [RemoveVoxel] idx=7838 voxel_count_before=7859 moved_from=7858 voxel_count_after=7858
[INFO] [RemoveVoxel] idx=7837 voxel_count_before=7858 moved_from=7857 voxel_count_after=7857
[INFO] [RemoveVoxel] idx=7836 voxel_count_before=7857 moved_from=7856 voxel_count_after=7856
[INFO] [RemoveVoxel] idx=7835 voxel_count_before=7856 moved_from=7855 voxel_count_after=7855
[INFO] [RemoveVoxel] idx=7834 voxel_count_before=7855 moved_from=7854 voxel_count_after=7854
[INFO] [RemoveVoxel] idx=7833 voxel_count_before=7854 moved_from=7853 voxel_count_after=7853
[INFO] [RemoveVoxel] idx=7832 voxel_count_before=7853 moved_from=7852 voxel_count_after=7852
[INFO] [RemoveVoxel] idx=7831 voxel_count_before=7852 moved_from=7851 voxel_count_after=7851
[INFO] [RemoveVoxel] idx=7830 voxel_count_before=7851 moved_from=7850 voxel_count_after=7850
[INFO] [RemoveVoxel] idx=7829 voxel_count_before=7850 moved_from=7849 voxel_count_after=7849
[INFO] [RemoveVoxel] idx=7828 voxel_count_before=7849 moved_from=7848 voxel_count_after=7848
[INFO] [RemoveVoxel] idx=7827 voxel_count_before=7848 moved_from=7847 voxel_count_after=7847
[INFO] [RemoveVoxel] idx=7826 voxel_count_before=7847 moved_from=7846 voxel_count_after=7846
[INFO] [RemoveVoxel] idx=7825 voxel_count_before=7846 moved_from=7845 voxel_count_after=7845
[INFO] [RemoveVoxel] idx=7824 voxel_count_before=7845 moved_from=7844 voxel_count_after=7844
[INFO] [RemoveVoxel] idx=7823 voxel_count_before=7844 moved_from=7843 voxel_count_after=7843
[INFO] [RemoveVoxel] idx=7822 voxel_count_before=7843 moved_from=7842 voxel_count_after=7842
[INFO] [RemoveVoxel] idx=7821 voxel_count_before=7842 moved_from=7841 voxel_count_after=7841
[INFO] [RemoveVoxel] idx=7820 voxel_count_before=7841 moved_from=7840 voxel_count_after=7840
[INFO] [RemoveVoxel] idx=7819 voxel_count_before=7840 moved_from=7839 voxel_count_after=7839
[INFO] [RemoveVoxel] idx=7818 voxel_count_before=7839 moved_from=7838 voxel_count_after=7838
[INFO] [RemoveVoxel] idx=7817 voxel_count_before=7838 moved_from=7837 voxel_count_after=7837
[INFO] [RemoveVoxel] idx=7816 voxel_count_before=7837 moved_from=7836 voxel_count_after=7836
[INFO] [RemoveVoxel] idx=7815 voxel_count_before=7836 moved_from=7835 voxel_count_after=7835
[INFO] [RemoveVoxel] idx=7814 voxel_count_before=7835 moved_from=7834 voxel_count_after=7834
[INFO] [RemoveVoxel] idx=7813 voxel_count_before=7834 moved_from=7833 voxel_count_after=7833
[INFO] [RemoveVoxel] idx=7812 voxel_count_before=7833 moved_from=7832 voxel_count_after=7832
[INFO] [RemoveVoxel] idx=7811 voxel_count_before=7832 moved_from=7831 voxel_count_after=7831
[INFO] [RemoveVoxel] idx=7810 voxel_count_before=7831 moved_from=7830 voxel_count_after=7830
[INFO] [RemoveVoxel] idx=7809 voxel_count_before=7830 moved_from=7829 voxel_count_after=7829
[INFO] [RemoveVoxel] idx=7808 voxel_count_before=7829 moved_from=7828 voxel_count_after=7828
[INFO] [RemoveVoxel] idx=7807 voxel_count_before=7828 moved_from=7827 voxel_count_after=7827
[INFO] [RemoveVoxel] idx=7806 voxel_count_before=7827 moved_from=7826 voxel_count_after=7826
[INFO] [RemoveVoxel] idx=7805 voxel_count_before=7826 moved_from=7825 voxel_count_after=7825
[INFO] [RemoveVoxel] idx=7804 voxel_count_before=7825 moved_from=7824 voxel_count_after=7824
[INFO] [RemoveVoxel] idx=7803 voxel_count_before=7824 moved_from=7823 voxel_count_after=7823
[INFO] [RemoveVoxel] idx=7800 voxel_count_before=7823 moved_from=7822 voxel_count_after=7822
[INFO] [RemoveVoxel] idx=7799 voxel_count_before=7822 moved_from=7821 voxel_count_after=7821
[INFO] [RemoveVoxel] idx=7797 voxel_count_before=7821 moved_from=7820 voxel_count_after=7820
[INFO] [RemoveVoxel] idx=7796 voxel_count_before=7820 moved_from=7819 voxel_count_after=7819
[INFO] [RemoveVoxel] idx=7795 voxel_count_before=7819 moved_from=7818 voxel_count_after=7818
[INFO] [RemoveVoxel] idx=7794 voxel_count_before=7818 moved_from=7817 voxel_count_after=7817
[INFO] [RemoveVoxel] idx=7793 voxel_count_before=7817 moved_from=7816 voxel_count_after=7816
[INFO] [RemoveVoxel] idx=7786 voxel_count_before=7816 moved_from=7815 voxel_count_after=7815
[INFO] [RemoveVoxel] idx=7785 voxel_count_before=7815 moved_from=7814 voxel_count_after=7814
[INFO] [RemoveVoxel] idx=7784 voxel_count_before=7814 moved_from=7813 voxel_count_after=7813
[INFO] [RemoveVoxel] idx=7783 voxel_count_before=7813 moved_from=7812 voxel_count_after=7812
[INFO] [RemoveVoxel] idx=7782 voxel_count_before=7812 moved_from=7811 voxel_count_after=7811
[INFO] [RemoveVoxel] idx=7775 voxel_count_before=7811 moved_from=7810 voxel_count_after=7810
[INFO] [RemoveVoxel] idx=7774 voxel_count_before=7810 moved_from=7809 voxel_count_after=7809
[INFO] [RemoveVoxel] idx=7773 voxel_count_before=7809 moved_from=7808 voxel_count_after=7808
[INFO] [RemoveVoxel] idx=7772 voxel_count_before=7808 moved_from=7807 voxel_count_after=7807
[INFO] [RemoveVoxel] idx=7771 voxel_count_before=7807 moved_from=7806 voxel_count_after=7806
[INFO] [RemoveVoxel] idx=7764 voxel_count_before=7806 moved_from=7805 voxel_count_after=7805
[INFO] [RemoveVoxel] idx=7763 voxel_count_before=7805 moved_from=7804 voxel_count_after=7804
[INFO] [RemoveVoxel] idx=7762 voxel_count_before=7804 moved_from=7803 voxel_count_after=7803
[INFO] [RemoveVoxel] idx=7761 voxel_count_before=7803 moved_from=7802 voxel_count_after=7802
[INFO] [RemoveVoxel] idx=7760 voxel_count_before=7802 moved_from=7801 voxel_count_after=7801
[INFO] [RemoveVoxel] idx=7754 voxel_count_before=7801 moved_from=7800 voxel_count_after=7800
[INFO] [RemoveVoxel] idx=7753 voxel_count_before=7800 moved_from=7799 voxel_count_after=7799
[INFO] [RemoveVoxel] idx=7752 voxel_count_before=7799 moved_from=7798 voxel_count_after=7798
[INFO] [RemoveVoxel] idx=7751 voxel_count_before=7798 moved_from=7797 voxel_count_after=7797
[INFO] [RemoveVoxel] idx=7750 voxel_count_before=7797 moved_from=7796 voxel_count_after=7796
[INFO] [RemoveVoxel] idx=7749 voxel_count_before=7796 moved_from=7795 voxel_count_after=7795
[INFO] [RemoveVoxel] idx=7748 voxel_count_before=7795 moved_from=7794 voxel_count_after=7794
[INFO] [RemoveVoxel] idx=7745 voxel_count_before=7794 moved_from=7793 voxel_count_after=7793
[INFO] [RemoveVoxel] idx=7743 voxel_count_before=7793 moved_from=7792 voxel_count_after=7792
[INFO] [RemoveVoxel] idx=7740 voxel_count_before=7792 moved_from=7791 voxel_count_after=7791
[INFO] [RemoveVoxel] idx=7739 voxel_count_before=7791 moved_from=7790 voxel_count_after=7790
[INFO] [RemoveVoxel] idx=7738 voxel_count_before=7790 moved_from=7789 voxel_count_after=7789
[INFO] [RemoveVoxel] idx=7737 voxel_count_before=7789 moved_from=7788 voxel_count_after=7788
[INFO] [RemoveVoxel] idx=7736 voxel_count_before=7788 moved_from=7787 voxel_count_after=7787
[INFO] [RemoveVoxel] idx=7729 voxel_count_before=7787 moved_from=7786 voxel_count_after=7786
[INFO] [RemoveVoxel] idx=7728 voxel_count_before=7786 moved_from=7785 voxel_count_after=7785
[INFO] [RemoveVoxel] idx=7727 voxel_count_before=7785 moved_from=7784 voxel_count_after=7784
[INFO] [RemoveVoxel] idx=7726 voxel_count_before=7784 moved_from=7783 voxel_count_after=7783
[INFO] [RemoveVoxel] idx=7725 voxel_count_before=7783 moved_from=7782 voxel_count_after=7782
[INFO] [RemoveVoxel] idx=7724 voxel_count_before=7782 moved_from=7781 voxel_count_after=7781
[INFO] [RemoveVoxel] idx=7723 voxel_count_before=7781 moved_from=7780 voxel_count_after=7780
[INFO] [RemoveVoxel] idx=7780 voxel_count_before=7783 moved_from=7782 voxel_count_after=7782
[INFO] [RemoveVoxel] idx=7788 voxel_count_before=7789 moved_from=-1 voxel_count_after=7788
[INFO] [RemoveVoxel] idx=7789 voxel_count_before=7790 moved_from=-1 voxel_count_after=7789
[INFO] [RemoveVoxel] idx=7760 voxel_count_before=7800 moved_from=7799 voxel_count_after=7799
[INFO] [RemoveVoxel] idx=7813 voxel_count_before=7819 moved_from=7818 voxel_count_after=7818
[INFO] [RemoveVoxel] idx=7821 voxel_count_before=7828 moved_from=7827 voxel_count_after=7827
[INFO] [RemoveVoxel] idx=7823 voxel_count_before=7836 moved_from=7835 voxel_count_after=7835
[INFO] [RemoveVoxel] idx=7878 voxel_count_before=7882 moved_from=7881 voxel_count_after=7881
[INFO] [RemoveVoxel] idx=7888 voxel_count_before=7892 moved_from=7891 voxel_count_after=7891
[INFO] [RemoveVoxel] idx=7736 voxel_count_before=7905 moved_from=7904 voxel_count_after=7904
[INFO] [RemoveVoxel] idx=7737 voxel_count_before=7928 moved_from=7927 voxel_count_after=7927
[INFO] [RestoreCluster] count=231 voxel_count before=8011 after_removal=7780 after_restore=8021 static_success=231
[INFO] [Deactivate] restored cluster starting=7723 count=231 remaining_budget_before=128
[INFO] VAO: [ID 14] Unloaded vertex array data from VRAM (GPU)
[INFO] VAO: [ID 15] Mesh uploaded successfully to VRAM (GPU)
[INFO] [RemoveVoxel] idx=7738 voxel_count_before=8021 moved_from=8020 voxel_count_after=8020
[INFO] [RestoreCluster] count=1 voxel_count before=8021 after_removal=8020 after_restore=8021 static_success=1
[INFO] [Deactivate] restored cluster starting=7738 count=1 remaining_budget_before=128
[INFO] VAO: [ID 15] Unloaded vertex array data from VRAM (GPU)
[INFO] VAO: [ID 16] Mesh uploaded successfully to VRAM (GPU)
[INFO] [RemoveVoxel] idx=7082 voxel_count_before=8021 moved_from=8020 voxel_count_after=8020
[INFO] [RemoveVoxel] idx=7053 voxel_count_before=8020 moved_from=8019 voxel_count_after=8019
[INFO] [RemoveVoxel] idx=7051 voxel_count_before=8019 moved_from=8018 voxel_count_after=8018
[INFO] [RemoveVoxel] idx=7050 voxel_count_before=8018 moved_from=8017 voxel_count_after=8017
[INFO] [RemoveVoxel] idx=7049 voxel_count_before=8017 moved_from=8016 voxel_count_after=8016
[INFO] [RemoveVoxel] idx=7022 voxel_count_before=8016 moved_from=8015 voxel_count_after=8015
[INFO] [RemoveVoxel] idx=7021 voxel_count_before=8015 moved_from=8014 voxel_count_after=8014
[INFO] [RemoveVoxel] idx=7020 voxel_count_before=8014 moved_from=8013 voxel_count_after=8013
[INFO] [RemoveVoxel] idx=7016 voxel_count_before=8013 moved_from=8012 voxel_count_after=8012
[INFO] [RemoveVoxel] idx=6995 voxel_count_before=8012 moved_from=8011 voxel_count_after=8011
[INFO] [RemoveVoxel] idx=6993 voxel_count_before=8011 moved_from=8010 voxel_count_after=8010
[INFO] [RemoveVoxel] idx=6992 voxel_count_before=8010 moved_from=8009 voxel_count_after=8009
[INFO] [RemoveVoxel] idx=6991 voxel_count_before=8009 moved_from=8008 voxel_count_after=8008
[INFO] [RemoveVoxel] idx=6966 voxel_count_before=8008 moved_from=8007 voxel_count_after=8007
[INFO] [Multiscale] Emit span=1 grid=(-18..-18,5..5,19..19) pos=(-8.75,2.75,9.75)
[INFO] [Multiscale] Emit span=1 grid=(-18..-18,6..6,19..19) pos=(-8.75,3.25,9.75)
[INFO] [Multiscale] Emit span=1 grid=(-18..-18,7..7,19..19) pos=(-8.75,3.75,9.75)
[INFO] [Multiscale] Emit span=1 grid=(-17..-17,4..4,20..20) pos=(-8.25,2.25,10.25)
[INFO] [Multiscale] Emit span=1 grid=(-18..-18,5..5,20..20) pos=(-8.75,2.75,10.25)
[INFO] [Multiscale] Emit span=1 grid=(-17..-17,5..5,20..20) pos=(-8.25,2.75,10.25)
[INFO] [Multiscale] Emit span=1 grid=(-19..-19,6..6,20..20) pos=(-9.25,3.25,10.25)
[INFO] [Multiscale] Emit span=1 grid=(-18..-18,6..6,20..20) pos=(-8.75,3.25,10.25)
[INFO] [Multiscale] Emit span=1 grid=(-18..-18,7..7,20..20) pos=(-8.75,3.75,10.25)
[INFO] [Multiscale] Emit span=1 grid=(-17..-17,7..7,20..20) pos=(-8.25,3.75,10.25)
[INFO] [Multiscale] Emit span=1 grid=(-17..-17,8..8,20..20) pos=(-8.25,4.25,10.25)
[INFO] [Multiscale] Emit span=1 grid=(-18..-18,5..5,21..21) pos=(-8.75,2.75,10.75)
[INFO] [Multiscale] Emit span=1 grid=(-18..-18,6..6,21..21) pos=(-8.75,3.25,10.75)
[INFO] [Multiscale] Emit span=1 grid=(-18..-18,7..7,21..21) pos=(-8.75,3.75,10.75)
[INFO] [Multiscale] Converted 14 unit voxels into 14 span clusters
[INFO] [Activation] static->dynamic units=14 spawned=14 base=8007 after=8021
[INFO] [RemoveVoxel] idx=8020 voxel_count_before=8021 moved_from=-1 voxel_count_after=8020
[INFO] [RemoveVoxel] idx=8019 voxel_count_before=8020 moved_from=-1 voxel_count_after=8019
[INFO] [RemoveVoxel] idx=8018 voxel_count_before=8019 moved_from=-1 voxel_count_after=8018
[INFO] [RemoveVoxel] idx=8017 voxel_count_before=8018 moved_from=-1 voxel_count_after=8017
[INFO] [RemoveVoxel] idx=8016 voxel_count_before=8017 moved_from=-1 voxel_count_after=8016
[INFO] [RemoveVoxel] idx=8015 voxel_count_before=8016 moved_from=-1 voxel_count_after=8015
[INFO] [RemoveVoxel] idx=8014 voxel_count_before=8015 moved_from=-1 voxel_count_after=8014
[INFO] [RemoveVoxel] idx=8013 voxel_count_before=8014 moved_from=-1 voxel_count_after=8013
[INFO] [RemoveVoxel] idx=8012 voxel_count_before=8013 moved_from=-1 voxel_count_after=8012
[INFO] [RemoveVoxel] idx=8011 voxel_count_before=8012 moved_from=-1 voxel_count_after=8011
[INFO] [RemoveVoxel] idx=8010 voxel_count_before=8011 moved_from=-1 voxel_count_after=8010
[INFO] [RemoveVoxel] idx=8009 voxel_count_before=8010 moved_from=-1 voxel_count_after=8009
[INFO] [RemoveVoxel] idx=8008 voxel_count_before=8009 moved_from=-1 voxel_count_after=8008
[INFO] [RemoveVoxel] idx=8007 voxel_count_before=8008 moved_from=-1 voxel_count_after=8007
[INFO] [Multiscale] Emit span=1 grid=(-18..-18,5..5,19..19) pos=(-8.75,2.75,9.75)
[INFO] [Multiscale] Emit span=1 grid=(-18..-18,6..6,19..19) pos=(-8.75,3.25,9.75)
[INFO] [Multiscale] Emit span=1 grid=(-18..-18,7..7,19..19) pos=(-8.75,3.75,9.75)
[INFO] [Multiscale] Emit span=1 grid=(-17..-17,4..4,20..20) pos=(-8.25,2.25,10.25)
[INFO] [Multiscale] Emit span=1 grid=(-18..-18,5..5,20..20) pos=(-8.75,2.75,10.25)
[INFO] [Multiscale] Emit span=1 grid=(-17..-17,5..5,20..20) pos=(-8.25,2.75,10.25)
[INFO] [Multiscale] Emit span=1 grid=(-19..-19,6..6,20..20) pos=(-9.25,3.25,10.25)
[INFO] [Multiscale] Emit span=1 grid=(-18..-18,6..6,20..20) pos=(-8.75,3.25,10.25)
[INFO] [Multiscale] Emit span=1 grid=(-18..-18,7..7,20..20) pos=(-8.75,3.75,10.25)
[INFO] [Multiscale] Emit span=1 grid=(-17..-17,7..7,20..20) pos=(-8.25,3.75,10.25)
[INFO] [Multiscale] Emit span=1 grid=(-17..-17,8..8,20..20) pos=(-8.25,4.25,10.25)
[INFO] [Multiscale] Emit span=1 grid=(-18..-18,5..5,21..21) pos=(-8.75,2.75,10.75)
[INFO] [Multiscale] Emit span=1 grid=(-18..-18,6..6,21..21) pos=(-8.75,3.25,10.75)
[INFO] [Multiscale] Emit span=1 grid=(-18..-18,7..7,21..21) pos=(-8.75,3.75,10.75)
[INFO] [Multiscale] Converted 14 unit voxels into 14 span clusters
[INFO] [Deactivate] voxel=8007 span=1 sleep=1/8 waiting
[INFO] [Deactivate] voxel=8008 span=1 sleep=1/8 waiting
[INFO] [Deactivate] voxel=8009 span=1 sleep=1/8 waiting
[INFO] [Deactivate] voxel=8010 span=1 sleep=1/8 waiting
[INFO] [Deactivate] voxel=8011 span=1 sleep=1/8 waiting
[INFO] [Deactivate] voxel=8012 span=1 sleep=1/8 waiting
[INFO] [Deactivate] voxel=8013 span=1 sleep=1/8 waiting
[INFO] [Deactivate] voxel=8014 span=1 sleep=1/8 waiting
[INFO] [Deactivate] voxel=8015 span=1 sleep=1/8 waiting
[INFO] [Deactivate] voxel=8016 span=1 sleep=1/8 waiting
[INFO] [Deactivate] voxel=8017 span=1 sleep=1/8 waiting
[INFO] [Deactivate] voxel=8018 span=1 sleep=1/8 waiting
[INFO] [Deactivate] voxel=8019 span=1 sleep=1/8 waiting
[INFO] [Deactivate] voxel=8020 span=1 sleep=1/8 waiting
[INFO] VAO: [ID 16] Unloaded vertex array data from VRAM (GPU)
[INFO] VAO: [ID 17] Mesh uploaded successfully to VRAM (GPU)
[INFO] [RemoveVoxel] idx=7140 voxel_count_before=8021 moved_from=8020 voxel_count_after=8020
[INFO] [RemoveVoxel] idx=7111 voxel_count_before=8020 moved_from=8019 voxel_count_after=8019
[INFO] [RemoveVoxel] idx=7109 voxel_count_before=8019 moved_from=8018 voxel_count_after=8018
[INFO] [RemoveVoxel] idx=7108 voxel_count_before=8018 moved_from=8017 voxel_count_after=8017
[INFO] [RemoveVoxel] idx=7107 voxel_count_before=8017 moved_from=8016 voxel_count_after=8016
[INFO] [RemoveVoxel] idx=7080 voxel_count_before=8016 moved_from=8015 voxel_count_after=8015
[INFO] [RemoveVoxel] idx=7079 voxel_count_before=8015 moved_from=8014 voxel_count_after=8014
[INFO] [RemoveVoxel] idx=7078 voxel_count_before=8014 moved_from=8013 voxel_count_after=8013
[INFO] [RemoveVoxel] idx=7077 voxel_count_before=8013 moved_from=8012 voxel_count_after=8012
[INFO] [RemoveVoxel] idx=7075 voxel_count_before=8012 moved_from=8011 voxel_count_after=8011
[INFO] [RemoveVoxel] idx=7074 voxel_count_before=8011 moved_from=8010 voxel_count_after=8010
[INFO] [RemoveVoxel] idx=7073 voxel_count_before=8010 moved_from=8009 voxel_count_after=8009
[INFO] [RemoveVoxel] idx=7072 voxel_count_before=8009 moved_from=8008 voxel_count_after=8008
[INFO] [RemoveVoxel] idx=7052 voxel_count_before=8008 moved_from=8007 voxel_count_after=8007
[INFO] [RemoveVoxel] idx=7048 voxel_count_before=8007 moved_from=8006 voxel_count_after=8006
[INFO] [RemoveVoxel] idx=7047 voxel_count_before=8006 moved_from=8005 voxel_count_after=8005
[INFO] [RemoveVoxel] idx=7046 voxel_count_before=8005 moved_from=8004 voxel_count_after=8004
[INFO] [RemoveVoxel] idx=7045 voxel_count_before=8004 moved_from=8003 voxel_count_after=8003
[INFO] [RemoveVoxel] idx=7044 voxel_count_before=8003 moved_from=8002 voxel_count_after=8002
[INFO] [RemoveVoxel] idx=7043 voxel_count_before=8002 moved_from=8001 voxel_count_after=8001
[INFO] [RemoveVoxel] idx=7040 voxel_count_before=8001 moved_from=8000 voxel_count_after=8000
[INFO] [RemoveVoxel] idx=7039 voxel_count_before=8000 moved_from=7999 voxel_count_after=7999
[INFO] [RemoveVoxel] idx=7038 voxel_count_before=7999 moved_from=7998 voxel_count_after=7998
[INFO] [RemoveVoxel] idx=7024 voxel_count_before=7998 moved_from=7997 voxel_count_after=7997
[INFO] [RemoveVoxel] idx=7023 voxel_count_before=7997 moved_from=7996 voxel_count_after=7996
[INFO] [RemoveVoxel] idx=7019 voxel_count_before=7996 moved_from=7995 voxel_count_after=7995
[INFO] [RemoveVoxel] idx=7018 voxel_count_before=7995 moved_from=7994 voxel_count_after=7994
[INFO] [RemoveVoxel] idx=7017 voxel_count_before=7994 moved_from=7993 voxel_count_after=7993
[INFO] [RemoveVoxel] idx=7015 voxel_count_before=7993 moved_from=7992 voxel_count_after=7992
[INFO] [RemoveVoxel] idx=7014 voxel_count_before=7992 moved_from=7991 voxel_count_after=7991
[INFO] [RemoveVoxel] idx=7011 voxel_count_before=7991 moved_from=7990 voxel_count_after=7990
[INFO] [RemoveVoxel] idx=7010 voxel_count_before=7990 moved_from=7989 voxel_count_after=7989
[INFO] [RemoveVoxel] idx=7009 voxel_count_before=7989 moved_from=7988 voxel_count_after=7988
[INFO] [RemoveVoxel] idx=7004 voxel_count_before=7988 moved_from=7987 voxel_count_after=7987
[INFO] [RemoveVoxel] idx=6994 voxel_count_before=7987 moved_from=7986 voxel_count_after=7986
[INFO] [RemoveVoxel] idx=6990 voxel_count_before=7986 moved_from=7985 voxel_count_after=7985
[INFO] [RemoveVoxel] idx=6989 voxel_count_before=7985 moved_from=7984 voxel_count_after=7984
[INFO] [RemoveVoxel] idx=6988 voxel_count_before=7984 moved_from=7983 voxel_count_after=7983
[INFO] [RemoveVoxel] idx=6987 voxel_count_before=7983 moved_from=7982 voxel_count_after=7982
[INFO] [RemoveVoxel] idx=6986 voxel_count_before=7982 moved_from=7981 voxel_count_after=7981
[INFO] [RemoveVoxel] idx=6985 voxel_count_before=7981 moved_from=7980 voxel_count_after=7980
[INFO] [RemoveVoxel] idx=6982 voxel_count_before=7980 moved_from=7979 voxel_count_after=7979
[INFO] [RemoveVoxel] idx=6981 voxel_count_before=7979 moved_from=7978 voxel_count_after=7978
[INFO] [RemoveVoxel] idx=6980 voxel_count_before=7978 moved_from=7977 voxel_count_after=7977
[INFO] [RemoveVoxel] idx=6964 voxel_count_before=7977 moved_from=7976 voxel_count_after=7976
[INFO] [RemoveVoxel] idx=6963 voxel_count_before=7976 moved_from=7975 voxel_count_after=7975
[INFO] [RemoveVoxel] idx=6962 voxel_count_before=7975 moved_from=7974 voxel_count_after=7974
[INFO] [RemoveVoxel] idx=6959 voxel_count_before=7974 moved_from=7973 voxel_count_after=7973
[INFO] [RemoveVoxel] idx=6958 voxel_count_before=7973 moved_from=7972 voxel_count_after=7972
[INFO] [RemoveVoxel] idx=6957 voxel_count_before=7972 moved_from=7971 voxel_count_after=7971
[INFO] [RemoveVoxel] idx=6934 voxel_count_before=7971 moved_from=7970 voxel_count_after=7970
[INFO] [Multiscale] Emit span=1 grid=(-19..-19,5..5,18..18) pos=(-9.25,2.75,9.25)
[INFO] [Multiscale] Emit span=1 grid=(-18..-18,5..5,18..18) pos=(-8.75,2.75,9.25)
[INFO] [Multiscale] Emit span=1 grid=(-19..-19,6..6,18..18) pos=(-9.25,3.25,9.25)
[INFO] [Multiscale] Emit span=1 grid=(-18..-18,6..6,18..18) pos=(-8.75,3.25,9.25)
[INFO] [Multiscale] Emit span=1 grid=(-19..-19,7..7,18..18) pos=(-9.25,3.75,9.25)
[INFO] [Multiscale] Emit span=1 grid=(-18..-18,7..7,18..18) pos=(-8.75,3.75,9.25)
[INFO] [Multiscale] Emit span=1 grid=(-19..-19,8..8,18..18) pos=(-9.25,4.25,9.25)
[INFO] [Multiscale] Emit span=1 grid=(-18..-18,8..8,18..18) pos=(-8.75,4.25,9.25)
[INFO] [Multiscale] Emit span=1 grid=(-19..-19,4..4,19..19) pos=(-9.25,2.25,9.75)
[INFO] [Multiscale] Emit span=1 grid=(-18..-18,4..4,19..19) pos=(-8.75,2.25,9.75)
[INFO] [Multiscale] Emit span=1 grid=(-20..-20,5..5,19..19) pos=(-9.75,2.75,9.75)
[INFO] [Multiscale] Emit span=1 grid=(-19..-19,5..5,19..19) pos=(-9.25,2.75,9.75)
[INFO] [Multiscale] Emit span=1 grid=(-20..-20,6..6,19..19) pos=(-9.75,3.25,9.75)
[INFO] [Multiscale] Emit span=1 grid=(-19..-19,6..6,19..19) pos=(-9.25,3.25,9.75)
[INFO] [Multiscale] Emit span=1 grid=(-20..-20,7..7,19..19) pos=(-9.75,3.75,9.75)
[INFO] [Multiscale] Emit span=1 grid=(-19..-19,7..7,19..19) pos=(-9.25,3.75,9.75)
[INFO] [Multiscale] Emit span=1 grid=(-19..-19,8..8,19..19) pos=(-9.25,4.25,9.75)
[INFO] [Multiscale] Emit span=1 grid=(-18..-18,8..8,19..19) pos=(-8.75,4.25,9.75)
[INFO] [Multiscale] Emit span=1 grid=(-18..-18,9..9,19..19) pos=(-8.75,4.75,9.75)
[INFO] [Multiscale] Emit span=1 grid=(-18..-18,3..3,20..20) pos=(-8.75,1.75,10.25)
[INFO] [Multiscale] Emit span=1 grid=(-19..-19,4..4,20..20) pos=(-9.25,2.25,10.25)
[INFO] [Multiscale] Emit span=1 grid=(-18..-18,4..4,20..20) pos=(-8.75,2.25,10.25)
[INFO] [Multiscale] Emit span=1 grid=(-20..-20,5..5,20..20) pos=(-9.75,2.75,10.25)
[INFO] [Multiscale] Emit span=1 grid=(-19..-19,5..5,20..20) pos=(-9.25,2.75,10.25)
[INFO] [Multiscale] Emit span=1 grid=(-21..-21,6..6,20..20) pos=(-10.25,3.25,10.25)
[INFO] [Multiscale] Emit span=1 grid=(-20..-20,6..6,20..20) pos=(-9.75,3.25,10.25)
[INFO] [Multiscale] Emit span=1 grid=(-17..-17,6..6,20..20) pos=(-8.25,3.25,10.25)
[INFO] [Multiscale] Emit span=1 grid=(-20..-20,7..7,20..20) pos=(-9.75,3.75,10.25)
[INFO] [Multiscale] Emit span=1 grid=(-19..-19,7..7,20..20) pos=(-9.25,3.75,10.25)
[INFO] [Multiscale] Emit span=1 grid=(-19..-19,8..8,20..20) pos=(-9.25,4.25,10.25)
[INFO] [Multiscale] Emit span=1 grid=(-18..-18,8..8,20..20) pos=(-8.75,4.25,10.25)
[INFO] [Multiscale] Emit span=1 grid=(-18..-18,9..9,20..20) pos=(-8.75,4.75,10.25)
[INFO] [Multiscale] Emit span=1 grid=(-17..-17,9..9,20..20) pos=(-8.25,4.75,10.25)
[INFO] [Multiscale] Emit span=1 grid=(-17..-17,10..10,20..20) pos=(-8.25,5.25,10.25)
[INFO] [Multiscale] Emit span=1 grid=(-19..-19,4..4,21..21) pos=(-9.25,2.25,10.75)
[INFO] [Multiscale] Emit span=1 grid=(-18..-18,4..4,21..21) pos=(-8.75,2.25,10.75)
[INFO] [Multiscale] Emit span=1 grid=(-20..-20,5..5,21..21) pos=(-9.75,2.75,10.75)
[INFO] [Multiscale] Emit span=1 grid=(-19..-19,5..5,21..21) pos=(-9.25,2.75,10.75)
[INFO] [Multiscale] Emit span=1 grid=(-20..-20,6..6,21..21) pos=(-9.75,3.25,10.75)
[INFO] [Multiscale] Emit span=1 grid=(-19..-19,6..6,21..21) pos=(-9.25,3.25,10.75)
[INFO] [Multiscale] Emit span=1 grid=(-20..-20,7..7,21..21) pos=(-9.75,3.75,10.75)
[INFO] [Multiscale] Emit span=1 grid=(-19..-19,7..7,21..21) pos=(-9.25,3.75,10.75)
[INFO] [Multiscale] Emit span=1 grid=(-19..-19,8..8,21..21) pos=(-9.25,4.25,10.75)
[INFO] [Multiscale] Emit span=1 grid=(-18..-18,8..8,21..21) pos=(-8.75,4.25,10.75)
[INFO] [Multiscale] Emit span=1 grid=(-18..-18,9..9,21..21) pos=(-8.75,4.75,10.75)
[INFO] [Multiscale] Emit span=1 grid=(-19..-19,5..5,22..22) pos=(-9.25,2.75,11.25)
[INFO] [Multiscale] Emit span=1 grid=(-18..-18,5..5,22..22) pos=(-8.75,2.75,11.25)
[INFO] [Multiscale] Emit span=1 grid=(-19..-19,6..6,22..22) pos=(-9.25,3.25,11.25)
[INFO] [Multiscale] Emit span=1 grid=(-18..-18,6..6,22..22) pos=(-8.75,3.25,11.25)
[INFO] [Multiscale] Emit span=1 grid=(-19..-19,7..7,22..22) pos=(-9.25,3.75,11.25)
[INFO] [Multiscale] Emit span=1 grid=(-18..-18,7..7,22..22) pos=(-8.75,3.75,11.25)
[INFO] [Multiscale] Converted 51 unit voxels into 51 span clusters
[INFO] [Activation] static->dynamic units=51 spawned=51 base=7970 after=8021
[INFO] [Deactivate] voxel=7052 span=1 sleep=2/8 waiting
[INFO] [Deactivate] voxel=7072 span=1 sleep=2/8 waiting
[INFO] [Deactivate] voxel=7073 span=1 sleep=2/8 waiting
[INFO] [Deactivate] voxel=7074 span=1 sleep=2/8 waiting
[INFO] [Deactivate] voxel=7075 span=1 sleep=2/8 waiting
[INFO] [Deactivate] voxel=7077 span=1 sleep=2/8 waiting
[INFO] [Deactivate] voxel=7078 span=1 sleep=2/8 waiting
[INFO] [Deactivate] voxel=7079 span=1 sleep=2/8 waiting
[INFO] [Deactivate] voxel=7080 span=1 sleep=2/8 waiting
[INFO] [Deactivate] voxel=7107 span=1 sleep=2/8 waiting
[INFO] [Deactivate] voxel=7108 span=1 sleep=2/8 waiting
[INFO] [Deactivate] voxel=7109 span=1 sleep=2/8 waiting
[INFO] [Deactivate] voxel=7111 span=1 sleep=2/8 waiting
[INFO] [Deactivate] voxel=7140 span=1 sleep=2/8 waiting
[INFO] [Deactivate] voxel=7970 span=1 sleep=1/8 waiting
[INFO] [Deactivate] voxel=7971 span=1 sleep=1/8 waiting
[INFO] [Deactivate] voxel=7972 span=1 sleep=1/8 waiting
[INFO] [Deactivate] voxel=7973 span=1 sleep=1/8 waiting
[INFO] [Deactivate] voxel=7974 span=1 sleep=1/8 waiting
[INFO] [Deactivate] voxel=7975 span=1 sleep=1/8 waiting
[INFO] [Deactivate] voxel=7976 span=1 sleep=1/8 waiting
[INFO] [Deactivate] voxel=7977 span=1 sleep=1/8 waiting
[INFO] [Deactivate] voxel=7978 span=1 sleep=1/8 waiting
[INFO] [Deactivate] voxel=7979 span=1 sleep=1/8 waiting
[INFO] [Deactivate] voxel=7980 span=1 sleep=1/8 waiting
[INFO] [Deactivate] voxel=7981 span=1 sleep=1/8 waiting
[INFO] [Deactivate] voxel=7982 span=1 sleep=1/8 waiting
[INFO] [Deactivate] voxel=7983 span=1 sleep=1/8 waiting
[INFO] [Deactivate] voxel=7984 span=1 sleep=1/8 waiting
[INFO] [Deactivate] voxel=7985 span=1 sleep=1/8 waiting
[INFO] [Deactivate] voxel=7986 span=1 sleep=1/8 waiting
[INFO] [Deactivate] voxel=7987 span=1 sleep=1/8 waiting
[INFO] [Deactivate] voxel=7988 span=1 sleep=1/8 waiting
[INFO] [Deactivate] voxel=7989 span=1 sleep=1/8 waiting
[INFO] [Deactivate] voxel=7990 span=1 sleep=1/8 waiting
[INFO] [Deactivate] voxel=7991 span=1 sleep=1/8 waiting
[INFO] [Deactivate] voxel=7992 span=1 sleep=1/8 waiting
[INFO] [Deactivate] voxel=7993 span=1 sleep=1/8 waiting
[INFO] [Deactivate] voxel=7994 span=1 sleep=1/8 waiting
[INFO] [Deactivate] voxel=7995 span=1 sleep=1/8 waiting
[INFO] [Deactivate] voxel=7996 span=1 sleep=1/8 waiting
[INFO] [Deactivate] voxel=7997 span=1 sleep=1/8 waiting
[INFO] [Deactivate] voxel=7998 span=1 sleep=1/8 waiting
[INFO] [Deactivate] voxel=7999 span=1 sleep=1/8 waiting
[INFO] [Deactivate] voxel=8000 span=1 sleep=1/8 waiting
[INFO] [Deactivate] voxel=8001 span=1 sleep=1/8 waiting
[INFO] [Deactivate] voxel=8002 span=1 sleep=1/8 waiting
[INFO] [Deactivate] voxel=8003 span=1 sleep=1/8 waiting
[INFO] [Deactivate] voxel=8004 span=1 sleep=1/8 waiting
[INFO] [Deactivate] voxel=8005 span=1 sleep=1/8 waiting
[INFO] [Deactivate] voxel=8006 span=1 sleep=1/8 waiting
[INFO] [Deactivate] voxel=8007 span=1 sleep=1/8 waiting
[INFO] [Deactivate] voxel=8008 span=1 sleep=1/8 waiting
[INFO] [Deactivate] voxel=8009 span=1 sleep=1/8 waiting
[INFO] [Deactivate] voxel=8010 span=1 sleep=1/8 waiting
[INFO] [Deactivate] voxel=8011 span=1 sleep=1/8 waiting
[INFO] [Deactivate] voxel=8012 span=1 sleep=1/8 waiting
[INFO] [Deactivate] voxel=8013 span=1 sleep=1/8 waiting
[INFO] [Deactivate] voxel=8014 span=1 sleep=1/8 waiting
[INFO] [Deactivate] voxel=8015 span=1 sleep=1/8 waiting
[INFO] [Deactivate] voxel=8016 span=1 sleep=1/8 waiting
[INFO] [Deactivate] voxel=8017 span=1 sleep=1/8 waiting
[INFO] [Deactivate] voxel=8018 span=1 sleep=1/8 waiting
[INFO] [Deactivate] voxel=8019 span=1 sleep=1/8 waiting
[INFO] [Deactivate] voxel=8020 span=1 sleep=1/8 waiting
[INFO] VAO: [ID 17] Unloaded vertex array data from VRAM (GPU)
[INFO] VAO: [ID 18] Mesh uploaded successfully to VRAM (GPU)
[INFO] [RemoveVoxel] idx=7103 voxel_count_before=8021 moved_from=8020 voxel_count_after=8020
[INFO] [Multiscale] Emit span=1 grid=(-19..-19,9..9,20..20) pos=(-9.25,4.75,10.25)
[INFO] [Multiscale] Converted 1 unit voxels into 1 span clusters
[INFO] [Activation] static->dynamic units=1 spawned=1 base=8020 after=8021
[INFO] [Deactivate] voxel=7052 span=1 sleep=3/8 waiting
[INFO] [Deactivate] voxel=7072 span=1 sleep=3/8 waiting
[INFO] [Deactivate] voxel=7073 span=1 sleep=3/8 waiting
[INFO] [Deactivate] voxel=7074 span=1 sleep=3/8 waiting
[INFO] [Deactivate] voxel=7075 span=1 sleep=3/8 waiting
[INFO] [Deactivate] voxel=7077 span=1 sleep=3/8 waiting
[INFO] [Deactivate] voxel=7078 span=1 sleep=3/8 waiting
[INFO] [Deactivate] voxel=7079 span=1 sleep=3/8 waiting
[INFO] [Deactivate] voxel=7080 span=1 sleep=3/8 waiting
[INFO] [Deactivate] voxel=7103 span=1 sleep=2/8 waiting
[INFO] [Deactivate] voxel=7107 span=1 sleep=3/8 waiting
[INFO] [Deactivate] voxel=7108 span=1 sleep=3/8 waiting
[INFO] [Deactivate] voxel=7109 span=1 sleep=3/8 waiting
[INFO] [Deactivate] voxel=7111 span=1 sleep=3/8 waiting
[INFO] [Deactivate] voxel=7140 span=1 sleep=3/8 waiting
[INFO] [Deactivate] voxel=7970 span=1 sleep=2/8 waiting
[INFO] [Deactivate] voxel=7971 span=1 sleep=2/8 waiting
[INFO] [Deactivate] voxel=7972 span=1 sleep=2/8 waiting
[INFO] [Deactivate] voxel=7973 span=1 sleep=2/8 waiting
[INFO] [Deactivate] voxel=7974 span=1 sleep=2/8 waiting
[INFO] [Deactivate] voxel=7975 span=1 sleep=2/8 waiting
[INFO] [Deactivate] voxel=7976 span=1 sleep=2/8 waiting
[INFO] [Deactivate] voxel=7977 span=1 sleep=2/8 waiting
[INFO] [Deactivate] voxel=7978 span=1 sleep=2/8 waiting
[INFO] [Deactivate] voxel=7979 span=1 sleep=2/8 waiting
[INFO] [Deactivate] voxel=7980 span=1 sleep=2/8 waiting
[INFO] [Deactivate] voxel=7981 span=1 sleep=2/8 waiting
[INFO] [Deactivate] voxel=7982 span=1 sleep=2/8 waiting
[INFO] [Deactivate] voxel=7983 span=1 sleep=2/8 waiting
[INFO] [Deactivate] voxel=7984 span=1 sleep=2/8 waiting
[INFO] [Deactivate] voxel=7985 span=1 sleep=2/8 waiting
[INFO] [Deactivate] voxel=7986 span=1 sleep=2/8 waiting
[INFO] [Deactivate] voxel=7987 span=1 sleep=2/8 waiting
[INFO] [Deactivate] voxel=7988 span=1 sleep=2/8 waiting
[INFO] [Deactivate] voxel=7989 span=1 sleep=2/8 waiting
[INFO] [Deactivate] voxel=7990 span=1 sleep=2/8 waiting
[INFO] [Deactivate] voxel=7991 span=1 sleep=2/8 waiting
[INFO] [Deactivate] voxel=7992 span=1 sleep=2/8 waiting
[INFO] [Deactivate] voxel=7993 span=1 sleep=2/8 waiting
[INFO] [Deactivate] voxel=7994 span=1 sleep=2/8 waiting
[INFO] [Deactivate] voxel=7995 span=1 sleep=2/8 waiting
[INFO] [Deactivate] voxel=7996 span=1 sleep=2/8 waiting
[INFO] [Deactivate] voxel=7997 span=1 sleep=2/8 waiting
[INFO] [Deactivate] voxel=7998 span=1 sleep=2/8 waiting
[INFO] [Deactivate] voxel=7999 span=1 sleep=2/8 waiting
[INFO] [Deactivate] voxel=8000 span=1 sleep=2/8 waiting
[INFO] [Deactivate] voxel=8001 span=1 sleep=2/8 waiting
[INFO] [Deactivate] voxel=8002 span=1 sleep=2/8 waiting
[INFO] [Deactivate] voxel=8003 span=1 sleep=2/8 waiting
[INFO] [Deactivate] voxel=8004 span=1 sleep=2/8 waiting
[INFO] [Deactivate] voxel=8005 span=1 sleep=2/8 waiting
[INFO] [Deactivate] voxel=8006 span=1 sleep=2/8 waiting
[INFO] [Deactivate] voxel=8007 span=1 sleep=2/8 waiting
[INFO] [Deactivate] voxel=8008 span=1 sleep=2/8 waiting
[INFO] [Deactivate] voxel=8009 span=1 sleep=2/8 waiting
[INFO] [Deactivate] voxel=8010 span=1 sleep=2/8 waiting
[INFO] [Deactivate] voxel=8011 span=1 sleep=2/8 waiting
[INFO] [Deactivate] voxel=8012 span=1 sleep=2/8 waiting
[INFO] [Deactivate] voxel=8013 span=1 sleep=2/8 waiting
[INFO] [Deactivate] voxel=8014 span=1 sleep=2/8 waiting
[INFO] [Deactivate] voxel=8015 span=1 sleep=2/8 waiting
[INFO] [Deactivate] voxel=8016 span=1 sleep=2/8 waiting
[INFO] [Deactivate] voxel=8017 span=1 sleep=2/8 waiting
[INFO] [Deactivate] voxel=8018 span=1 sleep=2/8 waiting
[INFO] [Deactivate] voxel=8019 span=1 sleep=2/8 waiting
[INFO] [Deactivate] voxel=8020 span=1 sleep=1/8 waiting
[INFO] VAO: [ID 18] Unloaded vertex array data from VRAM (GPU)
[INFO] VAO: [ID 19] Mesh uploaded successfully to VRAM (GPU)
[INFO] [Deactivate] voxel=7052 span=1 sleep=4/8 waiting
[INFO] [Deactivate] voxel=7072 span=1 sleep=4/8 waiting
[INFO] [Deactivate] voxel=7073 span=1 sleep=4/8 waiting
[INFO] [Deactivate] voxel=7074 span=1 sleep=4/8 waiting
[INFO] [Deactivate] voxel=7075 span=1 sleep=4/8 waiting
[INFO] [Deactivate] voxel=7077 span=1 sleep=4/8 waiting
[INFO] [Deactivate] voxel=7078 span=1 sleep=4/8 waiting
[INFO] [Deactivate] voxel=7079 span=1 sleep=4/8 waiting
[INFO] [Deactivate] voxel=7080 span=1 sleep=4/8 waiting
[INFO] [Deactivate] voxel=7103 span=1 sleep=3/8 waiting
[INFO] [Deactivate] voxel=7107 span=1 sleep=4/8 waiting
[INFO] [Deactivate] voxel=7108 span=1 sleep=4/8 waiting
[INFO] [Deactivate] voxel=7109 span=1 sleep=4/8 waiting
[INFO] [Deactivate] voxel=7111 span=1 sleep=4/8 waiting
[INFO] [Deactivate] voxel=7140 span=1 sleep=4/8 waiting
[INFO] [Deactivate] voxel=7970 span=1 sleep=3/8 waiting
[INFO] [Deactivate] voxel=7971 span=1 sleep=3/8 waiting
[INFO] [Deactivate] voxel=7972 span=1 sleep=3/8 waiting
[INFO] [Deactivate] voxel=7973 span=1 sleep=3/8 waiting
[INFO] [Deactivate] voxel=7974 span=1 sleep=3/8 waiting
[INFO] [Deactivate] voxel=7975 span=1 sleep=3/8 waiting
[INFO] [Deactivate] voxel=7976 span=1 sleep=3/8 waiting
[INFO] [Deactivate] voxel=7977 span=1 sleep=3/8 waiting
[INFO] [Deactivate] voxel=7978 span=1 sleep=3/8 waiting
[INFO] [Deactivate] voxel=7979 span=1 sleep=3/8 waiting
[INFO] [Deactivate] voxel=7980 span=1 sleep=3/8 waiting
[INFO] [Deactivate] voxel=7981 span=1 sleep=3/8 waiting
[INFO] [Deactivate] voxel=7982 span=1 sleep=3/8 waiting
[INFO] [Deactivate] voxel=7983 span=1 sleep=3/8 waiting
[INFO] [Deactivate] voxel=7984 span=1 sleep=3/8 waiting
[INFO] [Deactivate] voxel=7985 span=1 sleep=3/8 waiting
[INFO] [Deactivate] voxel=7986 span=1 sleep=3/8 waiting
[INFO] [Deactivate] voxel=7987 span=1 sleep=3/8 waiting
[INFO] [Deactivate] voxel=7988 span=1 sleep=3/8 waiting
[INFO] [Deactivate] voxel=7989 span=1 sleep=3/8 waiting
[INFO] [Deactivate] voxel=7990 span=1 sleep=3/8 waiting
[INFO] [Deactivate] voxel=7991 span=1 sleep=3/8 waiting
[INFO] [Deactivate] voxel=7992 span=1 sleep=3/8 waiting
[INFO] [Deactivate] voxel=7993 span=1 sleep=3/8 waiting
[INFO] [Deactivate] voxel=7994 span=1 sleep=3/8 waiting
[INFO] [Deactivate] voxel=7995 span=1 sleep=3/8 waiting
[INFO] [Deactivate] voxel=7996 span=1 sleep=3/8 waiting
[INFO] [Deactivate] voxel=7997 span=1 sleep=3/8 waiting
[INFO] [Deactivate] voxel=7998 span=1 sleep=3/8 waiting
[INFO] [Deactivate] voxel=7999 span=1 sleep=3/8 waiting
[INFO] [Deactivate] voxel=8000 span=1 sleep=3/8 waiting
[INFO] [Deactivate] voxel=8001 span=1 sleep=3/8 waiting
[INFO] [Deactivate] voxel=8002 span=1 sleep=3/8 waiting
[INFO] [Deactivate] voxel=8003 span=1 sleep=3/8 waiting
[INFO] [Deactivate] voxel=8004 span=1 sleep=3/8 waiting
[INFO] [Deactivate] voxel=8005 span=1 sleep=3/8 waiting
[INFO] [Deactivate] voxel=8006 span=1 sleep=3/8 waiting
[INFO] [Deactivate] voxel=8007 span=1 sleep=3/8 waiting
[INFO] [Deactivate] voxel=8008 span=1 sleep=3/8 waiting
[INFO] [Deactivate] voxel=8009 span=1 sleep=3/8 waiting
[INFO] [Deactivate] voxel=8010 span=1 sleep=3/8 waiting
[INFO] [Deactivate] voxel=8011 span=1 sleep=3/8 waiting
[INFO] [Deactivate] voxel=8012 span=1 sleep=3/8 waiting
[INFO] [Deactivate] voxel=8013 span=1 sleep=3/8 waiting
[INFO] [Deactivate] voxel=8014 span=1 sleep=3/8 waiting
[INFO] [Deactivate] voxel=8015 span=1 sleep=3/8 waiting
[INFO] [Deactivate] voxel=8016 span=1 sleep=3/8 waiting
[INFO] [Deactivate] voxel=8017 span=1 sleep=3/8 waiting
[INFO] [Deactivate] voxel=8018 span=1 sleep=3/8 waiting
[INFO] [Deactivate] voxel=8019 span=1 sleep=3/8 waiting
[INFO] [Deactivate] voxel=8020 span=1 sleep=2/8 waiting
[INFO] [RemoveVoxel] idx=7138 voxel_count_before=8022 moved_from=8021 voxel_count_after=8021
[INFO] [RemoveVoxel] idx=7133 voxel_count_before=8021 moved_from=8020 voxel_count_after=8020
[INFO] [RemoveVoxel] idx=7132 voxel_count_before=8020 moved_from=8019 voxel_count_after=8019
[INFO] [RemoveVoxel] idx=7104 voxel_count_before=8019 moved_from=8018 voxel_count_after=8018
[INFO] [RemoveVoxel] idx=7098 voxel_count_before=8018 moved_from=8017 voxel_count_after=8017
[INFO] [RemoveVoxel] idx=7097 voxel_count_before=8017 moved_from=8016 voxel_count_after=8016
[INFO] [RemoveVoxel] idx=7076 voxel_count_before=8016 moved_from=8015 voxel_count_after=8015
[INFO] [RemoveVoxel] idx=7070 voxel_count_before=8015 moved_from=8014 voxel_count_after=8014
[INFO] [RemoveVoxel] idx=7069 voxel_count_before=8014 moved_from=8013 voxel_count_after=8013
[INFO] [RemoveVoxel] idx=7068 voxel_count_before=8013 moved_from=8012 voxel_count_after=8012
[INFO] [RemoveVoxel] idx=7067 voxel_count_before=8012 moved_from=8011 voxel_count_after=8011
[INFO] [RemoveVoxel] idx=7064 voxel_count_before=8011 moved_from=8010 voxel_count_after=8010
[INFO] [RemoveVoxel] idx=7063 voxel_count_before=8010 moved_from=8009 voxel_count_after=8009
[INFO] [RemoveVoxel] idx=7062 voxel_count_before=8009 moved_from=8008 voxel_count_after=8008
[INFO] [RemoveVoxel] idx=7061 voxel_count_before=8008 moved_from=8007 voxel_count_after=8007
[INFO] [RemoveVoxel] idx=7042 voxel_count_before=8007 moved_from=8006 voxel_count_after=8006
[INFO] [RemoveVoxel] idx=7041 voxel_count_before=8006 moved_from=8005 voxel_count_after=8005
[INFO] [RemoveVoxel] idx=7037 voxel_count_before=8005 moved_from=8004 voxel_count_after=8004
[INFO] [RemoveVoxel] idx=7035 voxel_count_before=8004 moved_from=8003 voxel_count_after=8003
[INFO] [RemoveVoxel] idx=7034 voxel_count_before=8003 moved_from=8002 voxel_count_after=8002
[INFO] [RemoveVoxel] idx=7033 voxel_count_before=8002 moved_from=8001 voxel_count_after=8001
[INFO] [RemoveVoxel] idx=7032 voxel_count_before=8001 moved_from=8000 voxel_count_after=8000
[INFO] [RemoveVoxel] idx=7029 voxel_count_before=8000 moved_from=7999 voxel_count_after=7999
[INFO] [RemoveVoxel] idx=7028 voxel_count_before=7999 moved_from=7998 voxel_count_after=7998
[INFO] [RemoveVoxel] idx=7012 voxel_count_before=7998 moved_from=7997 voxel_count_after=7997
[INFO] [RemoveVoxel] idx=7006 voxel_count_before=7997 moved_from=7996 voxel_count_after=7996
[INFO] [RemoveVoxel] idx=7005 voxel_count_before=7996 moved_from=7995 voxel_count_after=7995
[INFO] [RemoveVoxel] idx=7003 voxel_count_before=7995 moved_from=7994 voxel_count_after=7994
[INFO] [RemoveVoxel] idx=6983 voxel_count_before=7994 moved_from=7993 voxel_count_after=7993
[INFO] [RemoveVoxel] idx=6979 voxel_count_before=7993 moved_from=7992 voxel_count_after=7992
[INFO] [RemoveVoxel] idx=6976 voxel_count_before=7992 moved_from=7991 voxel_count_after=7991
[INFO] [RemoveVoxel] idx=6975 voxel_count_before=7991 moved_from=7990 voxel_count_after=7990
[INFO] [RemoveVoxel] idx=6974 voxel_count_before=7990 moved_from=7989 voxel_count_after=7989
[INFO] [RemoveVoxel] idx=6970 voxel_count_before=7989 moved_from=7988 voxel_count_after=7988
[INFO] [RemoveVoxel] idx=6953 voxel_count_before=7988 moved_from=7987 voxel_count_after=7987
[INFO] [RemoveVoxel] idx=6952 voxel_count_before=7987 moved_from=7986 voxel_count_after=7986
[INFO] [RemoveVoxel] idx=6951 voxel_count_before=7986 moved_from=7985 voxel_count_after=7985
[INFO] [RemoveVoxel] idx=6947 voxel_count_before=7985 moved_from=7984 voxel_count_after=7984
[INFO] [RemoveVoxel] idx=6946 voxel_count_before=7984 moved_from=7983 voxel_count_after=7983
[INFO] [RemoveVoxel] idx=6945 voxel_count_before=7983 moved_from=7982 voxel_count_after=7982
[INFO] [RemoveVoxel] idx=6923 voxel_count_before=7982 moved_from=7981 voxel_count_after=7981
[INFO] [Multiscale] Emit span=1 grid=(-20..-20,5..5,18..18) pos=(-9.75,2.75,9.25)
[INFO] [Multiscale] Emit span=1 grid=(-20..-20,7..7,18..18) pos=(-9.75,3.75,9.25)
[INFO] [Multiscale] Emit span=1 grid=(-21..-21,4..4,19..19) pos=(-10.25,2.25,9.75)
[INFO] [Multiscale] Emit span=1 grid=(-20..-20,4..4,19..19) pos=(-9.75,2.25,9.75)
[INFO] [Multiscale] Emit span=1 grid=(-21..-21,5..5,19..19) pos=(-10.25,2.75,9.75)
[INFO] [Multiscale] Emit span=1 grid=(-21..-21,6..6,19..19) pos=(-10.25,3.25,9.75)
[INFO] [Multiscale] Emit span=1 grid=(-21..-21,7..7,19..19) pos=(-10.25,3.75,9.75)
[INFO] [Multiscale] Emit span=1 grid=(-21..-21,8..8,19..19) pos=(-10.25,4.25,9.75)
[INFO] [Multiscale] Emit span=1 grid=(-20..-20,8..8,19..19) pos=(-9.75,4.25,9.75)
[INFO] [Multiscale] Emit span=1 grid=(-20..-20,3..3,20..20) pos=(-9.75,1.75,10.25)
[INFO] [Multiscale] Emit span=1 grid=(-21..-21,4..4,20..20) pos=(-10.25,2.25,10.25)
[INFO] [Multiscale] Emit span=1 grid=(-20..-20,4..4,20..20) pos=(-9.75,2.25,10.25)
[INFO] [Multiscale] Emit span=1 grid=(-22..-22,5..5,20..20) pos=(-10.75,2.75,10.25)
[INFO] [Multiscale] Emit span=1 grid=(-21..-21,5..5,20..20) pos=(-10.25,2.75,10.25)
[INFO] [Multiscale] Emit span=1 grid=(-22..-22,7..7,20..20) pos=(-10.75,3.75,10.25)
[INFO] [Multiscale] Emit span=1 grid=(-21..-21,7..7,20..20) pos=(-10.25,3.75,10.25)
[INFO] [Multiscale] Emit span=1 grid=(-21..-21,8..8,20..20) pos=(-10.25,4.25,10.25)
[INFO] [Multiscale] Emit span=1 grid=(-20..-20,8..8,20..20) pos=(-9.75,4.25,10.25)
[INFO] [Multiscale] Emit span=1 grid=(-20..-20,9..9,20..20) pos=(-9.75,4.75,10.25)
[INFO] [Multiscale] Emit span=1 grid=(-19..-19,10..10,20..20) pos=(-9.25,5.25,10.25)
[INFO] [Multiscale] Emit span=1 grid=(-21..-21,4..4,21..21) pos=(-10.25,2.25,10.75)
[INFO] [Multiscale] Emit span=1 grid=(-20..-20,4..4,21..21) pos=(-9.75,2.25,10.75)
[INFO] [Multiscale] Emit span=1 grid=(-21..-21,5..5,21..21) pos=(-10.25,2.75,10.75)
[INFO] [Multiscale] Emit span=1 grid=(-21..-21,6..6,21..21) pos=(-10.25,3.25,10.75)
[INFO] [Multiscale] Emit span=1 grid=(-22..-22,7..7,21..21) pos=(-10.75,3.75,10.75)
[INFO] [Multiscale] Emit span=1 grid=(-21..-21,7..7,21..21) pos=(-10.25,3.75,10.75)
[INFO] [Multiscale] Emit span=1 grid=(-21..-21,8..8,21..21) pos=(-10.25,4.25,10.75)
[INFO] [Multiscale] Emit span=1 grid=(-20..-20,8..8,21..21) pos=(-9.75,4.25,10.75)
[INFO] [Multiscale] Emit span=1 grid=(-20..-20,9..9,21..21) pos=(-9.75,4.75,10.75)
[INFO] [Multiscale] Emit span=1 grid=(-19..-19,9..9,21..21) pos=(-9.25,4.75,10.75)
[INFO] [Multiscale] Emit span=1 grid=(-19..-19,10..10,21..21) pos=(-9.25,5.25,10.75)
[INFO] [Multiscale] Emit span=1 grid=(-18..-18,10..10,21..21) pos=(-8.75,5.25,10.75)
[INFO] [Multiscale] Emit span=1 grid=(-20..-20,5..5,22..22) pos=(-9.75,2.75,11.25)
[INFO] [Multiscale] Emit span=1 grid=(-21..-21,6..6,22..22) pos=(-10.25,3.25,11.25)
[INFO] [Multiscale] Emit span=1 grid=(-20..-20,6..6,22..22) pos=(-9.75,3.25,11.25)
[INFO] [Multiscale] Emit span=1 grid=(-21..-21,7..7,22..22) pos=(-10.25,3.75,11.25)
[INFO] [Multiscale] Emit span=1 grid=(-20..-20,7..7,22..22) pos=(-9.75,3.75,11.25)
[INFO] [Multiscale] Emit span=1 grid=(-21..-21,8..8,22..22) pos=(-10.25,4.25,11.25)
[INFO] [Multiscale] Emit span=1 grid=(-20..-20,8..8,22..22) pos=(-9.75,4.25,11.25)
[INFO] [Multiscale] Emit span=1 grid=(-19..-19,8..8,22..22) pos=(-9.25,4.25,11.25)
[INFO] [Multiscale] Emit span=1 grid=(-20..-20,7..7,23..23) pos=(-9.75,3.75,11.75)
[INFO] [Multiscale] Converted 41 unit voxels into 41 span clusters
[INFO] [Activation] static->dynamic units=41 spawned=41 base=7981 after=8022
[INFO] [Deactivate] voxel=6923 span=1 sleep=4/8 waiting
[INFO] [Deactivate] voxel=6945 span=1 sleep=4/8 waiting
[INFO] [Deactivate] voxel=6946 span=1 sleep=4/8 waiting
[INFO] [Deactivate] voxel=6947 span=1 sleep=4/8 waiting
[INFO] [Deactivate] voxel=6951 span=1 sleep=4/8 waiting
[INFO] [Deactivate] voxel=6952 span=1 sleep=4/8 waiting
[INFO] [Deactivate] voxel=6953 span=1 sleep=4/8 waiting
[INFO] [Deactivate] voxel=6970 span=1 sleep=4/8 waiting
[INFO] [Deactivate] voxel=6974 span=1 sleep=4/8 waiting
[INFO] [Deactivate] voxel=6975 span=1 sleep=4/8 waiting
[INFO] [Deactivate] voxel=6976 span=1 sleep=4/8 waiting
[INFO] [Deactivate] voxel=6979 span=1 sleep=4/8 waiting
[INFO] [Deactivate] voxel=6983 span=1 sleep=4/8 waiting
[INFO] [Deactivate] voxel=7003 span=1 sleep=4/8 waiting
[INFO] [Deactivate] voxel=7005 span=1 sleep=4/8 waiting
[INFO] [Deactivate] voxel=7006 span=1 sleep=4/8 waiting
[INFO] [Deactivate] voxel=7012 span=1 sleep=4/8 waiting
[INFO] [Deactivate] voxel=7028 span=1 sleep=4/8 waiting
[INFO] [Deactivate] voxel=7029 span=1 sleep=4/8 waiting
[INFO] [Deactivate] voxel=7032 span=1 sleep=4/8 waiting
[INFO] [Deactivate] voxel=7033 span=1 sleep=4/8 waiting
[INFO] [Deactivate] voxel=7034 span=1 sleep=4/8 waiting
[INFO] [Deactivate] voxel=7035 span=1 sleep=4/8 waiting
[INFO] [Deactivate] voxel=7037 span=1 sleep=4/8 waiting
[INFO] [Deactivate] voxel=7041 span=1 sleep=4/8 waiting
[INFO] [Deactivate] voxel=7042 span=1 sleep=4/8 waiting
[INFO] [Deactivate] voxel=7052 span=1 sleep=5/8 waiting
[INFO] [Deactivate] voxel=7061 span=1 sleep=4/8 waiting
[INFO] [Deactivate] voxel=7062 span=1 sleep=4/8 waiting
[INFO] [Deactivate] voxel=7063 span=1 sleep=4/8 waiting
[INFO] [Deactivate] voxel=7064 span=1 sleep=4/8 waiting
[INFO] [Deactivate] voxel=7067 span=1 sleep=4/8 waiting
[INFO] [Deactivate] voxel=7068 span=1 sleep=4/8 waiting
[INFO] [Deactivate] voxel=7069 span=1 sleep=4/8 waiting
[INFO] [Deactivate] voxel=7070 span=1 sleep=4/8 waiting
[INFO] [Deactivate] voxel=7072 span=1 sleep=5/8 waiting
[INFO] [Deactivate] voxel=7073 span=1 sleep=5/8 waiting
[INFO] [Deactivate] voxel=7074 span=1 sleep=5/8 waiting
[INFO] [Deactivate] voxel=7075 span=1 sleep=5/8 waiting
[INFO] [Deactivate] voxel=7076 span=1 sleep=4/8 waiting
[INFO] [Deactivate] voxel=7077 span=1 sleep=5/8 waiting
[INFO] [Deactivate] voxel=7078 span=1 sleep=5/8 waiting
[INFO] [Deactivate] voxel=7079 span=1 sleep=5/8 waiting
[INFO] [Deactivate] voxel=7080 span=1 sleep=5/8 waiting
[INFO] [Deactivate] voxel=7097 span=1 sleep=4/8 waiting
[INFO] [Deactivate] voxel=7098 span=1 sleep=4/8 waiting
[INFO] [Deactivate] voxel=7103 span=1 sleep=4/8 waiting
[INFO] [Deactivate] voxel=7104 span=1 sleep=4/8 waiting
[INFO] [Deactivate] voxel=7107 span=1 sleep=5/8 waiting
[INFO] [Deactivate] voxel=7108 span=1 sleep=5/8 waiting
[INFO] [Deactivate] voxel=7109 span=1 sleep=5/8 waiting
[INFO] [Deactivate] voxel=7111 span=1 sleep=5/8 waiting
[INFO] [Deactivate] voxel=7132 span=1 sleep=4/8 waiting
[INFO] [Deactivate] voxel=7133 span=1 sleep=3/8 waiting
[INFO] [Deactivate] voxel=7140 span=1 sleep=5/8 waiting
[INFO] [Deactivate] voxel=7970 span=1 sleep=4/8 waiting
[INFO] [Deactivate] voxel=7971 span=1 sleep=4/8 waiting
[INFO] [Deactivate] voxel=7972 span=1 sleep=4/8 waiting
[INFO] [Deactivate] voxel=7973 span=1 sleep=4/8 waiting
[INFO] [Deactivate] voxel=7974 span=1 sleep=4/8 waiting
[INFO] [Deactivate] voxel=7975 span=1 sleep=4/8 waiting
[INFO] [Deactivate] voxel=7976 span=1 sleep=4/8 waiting
[INFO] [Deactivate] voxel=7977 span=1 sleep=4/8 waiting
[INFO] [Deactivate] voxel=7978 span=1 sleep=4/8 waiting
[INFO] [Deactivate] voxel=7979 span=1 sleep=4/8 waiting
[INFO] [Deactivate] voxel=7980 span=1 sleep=4/8 waiting
[INFO] [Deactivate] voxel=7981 span=1 sleep=1/8 waiting
[INFO] [Deactivate] voxel=7982 span=1 sleep=1/8 waiting
[INFO] [Deactivate] voxel=7983 span=1 sleep=1/8 waiting
[INFO] [Deactivate] voxel=7984 span=1 sleep=1/8 waiting
[INFO] [Deactivate] voxel=7985 span=1 sleep=1/8 waiting
[INFO] [Deactivate] voxel=7986 span=1 sleep=1/8 waiting
[INFO] [Deactivate] voxel=7987 span=1 sleep=1/8 waiting
[INFO] [Deactivate] voxel=7988 span=1 sleep=1/8 waiting
[INFO] [Deactivate] voxel=7989 span=1 sleep=1/8 waiting
[INFO] [Deactivate] voxel=7990 span=1 sleep=1/8 waiting
[INFO] [Deactivate] voxel=7991 span=1 sleep=1/8 waiting
[INFO] [Deactivate] voxel=7992 span=1 sleep=1/8 waiting
[INFO] [Deactivate] voxel=7993 span=1 sleep=1/8 waiting
[INFO] [Deactivate] voxel=7994 span=1 sleep=1/8 waiting
[INFO] [Deactivate] voxel=7995 span=1 sleep=1/8 waiting
[INFO] [Deactivate] voxel=7996 span=1 sleep=1/8 waiting
[INFO] [Deactivate] voxel=7997 span=1 sleep=1/8 waiting
[INFO] [Deactivate] voxel=7998 span=1 sleep=1/8 waiting
[INFO] [Deactivate] voxel=7999 span=1 sleep=1/8 waiting
[INFO] [Deactivate] voxel=8000 span=1 sleep=1/8 waiting
[INFO] [Deactivate] voxel=8001 span=1 sleep=1/8 waiting
[INFO] [Deactivate] voxel=8002 span=1 sleep=1/8 waiting
[INFO] [Deactivate] voxel=8003 span=1 sleep=1/8 waiting
[INFO] [Deactivate] voxel=8004 span=1 sleep=1/8 waiting
[INFO] [Deactivate] voxel=8005 span=1 sleep=1/8 waiting
[INFO] [Deactivate] voxel=8006 span=1 sleep=1/8 waiting
[INFO] [Deactivate] voxel=8007 span=1 sleep=1/8 waiting
[INFO] [Deactivate] voxel=8008 span=1 sleep=1/8 waiting
[INFO] [Deactivate] voxel=8009 span=1 sleep=1/8 waiting
[INFO] [Deactivate] voxel=8010 span=1 sleep=1/8 waiting
[INFO] [Deactivate] voxel=8011 span=1 sleep=1/8 waiting
[INFO] [Deactivate] voxel=8012 span=1 sleep=1/8 waiting
[INFO] [Deactivate] voxel=8013 span=1 sleep=1/8 waiting
[INFO] [Deactivate] voxel=8014 span=1 sleep=1/8 waiting
[INFO] [Deactivate] voxel=8015 span=1 sleep=1/8 waiting
[INFO] [Deactivate] voxel=8016 span=1 sleep=1/8 waiting
[INFO] [Deactivate] voxel=8017 span=1 sleep=1/8 waiting
[INFO] [Deactivate] voxel=8018 span=1 sleep=1/8 waiting
[INFO] [Deactivate] voxel=8019 span=1 sleep=1/8 waiting
[INFO] [Deactivate] voxel=8020 span=1 sleep=1/8 waiting
[INFO] [Deactivate] voxel=8021 span=1 sleep=1/8 waiting
[INFO] VAO: [ID 19] Unloaded vertex array data from VRAM (GPU)
[INFO] VAO: [ID 20] Mesh uploaded successfully to VRAM (GPU)
[INFO] [Deactivate] voxel=6923 span=1 sleep=5/8 waiting
[INFO] [Deactivate] voxel=6945 span=1 sleep=5/8 waiting
[INFO] [Deactivate] voxel=6946 span=1 sleep=5/8 waiting
[INFO] [Deactivate] voxel=6947 span=1 sleep=5/8 waiting
[INFO] [Deactivate] voxel=6951 span=1 sleep=5/8 waiting
[INFO] [Deactivate] voxel=6952 span=1 sleep=5/8 waiting
[INFO] [Deactivate] voxel=6953 span=1 sleep=5/8 waiting
[INFO] [Deactivate] voxel=6970 span=1 sleep=5/8 waiting
[INFO] [Deactivate] voxel=6974 span=1 sleep=5/8 waiting
[INFO] [Deactivate] voxel=6975 span=1 sleep=5/8 waiting
[INFO] [Deactivate] voxel=6976 span=1 sleep=5/8 waiting
[INFO] [Deactivate] voxel=6979 span=1 sleep=5/8 waiting
[INFO] [Deactivate] voxel=6983 span=1 sleep=5/8 waiting
[INFO] [Deactivate] voxel=7003 span=1 sleep=5/8 waiting
[INFO] [Deactivate] voxel=7005 span=1 sleep=5/8 waiting
[INFO] [Deactivate] voxel=7006 span=1 sleep=5/8 waiting
[INFO] [Deactivate] voxel=7012 span=1 sleep=5/8 waiting
[INFO] [Deactivate] voxel=7028 span=1 sleep=5/8 waiting
[INFO] [Deactivate] voxel=7029 span=1 sleep=5/8 waiting
[INFO] [Deactivate] voxel=7032 span=1 sleep=5/8 waiting
[INFO] [Deactivate] voxel=7033 span=1 sleep=5/8 waiting
[INFO] [Deactivate] voxel=7034 span=1 sleep=5/8 waiting
[INFO] [Deactivate] voxel=7035 span=1 sleep=5/8 waiting
[INFO] [Deactivate] voxel=7037 span=1 sleep=5/8 waiting
[INFO] [Deactivate] voxel=7041 span=1 sleep=5/8 waiting
[INFO] [Deactivate] voxel=7042 span=1 sleep=5/8 waiting
[INFO] [Deactivate] voxel=7052 span=1 sleep=6/8 waiting
[INFO] [Deactivate] voxel=7061 span=1 sleep=5/8 waiting
[INFO] [Deactivate] voxel=7062 span=1 sleep=5/8 waiting
[INFO] [Deactivate] voxel=7063 span=1 sleep=5/8 waiting
[INFO] [Deactivate] voxel=7064 span=1 sleep=5/8 waiting
[INFO] [Deactivate] voxel=7067 span=1 sleep=5/8 waiting
[INFO] [Deactivate] voxel=7068 span=1 sleep=5/8 waiting
[INFO] [Deactivate] voxel=7069 span=1 sleep=5/8 waiting
[INFO] [Deactivate] voxel=7070 span=1 sleep=5/8 waiting
[INFO] [Deactivate] voxel=7072 span=1 sleep=6/8 waiting
[INFO] [Deactivate] voxel=7073 span=1 sleep=6/8 waiting
[INFO] [Deactivate] voxel=7074 span=1 sleep=6/8 waiting
[INFO] [Deactivate] voxel=7075 span=1 sleep=6/8 waiting
[INFO] [Deactivate] voxel=7076 span=1 sleep=5/8 waiting
[INFO] [Deactivate] voxel=7077 span=1 sleep=6/8 waiting
[INFO] [Deactivate] voxel=7078 span=1 sleep=6/8 waiting
[INFO] [Deactivate] voxel=7079 span=1 sleep=6/8 waiting
[INFO] [Deactivate] voxel=7080 span=1 sleep=6/8 waiting
[INFO] [Deactivate] voxel=7097 span=1 sleep=5/8 waiting
[INFO] [Deactivate] voxel=7098 span=1 sleep=5/8 waiting
[INFO] [Deactivate] voxel=7103 span=1 sleep=5/8 waiting
[INFO] [Deactivate] voxel=7104 span=1 sleep=5/8 waiting
[INFO] [Deactivate] voxel=7107 span=1 sleep=6/8 waiting
[INFO] [Deactivate] voxel=7108 span=1 sleep=6/8 waiting
[INFO] [Deactivate] voxel=7109 span=1 sleep=6/8 waiting
[INFO] [Deactivate] voxel=7111 span=1 sleep=6/8 waiting
[INFO] [Deactivate] voxel=7132 span=1 sleep=5/8 waiting
[INFO] [Deactivate] voxel=7133 span=1 sleep=4/8 waiting
[INFO] [Deactivate] voxel=7140 span=1 sleep=6/8 waiting
[INFO] [Deactivate] voxel=7970 span=1 sleep=5/8 waiting
[INFO] [Deactivate] voxel=7971 span=1 sleep=5/8 waiting
[INFO] [Deactivate] voxel=7972 span=1 sleep=5/8 waiting
[INFO] [Deactivate] voxel=7973 span=1 sleep=5/8 waiting
[INFO] [Deactivate] voxel=7974 span=1 sleep=5/8 waiting
[INFO] [Deactivate] voxel=7975 span=1 sleep=5/8 waiting
[INFO] [Deactivate] voxel=7976 span=1 sleep=5/8 waiting
[INFO] [Deactivate] voxel=7977 span=1 sleep=5/8 waiting
[INFO] [Deactivate] voxel=7978 span=1 sleep=5/8 waiting
[INFO] [Deactivate] voxel=7979 span=1 sleep=5/8 waiting
[INFO] [Deactivate] voxel=7980 span=1 sleep=5/8 waiting
[INFO] [Deactivate] voxel=7981 span=1 sleep=2/8 waiting
[INFO] [Deactivate] voxel=7982 span=1 sleep=2/8 waiting
[INFO] [Deactivate] voxel=7983 span=1 sleep=2/8 waiting
[INFO] [Deactivate] voxel=7984 span=1 sleep=2/8 waiting
[INFO] [Deactivate] voxel=7985 span=1 sleep=2/8 waiting
[INFO] [Deactivate] voxel=7986 span=1 sleep=2/8 waiting
[INFO] [Deactivate] voxel=7987 span=1 sleep=2/8 waiting
[INFO] [Deactivate] voxel=7988 span=1 sleep=2/8 waiting
[INFO] [Deactivate] voxel=7989 span=1 sleep=2/8 waiting
[INFO] [Deactivate] voxel=7990 span=1 sleep=2/8 waiting
[INFO] [Deactivate] voxel=7991 span=1 sleep=2/8 waiting
[INFO] [Deactivate] voxel=7992 span=1 sleep=2/8 waiting
[INFO] [Deactivate] voxel=7993 span=1 sleep=2/8 waiting
[INFO] [Deactivate] voxel=7994 span=1 sleep=2/8 waiting
[INFO] [Deactivate] voxel=7995 span=1 sleep=2/8 waiting
[INFO] [Deactivate] voxel=7996 span=1 sleep=2/8 waiting
[INFO] [Deactivate] voxel=7997 span=1 sleep=2/8 waiting
[INFO] [Deactivate] voxel=7998 span=1 sleep=2/8 waiting
[INFO] [Deactivate] voxel=7999 span=1 sleep=2/8 waiting
[INFO] [Deactivate] voxel=8000 span=1 sleep=2/8 waiting
[INFO] [Deactivate] voxel=8001 span=1 sleep=2/8 waiting
[INFO] [Deactivate] voxel=8002 span=1 sleep=2/8 waiting
[INFO] [Deactivate] voxel=8003 span=1 sleep=2/8 waiting
[INFO] [Deactivate] voxel=8004 span=1 sleep=2/8 waiting
[INFO] [Deactivate] voxel=8005 span=1 sleep=2/8 waiting
[INFO] [Deactivate] voxel=8006 span=1 sleep=2/8 waiting
[INFO] [Deactivate] voxel=8007 span=1 sleep=2/8 waiting
[INFO] [Deactivate] voxel=8008 span=1 sleep=2/8 waiting
[INFO] [Deactivate] voxel=8009 span=1 sleep=2/8 waiting
[INFO] [Deactivate] voxel=8010 span=1 sleep=2/8 waiting
[INFO] [Deactivate] voxel=8011 span=1 sleep=2/8 waiting
[INFO] [Deactivate] voxel=8012 span=1 sleep=2/8 waiting
[INFO] [Deactivate] voxel=8013 span=1 sleep=2/8 waiting
[INFO] [Deactivate] voxel=8014 span=1 sleep=2/8 waiting
[INFO] [Deactivate] voxel=8015 span=1 sleep=2/8 waiting
[INFO] [Deactivate] voxel=8016 span=1 sleep=2/8 waiting
[INFO] [Deactivate] voxel=8017 span=1 sleep=2/8 waiting
[INFO] [Deactivate] voxel=8018 span=1 sleep=2/8 waiting
[INFO] [Deactivate] voxel=8019 span=1 sleep=2/8 waiting
[INFO] [Deactivate] voxel=8020 span=1 sleep=2/8 waiting
[INFO] [Deactivate] voxel=8021 span=1 sleep=2/8 waiting
[INFO] [RemoveVoxel] idx=7752 voxel_count_before=8023 moved_from=8022 voxel_count_after=8022
[INFO] [Multiscale] Emit span=1 grid=(-5..-5,3..3,-5..-5) pos=(-2.25,1.75,-2.25)
[INFO] [Multiscale] Converted 1 unit voxels into 1 span clusters
[INFO] [Activation] static->dynamic units=1 spawned=1 base=8022 after=8023
[INFO] [Deactivate] voxel=6923 span=1 sleep=6/8 waiting
[INFO] [Deactivate] voxel=6945 span=1 sleep=6/8 waiting
[INFO] [Deactivate] voxel=6946 span=1 sleep=6/8 waiting
[INFO] [Deactivate] voxel=6947 span=1 sleep=6/8 waiting
[INFO] [Deactivate] voxel=6951 span=1 sleep=6/8 waiting
[INFO] [Deactivate] voxel=6952 span=1 sleep=6/8 waiting
[INFO] [Deactivate] voxel=6953 span=1 sleep=6/8 waiting
[INFO] [Deactivate] voxel=6970 span=1 sleep=6/8 waiting
[INFO] [Deactivate] voxel=6974 span=1 sleep=6/8 waiting
[INFO] [Deactivate] voxel=6975 span=1 sleep=6/8 waiting
[INFO] [Deactivate] voxel=6976 span=1 sleep=6/8 waiting
[INFO] [Deactivate] voxel=6979 span=1 sleep=6/8 waiting
[INFO] [Deactivate] voxel=6983 span=1 sleep=6/8 waiting
[INFO] [Deactivate] voxel=7003 span=1 sleep=6/8 waiting
[INFO] [Deactivate] voxel=7005 span=1 sleep=6/8 waiting
[INFO] [Deactivate] voxel=7006 span=1 sleep=6/8 waiting
[INFO] [Deactivate] voxel=7012 span=1 sleep=6/8 waiting
[INFO] [Deactivate] voxel=7028 span=1 sleep=6/8 waiting
[INFO] [Deactivate] voxel=7029 span=1 sleep=6/8 waiting
[INFO] [Deactivate] voxel=7032 span=1 sleep=6/8 waiting
[INFO] [Deactivate] voxel=7033 span=1 sleep=6/8 waiting
[INFO] [Deactivate] voxel=7034 span=1 sleep=6/8 waiting
[INFO] [Deactivate] voxel=7035 span=1 sleep=6/8 waiting
[INFO] [Deactivate] voxel=7037 span=1 sleep=6/8 waiting
[INFO] [Deactivate] voxel=7041 span=1 sleep=6/8 waiting
[INFO] [Deactivate] voxel=7042 span=1 sleep=6/8 waiting
[INFO] [Deactivate] voxel=7052 span=1 sleep=7/8 waiting
[INFO] [Deactivate] voxel=7061 span=1 sleep=6/8 waiting
[INFO] [Deactivate] voxel=7062 span=1 sleep=6/8 waiting
[INFO] [Deactivate] voxel=7063 span=1 sleep=6/8 waiting
[INFO] [Deactivate] voxel=7064 span=1 sleep=6/8 waiting
[INFO] [Deactivate] voxel=7067 span=1 sleep=6/8 waiting
[INFO] [Deactivate] voxel=7068 span=1 sleep=6/8 waiting
[INFO] [Deactivate] voxel=7069 span=1 sleep=6/8 waiting
[INFO] [Deactivate] voxel=7070 span=1 sleep=6/8 waiting
[INFO] [Deactivate] voxel=7072 span=1 sleep=7/8 waiting
[INFO] [Deactivate] voxel=7073 span=1 sleep=7/8 waiting
[INFO] [Deactivate] voxel=7074 span=1 sleep=7/8 waiting
[INFO] [Deactivate] voxel=7075 span=1 sleep=7/8 waiting
[INFO] [Deactivate] voxel=7076 span=1 sleep=6/8 waiting
[INFO] [Deactivate] voxel=7077 span=1 sleep=7/8 waiting
[INFO] [Deactivate] voxel=7078 span=1 sleep=7/8 waiting
[INFO] [Deactivate] voxel=7079 span=1 sleep=7/8 waiting
[INFO] [Deactivate] voxel=7080 span=1 sleep=7/8 waiting
[INFO] [Deactivate] voxel=7097 span=1 sleep=6/8 waiting
[INFO] [Deactivate] voxel=7098 span=1 sleep=6/8 waiting
[INFO] [Deactivate] voxel=7103 span=1 sleep=6/8 waiting
[INFO] [Deactivate] voxel=7104 span=1 sleep=6/8 waiting
[INFO] [Deactivate] voxel=7107 span=1 sleep=7/8 waiting
[INFO] [Deactivate] voxel=7108 span=1 sleep=7/8 waiting
[INFO] [Deactivate] voxel=7109 span=1 sleep=7/8 waiting
[INFO] [Deactivate] voxel=7111 span=1 sleep=7/8 waiting
[INFO] [Deactivate] voxel=7132 span=1 sleep=6/8 waiting
[INFO] [Deactivate] voxel=7133 span=1 sleep=5/8 waiting
[INFO] [Deactivate] voxel=7140 span=1 sleep=7/8 waiting
[INFO] [Deactivate] voxel=7970 span=1 sleep=6/8 waiting
[INFO] [Deactivate] voxel=7971 span=1 sleep=6/8 waiting
[INFO] [Deactivate] voxel=7972 span=1 sleep=6/8 waiting
[INFO] [Deactivate] voxel=7973 span=1 sleep=6/8 waiting
[INFO] [Deactivate] voxel=7974 span=1 sleep=6/8 waiting
[INFO] [Deactivate] voxel=7975 span=1 sleep=6/8 waiting
[INFO] [Deactivate] voxel=7976 span=1 sleep=6/8 waiting
[INFO] [Deactivate] voxel=7977 span=1 sleep=6/8 waiting
[INFO] [Deactivate] voxel=7978 span=1 sleep=6/8 waiting
[INFO] [Deactivate] voxel=7979 span=1 sleep=6/8 waiting
[INFO] [Deactivate] voxel=7980 span=1 sleep=6/8 waiting
[INFO] [Deactivate] voxel=7981 span=1 sleep=3/8 waiting
[INFO] [Deactivate] voxel=7982 span=1 sleep=3/8 waiting
[INFO] [Deactivate] voxel=7983 span=1 sleep=3/8 waiting
[INFO] [Deactivate] voxel=7984 span=1 sleep=3/8 waiting
[INFO] [Deactivate] voxel=7985 span=1 sleep=3/8 waiting
[INFO] [Deactivate] voxel=7986 span=1 sleep=3/8 waiting
[INFO] [Deactivate] voxel=7987 span=1 sleep=3/8 waiting
[INFO] [Deactivate] voxel=7988 span=1 sleep=3/8 waiting
[INFO] [Deactivate] voxel=7989 span=1 sleep=3/8 waiting
[INFO] [Deactivate] voxel=7990 span=1 sleep=3/8 waiting
[INFO] [Deactivate] voxel=7991 span=1 sleep=3/8 waiting
[INFO] [Deactivate] voxel=7992 span=1 sleep=3/8 waiting
[INFO] [Deactivate] voxel=7993 span=1 sleep=3/8 waiting
[INFO] [Deactivate] voxel=7994 span=1 sleep=3/8 waiting
[INFO] [Deactivate] voxel=7995 span=1 sleep=3/8 waiting
[INFO] [Deactivate] voxel=7996 span=1 sleep=3/8 waiting
[INFO] [Deactivate] voxel=7997 span=1 sleep=3/8 waiting
[INFO] [Deactivate] voxel=7998 span=1 sleep=3/8 waiting
[INFO] [Deactivate] voxel=7999 span=1 sleep=3/8 waiting
[INFO] [Deactivate] voxel=8000 span=1 sleep=3/8 waiting
[INFO] [Deactivate] voxel=8001 span=1 sleep=3/8 waiting
[INFO] [Deactivate] voxel=8002 span=1 sleep=3/8 waiting
[INFO] [Deactivate] voxel=8003 span=1 sleep=3/8 waiting
[INFO] [Deactivate] voxel=8004 span=1 sleep=3/8 waiting
[INFO] [Deactivate] voxel=8005 span=1 sleep=3/8 waiting
[INFO] [Deactivate] voxel=8006 span=1 sleep=3/8 waiting
[INFO] [Deactivate] voxel=8007 span=1 sleep=3/8 waiting
[INFO] [Deactivate] voxel=8008 span=1 sleep=3/8 waiting
[INFO] [Deactivate] voxel=8009 span=1 sleep=3/8 waiting
[INFO] [Deactivate] voxel=8010 span=1 sleep=3/8 waiting
[INFO] [Deactivate] voxel=8011 span=1 sleep=3/8 waiting
[INFO] [Deactivate] voxel=8012 span=1 sleep=3/8 waiting
[INFO] [Deactivate] voxel=8013 span=1 sleep=3/8 waiting
[INFO] [Deactivate] voxel=8014 span=1 sleep=3/8 waiting
[INFO] [Deactivate] voxel=8015 span=1 sleep=3/8 waiting
[INFO] [Deactivate] voxel=8016 span=1 sleep=3/8 waiting
[INFO] [Deactivate] voxel=8017 span=1 sleep=3/8 waiting
[INFO] [Deactivate] voxel=8018 span=1 sleep=3/8 waiting
[INFO] [Deactivate] voxel=8019 span=1 sleep=3/8 waiting
[INFO] [Deactivate] voxel=8020 span=1 sleep=3/8 waiting
[INFO] [Deactivate] voxel=8021 span=1 sleep=3/8 waiting
[INFO] [Deactivate] voxel=8022 span=1 sleep=1/8 waiting
[INFO] VAO: [ID 20] Unloaded vertex array data from VRAM (GPU)
[INFO] VAO: [ID 21] Mesh uploaded successfully to VRAM (GPU)
[INFO] [Deactivate] voxel=6923 span=1 sleep=7/8 waiting
[INFO] [Deactivate] voxel=6945 span=1 sleep=7/8 waiting
[INFO] [Deactivate] voxel=6946 span=1 sleep=7/8 waiting
[INFO] [Deactivate] voxel=6947 span=1 sleep=7/8 waiting
[INFO] [Deactivate] voxel=6951 span=1 sleep=7/8 waiting
[INFO] [Deactivate] voxel=6952 span=1 sleep=7/8 waiting
[INFO] [Deactivate] voxel=6953 span=1 sleep=7/8 waiting
[INFO] [Deactivate] voxel=6970 span=1 sleep=7/8 waiting
[INFO] [Deactivate] voxel=6974 span=1 sleep=7/8 waiting
[INFO] [Deactivate] voxel=6975 span=1 sleep=7/8 waiting
[INFO] [Deactivate] voxel=6976 span=1 sleep=7/8 waiting
[INFO] [Deactivate] voxel=6979 span=1 sleep=7/8 waiting
[INFO] [Deactivate] voxel=6983 span=1 sleep=7/8 waiting
[INFO] [Deactivate] voxel=7003 span=1 sleep=7/8 waiting
[INFO] [Deactivate] voxel=7005 span=1 sleep=7/8 waiting
[INFO] [Deactivate] voxel=7006 span=1 sleep=7/8 waiting
[INFO] [Deactivate] voxel=7012 span=1 sleep=7/8 waiting
[INFO] [Deactivate] voxel=7028 span=1 sleep=7/8 waiting
[INFO] [Deactivate] voxel=7029 span=1 sleep=7/8 waiting
[INFO] [Deactivate] voxel=7032 span=1 sleep=7/8 waiting
[INFO] [Deactivate] voxel=7033 span=1 sleep=7/8 waiting
[INFO] [Deactivate] voxel=7034 span=1 sleep=7/8 waiting
[INFO] [Deactivate] voxel=7035 span=1 sleep=7/8 waiting
[INFO] [Deactivate] voxel=7037 span=1 sleep=7/8 waiting
[INFO] [Deactivate] voxel=7041 span=1 sleep=7/8 waiting
[INFO] [Deactivate] voxel=7042 span=1 sleep=7/8 waiting
[INFO] [Deactivate] voxel=7052 cluster_ready=false fail_idx=6923 sleep=7 reason=insufficient-sleep
[INFO] [Deactivate] voxel=7061 span=1 sleep=7/8 waiting
[INFO] [Deactivate] voxel=7062 span=1 sleep=7/8 waiting
[INFO] [Deactivate] voxel=7063 span=1 sleep=7/8 waiting
[INFO] [Deactivate] voxel=7064 span=1 sleep=7/8 waiting
[INFO] [Deactivate] voxel=7067 span=1 sleep=7/8 waiting
[INFO] [Deactivate] voxel=7068 span=1 sleep=7/8 waiting
[INFO] [Deactivate] voxel=7069 span=1 sleep=7/8 waiting
[INFO] [Deactivate] voxel=7070 span=1 sleep=7/8 waiting
[INFO] [Deactivate] voxel=7072 span=1 sleep=7/8 waiting
[INFO] [Deactivate] voxel=7073 span=1 sleep=7/8 waiting
[INFO] [Deactivate] voxel=7074 span=1 sleep=7/8 waiting
[INFO] [Deactivate] voxel=7075 span=1 sleep=7/8 waiting
[INFO] [Deactivate] voxel=7076 span=1 sleep=7/8 waiting
[INFO] [Deactivate] voxel=7077 span=1 sleep=7/8 waiting
[INFO] [Deactivate] voxel=7078 span=1 sleep=7/8 waiting
[INFO] [Deactivate] voxel=7079 span=1 sleep=7/8 waiting
[INFO] [Deactivate] voxel=7080 span=1 sleep=7/8 waiting
[INFO] [Deactivate] voxel=7097 span=1 sleep=7/8 waiting
[INFO] [Deactivate] voxel=7098 span=1 sleep=7/8 waiting
[INFO] [Deactivate] voxel=7103 span=1 sleep=7/8 waiting
[INFO] [Deactivate] voxel=7104 span=1 sleep=7/8 waiting
[INFO] [Deactivate] voxel=7107 span=1 sleep=7/8 waiting
[INFO] [Deactivate] voxel=7108 span=1 sleep=7/8 waiting
[INFO] [Deactivate] voxel=7109 span=1 sleep=7/8 waiting
[INFO] [Deactivate] voxel=7111 span=1 sleep=7/8 waiting
[INFO] [Deactivate] voxel=7132 span=1 sleep=7/8 waiting
[INFO] [Deactivate] voxel=7133 span=1 sleep=6/8 waiting
[INFO] [Deactivate] voxel=7140 span=1 sleep=7/8 waiting
[INFO] [Deactivate] voxel=7970 span=1 sleep=7/8 waiting
[INFO] [Deactivate] voxel=7971 span=1 sleep=7/8 waiting
[INFO] [Deactivate] voxel=7972 span=1 sleep=7/8 waiting
[INFO] [Deactivate] voxel=7973 span=1 sleep=7/8 waiting
[INFO] [Deactivate] voxel=7974 span=1 sleep=7/8 waiting
[INFO] [Deactivate] voxel=7975 span=1 sleep=7/8 waiting
[INFO] [Deactivate] voxel=7976 span=1 sleep=7/8 waiting
[INFO] [Deactivate] voxel=7977 span=1 sleep=7/8 waiting
[INFO] [Deactivate] voxel=7978 span=1 sleep=7/8 waiting
[INFO] [Deactivate] voxel=7979 span=1 sleep=7/8 waiting
[INFO] [Deactivate] voxel=7980 span=1 sleep=7/8 waiting
[INFO] [Deactivate] voxel=7981 span=1 sleep=4/8 waiting
[INFO] [Deactivate] voxel=7982 span=1 sleep=4/8 waiting
[INFO] [Deactivate] voxel=7983 span=1 sleep=4/8 waiting
[INFO] [Deactivate] voxel=7984 span=1 sleep=4/8 waiting
[INFO] [Deactivate] voxel=7985 span=1 sleep=4/8 waiting
[INFO] [Deactivate] voxel=7986 span=1 sleep=4/8 waiting
[INFO] [Deactivate] voxel=7987 span=1 sleep=4/8 waiting
[INFO] [Deactivate] voxel=7988 span=1 sleep=4/8 waiting
[INFO] [Deactivate] voxel=7989 span=1 sleep=4/8 waiting
[INFO] [Deactivate] voxel=7990 span=1 sleep=4/8 waiting
[INFO] [Deactivate] voxel=7991 span=1 sleep=4/8 waiting
[INFO] [Deactivate] voxel=7992 span=1 sleep=4/8 waiting
[INFO] [Deactivate] voxel=7993 span=1 sleep=4/8 waiting
[INFO] [Deactivate] voxel=7994 span=1 sleep=4/8 waiting
[INFO] [Deactivate] voxel=7995 span=1 sleep=4/8 waiting
[INFO] [Deactivate] voxel=7996 span=1 sleep=4/8 waiting
[INFO] [Deactivate] voxel=7997 span=1 sleep=4/8 waiting
[INFO] [Deactivate] voxel=7998 span=1 sleep=4/8 waiting
[INFO] [Deactivate] voxel=7999 span=1 sleep=4/8 waiting
[INFO] [Deactivate] voxel=8000 span=1 sleep=4/8 waiting
[INFO] [Deactivate] voxel=8001 span=1 sleep=4/8 waiting
[INFO] [Deactivate] voxel=8002 span=1 sleep=4/8 waiting
[INFO] [Deactivate] voxel=8003 span=1 sleep=4/8 waiting
[INFO] [Deactivate] voxel=8004 span=1 sleep=4/8 waiting
[INFO] [Deactivate] voxel=8005 span=1 sleep=4/8 waiting
[INFO] [Deactivate] voxel=8006 span=1 sleep=4/8 waiting
[INFO] [Deactivate] voxel=8007 span=1 sleep=4/8 waiting
[INFO] [Deactivate] voxel=8008 span=1 sleep=4/8 waiting
[INFO] [Deactivate] voxel=8009 span=1 sleep=4/8 waiting
[INFO] [Deactivate] voxel=8010 span=1 sleep=4/8 waiting
[INFO] [Deactivate] voxel=8011 span=1 sleep=4/8 waiting
[INFO] [Deactivate] voxel=8012 span=1 sleep=4/8 waiting
[INFO] [Deactivate] voxel=8013 span=1 sleep=4/8 waiting
[INFO] [Deactivate] voxel=8014 span=1 sleep=4/8 waiting
[INFO] [Deactivate] voxel=8015 span=1 sleep=4/8 waiting
[INFO] [Deactivate] voxel=8016 span=1 sleep=4/8 waiting
[INFO] [Deactivate] voxel=8017 span=1 sleep=4/8 waiting
[INFO] [Deactivate] voxel=8018 span=1 sleep=4/8 waiting
[INFO] [Deactivate] voxel=8019 span=1 sleep=4/8 waiting
[INFO] [Deactivate] voxel=8020 span=1 sleep=4/8 waiting
[INFO] [Deactivate] voxel=8021 span=1 sleep=4/8 waiting
[INFO] [Deactivate] voxel=8022 span=1 sleep=2/8 waiting
[INFO] [RemoveVoxel] idx=7883 voxel_count_before=8024 moved_from=8023 voxel_count_after=8023
[INFO] [RemoveVoxel] idx=7747 voxel_count_before=8023 moved_from=8022 voxel_count_after=8022
[INFO] [Multiscale] Emit span=1 grid=(-5..-5,2..2,-5..-5) pos=(-2.25,1.25,-2.25)
[INFO] [Multiscale] Emit span=1 grid=(-5..-5,4..4,-5..-5) pos=(-2.25,2.25,-2.25)
[INFO] [Multiscale] Converted 2 unit voxels into 2 span clusters
[INFO] [Activation] static->dynamic units=2 spawned=2 base=8022 after=8024
[INFO] [Deactivate] voxel=6923 cluster_ready=false fail_idx=7981 sleep=5 reason=insufficient-sleep
[INFO] [Deactivate] voxel=6945 span=1 sleep=7/8 waiting
[INFO] [Deactivate] voxel=6946 span=1 sleep=7/8 waiting
[INFO] [Deactivate] voxel=6947 span=1 sleep=7/8 waiting
[INFO] [Deactivate] voxel=6951 span=1 sleep=7/8 waiting
[INFO] [Deactivate] voxel=6952 span=1 sleep=7/8 waiting
[INFO] [Deactivate] voxel=6953 span=1 sleep=7/8 waiting
[INFO] [Deactivate] voxel=6970 span=1 sleep=7/8 waiting
[INFO] [Deactivate] voxel=6974 span=1 sleep=7/8 waiting
[INFO] [Deactivate] voxel=6975 span=1 sleep=7/8 waiting
[INFO] [Deactivate] voxel=6976 span=1 sleep=7/8 waiting
[INFO] [Deactivate] voxel=6979 span=1 sleep=7/8 waiting
[INFO] [Deactivate] voxel=6983 span=1 sleep=7/8 waiting
[INFO] [Deactivate] voxel=7003 span=1 sleep=7/8 waiting
[INFO] [Deactivate] voxel=7005 span=1 sleep=7/8 waiting
[INFO] [Deactivate] voxel=7006 span=1 sleep=7/8 waiting
[INFO] [Deactivate] voxel=7012 span=1 sleep=7/8 waiting
[INFO] [Deactivate] voxel=7028 span=1 sleep=7/8 waiting
[INFO] [Deactivate] voxel=7029 span=1 sleep=7/8 waiting
[INFO] [Deactivate] voxel=7032 span=1 sleep=7/8 waiting
[INFO] [Deactivate] voxel=7033 span=1 sleep=7/8 waiting
[INFO] [Deactivate] voxel=7034 span=1 sleep=7/8 waiting
[INFO] [Deactivate] voxel=7035 span=1 sleep=7/8 waiting
[INFO] [Deactivate] voxel=7037 span=1 sleep=7/8 waiting
[INFO] [Deactivate] voxel=7041 span=1 sleep=7/8 waiting
[INFO] [Deactivate] voxel=7042 span=1 sleep=7/8 waiting
[INFO] [Deactivate] voxel=7052 span=1 sleep=7/8 waiting
[INFO] [Deactivate] voxel=7061 span=1 sleep=7/8 waiting
[INFO] [Deactivate] voxel=7062 span=1 sleep=7/8 waiting
[INFO] [Deactivate] voxel=7063 span=1 sleep=7/8 waiting
[INFO] [Deactivate] voxel=7064 span=1 sleep=7/8 waiting
[INFO] [Deactivate] voxel=7067 span=1 sleep=7/8 waiting
[INFO] [Deactivate] voxel=7068 span=1 sleep=7/8 waiting
[INFO] [Deactivate] voxel=7069 span=1 sleep=7/8 waiting
[INFO] [Deactivate] voxel=7070 span=1 sleep=7/8 waiting
[INFO] [Deactivate] voxel=7072 span=1 sleep=7/8 waiting
[INFO] [Deactivate] voxel=7073 span=1 sleep=7/8 waiting
[INFO] [Deactivate] voxel=7074 span=1 sleep=7/8 waiting
[INFO] [Deactivate] voxel=7075 span=1 sleep=7/8 waiting
[INFO] [Deactivate] voxel=7076 span=1 sleep=7/8 waiting
[INFO] [Deactivate] voxel=7077 span=1 sleep=7/8 waiting
[INFO] [Deactivate] voxel=7078 span=1 sleep=7/8 waiting
[INFO] [Deactivate] voxel=7079 span=1 sleep=7/8 waiting
[INFO] [Deactivate] voxel=7080 span=1 sleep=7/8 waiting
[INFO] [Deactivate] voxel=7097 span=1 sleep=7/8 waiting
[INFO] [Deactivate] voxel=7098 span=1 sleep=7/8 waiting
[INFO] [Deactivate] voxel=7103 span=1 sleep=7/8 waiting
[INFO] [Deactivate] voxel=7104 span=1 sleep=7/8 waiting
[INFO] [Deactivate] voxel=7107 span=1 sleep=7/8 waiting
[INFO] [Deactivate] voxel=7108 span=1 sleep=7/8 waiting
[INFO] [Deactivate] voxel=7109 span=1 sleep=7/8 waiting
[INFO] [Deactivate] voxel=7111 span=1 sleep=7/8 waiting
[INFO] [Deactivate] voxel=7132 span=1 sleep=7/8 waiting
[INFO] [Deactivate] voxel=7133 span=1 sleep=7/8 waiting
[INFO] [Deactivate] voxel=7140 span=1 sleep=7/8 waiting
[INFO] [Deactivate] voxel=7747 span=1 sleep=3/8 waiting
[INFO] [Deactivate] voxel=7970 span=1 sleep=7/8 waiting
[INFO] [Deactivate] voxel=7971 span=1 sleep=7/8 waiting
[INFO] [Deactivate] voxel=7972 span=1 sleep=7/8 waiting
[INFO] [Deactivate] voxel=7973 span=1 sleep=7/8 waiting
[INFO] [Deactivate] voxel=7974 span=1 sleep=7/8 waiting
[INFO] [Deactivate] voxel=7975 span=1 sleep=7/8 waiting
[INFO] [Deactivate] voxel=7976 span=1 sleep=7/8 waiting
[INFO] [Deactivate] voxel=7977 span=1 sleep=7/8 waiting
[INFO] [Deactivate] voxel=7978 span=1 sleep=7/8 waiting
[INFO] [Deactivate] voxel=7979 span=1 sleep=7/8 waiting
[INFO] [Deactivate] voxel=7980 span=1 sleep=7/8 waiting
[INFO] [Deactivate] voxel=7981 span=1 sleep=5/8 waiting
[INFO] [Deactivate] voxel=7982 span=1 sleep=5/8 waiting
[INFO] [Deactivate] voxel=7983 span=1 sleep=5/8 waiting
[INFO] [Deactivate] voxel=7984 span=1 sleep=5/8 waiting
[INFO] [Deactivate] voxel=7985 span=1 sleep=5/8 waiting
[INFO] [Deactivate] voxel=7986 span=1 sleep=5/8 waiting
[INFO] [Deactivate] voxel=7987 span=1 sleep=5/8 waiting
[INFO] [Deactivate] voxel=7988 span=1 sleep=5/8 waiting
[INFO] [Deactivate] voxel=7989 span=1 sleep=5/8 waiting
[INFO] [Deactivate] voxel=7990 span=1 sleep=5/8 waiting
[INFO] [Deactivate] voxel=7991 span=1 sleep=5/8 waiting
[INFO] [Deactivate] voxel=7992 span=1 sleep=5/8 waiting
[INFO] [Deactivate] voxel=7993 span=1 sleep=5/8 waiting
[INFO] [Deactivate] voxel=7994 span=1 sleep=5/8 waiting
[INFO] [Deactivate] voxel=7995 span=1 sleep=5/8 waiting
[INFO] [Deactivate] voxel=7996 span=1 sleep=5/8 waiting
[INFO] [Deactivate] voxel=7997 span=1 sleep=5/8 waiting
[INFO] [Deactivate] voxel=7998 span=1 sleep=5/8 waiting
[INFO] [Deactivate] voxel=7999 span=1 sleep=5/8 waiting
[INFO] [Deactivate] voxel=8000 span=1 sleep=5/8 waiting
[INFO] [Deactivate] voxel=8001 span=1 sleep=5/8 waiting
[INFO] [Deactivate] voxel=8002 span=1 sleep=5/8 waiting
[INFO] [Deactivate] voxel=8003 span=1 sleep=5/8 waiting
[INFO] [Deactivate] voxel=8004 span=1 sleep=5/8 waiting
[INFO] [Deactivate] voxel=8005 span=1 sleep=5/8 waiting
[INFO] [Deactivate] voxel=8006 span=1 sleep=5/8 waiting
[INFO] [Deactivate] voxel=8007 span=1 sleep=5/8 waiting
[INFO] [Deactivate] voxel=8008 span=1 sleep=5/8 waiting
[INFO] [Deactivate] voxel=8009 span=1 sleep=5/8 waiting
[INFO] [Deactivate] voxel=8010 span=1 sleep=5/8 waiting
[INFO] [Deactivate] voxel=8011 span=1 sleep=5/8 waiting
[INFO] [Deactivate] voxel=8012 span=1 sleep=5/8 waiting
[INFO] [Deactivate] voxel=8013 span=1 sleep=5/8 waiting
[INFO] [Deactivate] voxel=8014 span=1 sleep=5/8 waiting
[INFO] [Deactivate] voxel=8015 span=1 sleep=5/8 waiting
[INFO] [Deactivate] voxel=8016 span=1 sleep=5/8 waiting
[INFO] [Deactivate] voxel=8017 span=1 sleep=5/8 waiting
[INFO] [Deactivate] voxel=8018 span=1 sleep=5/8 waiting
[INFO] [Deactivate] voxel=8019 span=1 sleep=5/8 waiting
[INFO] [Deactivate] voxel=8020 span=1 sleep=5/8 waiting
[INFO] [Deactivate] voxel=8021 span=1 sleep=5/8 waiting
[INFO] [Deactivate] voxel=8022 span=1 sleep=1/8 waiting
[INFO] [Deactivate] voxel=8023 span=1 sleep=1/8 waiting
[INFO] VAO: [ID 21] Unloaded vertex array data from VRAM (GPU)
[INFO] VAO: [ID 22] Mesh uploaded successfully to VRAM (GPU)
[INFO] [RemoveVoxel] idx=7909 voxel_count_before=8025 moved_from=8024 voxel_count_after=8024
[INFO] [RemoveVoxel] idx=7889 voxel_count_before=8024 moved_from=8023 voxel_count_after=8023
[INFO] [RemoveVoxel] idx=7888 voxel_count_before=8023 moved_from=8022 voxel_count_after=8022
[INFO] [RemoveVoxel] idx=7886 voxel_count_before=8022 moved_from=8021 voxel_count_after=8021
[INFO] [RemoveVoxel] idx=7884 voxel_count_before=8021 moved_from=8020 voxel_count_after=8020
[INFO] [RemoveVoxel] idx=7882 voxel_count_before=8020 moved_from=8019 voxel_count_after=8019
[INFO] [RemoveVoxel] idx=7866 voxel_count_before=8019 moved_from=8018 voxel_count_after=8018
[INFO] [RemoveVoxel] idx=7864 voxel_count_before=8018 moved_from=8017 voxel_count_after=8017
[INFO] [RemoveVoxel] idx=7863 voxel_count_before=8017 moved_from=8016 voxel_count_after=8016
[INFO] [RemoveVoxel] idx=7862 voxel_count_before=8016 moved_from=8015 voxel_count_after=8015
[INFO] [RemoveVoxel] idx=7845 voxel_count_before=8015 moved_from=8014 voxel_count_after=8014
[INFO] [RemoveVoxel] idx=7761 voxel_count_before=8014 moved_from=8013 voxel_count_after=8013
[INFO] [Multiscale] Emit span=1 grid=(-4..-4,3..3,-5..-5) pos=(-1.75,1.75,-2.25)
[INFO] [Multiscale] Emit span=1 grid=(-4..-4,4..4,-5..-5) pos=(-1.75,2.25,-2.25)
[INFO] [Multiscale] Emit span=1 grid=(-3..-3,4..4,-5..-5) pos=(-1.25,2.25,-2.25)
[INFO] [Multiscale] Emit span=1 grid=(-5..-5,5..5,-5..-5) pos=(-2.25,2.75,-2.25)
[INFO] [Multiscale] Emit span=1 grid=(-4..-4,5..5,-5..-5) pos=(-1.75,2.75,-2.25)
[INFO] [Multiscale] Emit span=1 grid=(-5..-5,3..3,-4..-4) pos=(-2.25,1.75,-1.75)
[INFO] [Multiscale] Emit span=1 grid=(-4..-4,3..3,-4..-4) pos=(-1.75,1.75,-1.75)
[INFO] [Multiscale] Emit span=1 grid=(-5..-5,4..4,-4..-4) pos=(-2.25,2.25,-1.75)
[INFO] [Multiscale] Emit span=1 grid=(-4..-4,4..4,-4..-4) pos=(-1.75,2.25,-1.75)
[INFO] [Multiscale] Emit span=1 grid=(-5..-5,5..5,-4..-4) pos=(-2.25,2.75,-1.75)
[INFO] [Multiscale] Emit span=1 grid=(-4..-4,5..5,-4..-4) pos=(-1.75,2.75,-1.75)
[INFO] [Multiscale] Emit span=1 grid=(-5..-5,4..4,-3..-3) pos=(-2.25,2.25,-1.25)
[INFO] [Multiscale] Converted 12 unit voxels into 12 span clusters
[INFO] [Activation] static->dynamic units=12 spawned=12 base=8013 after=8025
[INFO] [Deactivate] voxel=6923 cluster_ready=false fail_idx=7981 sleep=6 reason=insufficient-sleep
[INFO] [Deactivate] voxel=6945 span=1 sleep=7/8 waiting
[INFO] [Deactivate] voxel=6946 span=1 sleep=7/8 waiting
[INFO] [Deactivate] voxel=6947 span=1 sleep=7/8 waiting
[INFO] [Deactivate] voxel=6951 span=1 sleep=7/8 waiting
[INFO] [Deactivate] voxel=6952 span=1 sleep=7/8 waiting
[INFO] [Deactivate] voxel=6953 span=1 sleep=7/8 waiting
[INFO] [Deactivate] voxel=6970 span=1 sleep=7/8 waiting
[INFO] [Deactivate] voxel=6974 span=1 sleep=7/8 waiting
[INFO] [Deactivate] voxel=6975 span=1 sleep=7/8 waiting
[INFO] [Deactivate] voxel=6976 span=1 sleep=7/8 waiting
[INFO] [Deactivate] voxel=6979 span=1 sleep=7/8 waiting
[INFO] [Deactivate] voxel=6983 span=1 sleep=7/8 waiting
[INFO] [Deactivate] voxel=7003 span=1 sleep=7/8 waiting
[INFO] [Deactivate] voxel=7005 span=1 sleep=7/8 waiting
[INFO] [Deactivate] voxel=7006 span=1 sleep=7/8 waiting
[INFO] [Deactivate] voxel=7012 span=1 sleep=7/8 waiting
[INFO] [Deactivate] voxel=7028 span=1 sleep=7/8 waiting
[INFO] [Deactivate] voxel=7029 span=1 sleep=7/8 waiting
[INFO] [Deactivate] voxel=7032 span=1 sleep=7/8 waiting
[INFO] [Deactivate] voxel=7033 span=1 sleep=7/8 waiting
[INFO] [Deactivate] voxel=7034 span=1 sleep=7/8 waiting
[INFO] [Deactivate] voxel=7035 span=1 sleep=7/8 waiting
[INFO] [Deactivate] voxel=7037 span=1 sleep=7/8 waiting
[INFO] [Deactivate] voxel=7041 span=1 sleep=7/8 waiting
[INFO] [Deactivate] voxel=7042 span=1 sleep=7/8 waiting
[INFO] [Deactivate] voxel=7052 span=1 sleep=7/8 waiting
[INFO] [Deactivate] voxel=7061 span=1 sleep=7/8 waiting
[INFO] [Deactivate] voxel=7062 span=1 sleep=7/8 waiting
[INFO] [Deactivate] voxel=7063 span=1 sleep=7/8 waiting
[INFO] [Deactivate] voxel=7064 span=1 sleep=7/8 waiting
[INFO] [Deactivate] voxel=7067 span=1 sleep=7/8 waiting
[INFO] [Deactivate] voxel=7068 span=1 sleep=7/8 waiting
[INFO] [Deactivate] voxel=7069 span=1 sleep=7/8 waiting
[INFO] [Deactivate] voxel=7070 span=1 sleep=7/8 waiting
[INFO] [Deactivate] voxel=7072 span=1 sleep=7/8 waiting
[INFO] [Deactivate] voxel=7073 span=1 sleep=7/8 waiting
[INFO] [Deactivate] voxel=7074 span=1 sleep=7/8 waiting
[INFO] [Deactivate] voxel=7075 span=1 sleep=7/8 waiting
[INFO] [Deactivate] voxel=7076 span=1 sleep=7/8 waiting
[INFO] [Deactivate] voxel=7077 span=1 sleep=7/8 waiting
[INFO] [Deactivate] voxel=7078 span=1 sleep=7/8 waiting
[INFO] [Deactivate] voxel=7079 span=1 sleep=7/8 waiting
[INFO] [Deactivate] voxel=7080 span=1 sleep=7/8 waiting
[INFO] [Deactivate] voxel=7097 span=1 sleep=7/8 waiting
[INFO] [Deactivate] voxel=7098 span=1 sleep=7/8 waiting
[INFO] [Deactivate] voxel=7103 span=1 sleep=7/8 waiting
[INFO] [Deactivate] voxel=7104 span=1 sleep=7/8 waiting
[INFO] [Deactivate] voxel=7107 span=1 sleep=7/8 waiting
[INFO] [Deactivate] voxel=7108 span=1 sleep=7/8 waiting
[INFO] [Deactivate] voxel=7109 span=1 sleep=7/8 waiting
[INFO] [Deactivate] voxel=7111 span=1 sleep=7/8 waiting
[INFO] [Deactivate] voxel=7132 span=1 sleep=7/8 waiting
[INFO] [Deactivate] voxel=7133 span=1 sleep=7/8 waiting
[INFO] [Deactivate] voxel=7140 span=1 sleep=7/8 waiting
[INFO] [Deactivate] voxel=7747 span=1 sleep=4/8 waiting
[INFO] [Deactivate] voxel=7761 span=1 sleep=6/8 waiting
[INFO] [Deactivate] voxel=7845 span=1 sleep=6/8 waiting
[INFO] [Deactivate] voxel=7862 span=1 sleep=6/8 waiting
[INFO] [Deactivate] voxel=7863 span=1 sleep=6/8 waiting
[INFO] [Deactivate] voxel=7864 span=1 sleep=6/8 waiting
[INFO] [Deactivate] voxel=7866 span=1 sleep=6/8 waiting
[INFO] [Deactivate] voxel=7882 span=1 sleep=6/8 waiting
[INFO] [Deactivate] voxel=7884 span=1 sleep=6/8 waiting
[INFO] [Deactivate] voxel=7886 span=1 sleep=6/8 waiting
[INFO] [Deactivate] voxel=7888 span=1 sleep=2/8 waiting
[INFO] [Deactivate] voxel=7889 span=1 sleep=2/8 waiting
[INFO] [Deactivate] voxel=7970 span=1 sleep=7/8 waiting
[INFO] [Deactivate] voxel=7971 span=1 sleep=7/8 waiting
[INFO] [Deactivate] voxel=7972 span=1 sleep=7/8 waiting
[INFO] [Deactivate] voxel=7973 span=1 sleep=7/8 waiting
[INFO] [Deactivate] voxel=7974 span=1 sleep=7/8 waiting
[INFO] [Deactivate] voxel=7975 span=1 sleep=7/8 waiting
[INFO] [Deactivate] voxel=7976 span=1 sleep=7/8 waiting
[INFO] [Deactivate] voxel=7977 span=1 sleep=7/8 waiting
[INFO] [Deactivate] voxel=7978 span=1 sleep=7/8 waiting
[INFO] [Deactivate] voxel=7979 span=1 sleep=7/8 waiting
[INFO] [Deactivate] voxel=7980 span=1 sleep=7/8 waiting
[INFO] [Deactivate] voxel=7981 span=1 sleep=6/8 waiting
[INFO] [Deactivate] voxel=7982 span=1 sleep=6/8 waiting
[INFO] [Deactivate] voxel=7983 span=1 sleep=6/8 waiting
[INFO] [Deactivate] voxel=7984 span=1 sleep=6/8 waiting
[INFO] [Deactivate] voxel=7985 span=1 sleep=6/8 waiting
[INFO] [Deactivate] voxel=7986 span=1 sleep=6/8 waiting
[INFO] [Deactivate] voxel=7987 span=1 sleep=6/8 waiting
[INFO] [Deactivate] voxel=7988 span=1 sleep=6/8 waiting
[INFO] [Deactivate] voxel=7989 span=1 sleep=6/8 waiting
[INFO] [Deactivate] voxel=7990 span=1 sleep=6/8 waiting
[INFO] [Deactivate] voxel=7991 span=1 sleep=6/8 waiting
[INFO] [Deactivate] voxel=7992 span=1 sleep=6/8 waiting
[INFO] [Deactivate] voxel=7993 span=1 sleep=6/8 waiting
[INFO] [Deactivate] voxel=7994 span=1 sleep=6/8 waiting
[INFO] [Deactivate] voxel=7995 span=1 sleep=6/8 waiting
[INFO] [Deactivate] voxel=7996 span=1 sleep=6/8 waiting
[INFO] [Deactivate] voxel=7997 span=1 sleep=6/8 waiting
[INFO] [Deactivate] voxel=7998 span=1 sleep=6/8 waiting
[INFO] [Deactivate] voxel=7999 span=1 sleep=6/8 waiting
[INFO] [Deactivate] voxel=8000 span=1 sleep=6/8 waiting
[INFO] [Deactivate] voxel=8001 span=1 sleep=6/8 waiting
[INFO] [Deactivate] voxel=8002 span=1 sleep=6/8 waiting
[INFO] [Deactivate] voxel=8003 span=1 sleep=6/8 waiting
[INFO] [Deactivate] voxel=8004 span=1 sleep=6/8 waiting
[INFO] [Deactivate] voxel=8005 span=1 sleep=6/8 waiting
[INFO] [Deactivate] voxel=8006 span=1 sleep=6/8 waiting
[INFO] [Deactivate] voxel=8007 span=1 sleep=6/8 waiting
[INFO] [Deactivate] voxel=8008 span=1 sleep=6/8 waiting
[INFO] [Deactivate] voxel=8009 span=1 sleep=6/8 waiting
[INFO] [Deactivate] voxel=8010 span=1 sleep=6/8 waiting
[INFO] [Deactivate] voxel=8011 span=1 sleep=6/8 waiting
[INFO] [Deactivate] voxel=8012 span=1 sleep=6/8 waiting
[INFO] [Deactivate] voxel=8013 span=1 sleep=1/8 waiting
[INFO] [Deactivate] voxel=8014 span=1 sleep=1/8 waiting
[INFO] [Deactivate] voxel=8015 span=1 sleep=1/8 waiting
[INFO] [Deactivate] voxel=8016 span=1 sleep=1/8 waiting
[INFO] [Deactivate] voxel=8017 span=1 sleep=1/8 waiting
[INFO] [Deactivate] voxel=8018 span=1 sleep=1/8 waiting
[INFO] [Deactivate] voxel=8019 span=1 sleep=1/8 waiting
[INFO] [Deactivate] voxel=8020 span=1 sleep=1/8 waiting
[INFO] [Deactivate] voxel=8021 span=1 sleep=1/8 waiting
[INFO] [Deactivate] voxel=8022 span=1 sleep=1/8 waiting
[INFO] [Deactivate] voxel=8023 span=1 sleep=1/8 waiting
[INFO] [Deactivate] voxel=8024 span=1 sleep=1/8 waiting
[INFO] VAO: [ID 22] Unloaded vertex array data from VRAM (GPU)
[INFO] VAO: [ID 23] Mesh uploaded successfully to VRAM (GPU)
[INFO] [RemoveVoxel] idx=7890 voxel_count_before=8025 moved_from=8024 voxel_count_after=8024
[INFO] [RemoveVoxel] idx=7867 voxel_count_before=8024 moved_from=8023 voxel_count_after=8023
[INFO] [RemoveVoxel] idx=7848 voxel_count_before=8023 moved_from=8022 voxel_count_after=8022
[INFO] [RemoveVoxel] idx=7759 voxel_count_before=8022 moved_from=8021 voxel_count_after=8021
[INFO] [RemoveVoxel] idx=7758 voxel_count_before=8021 moved_from=8020 voxel_count_after=8020
[INFO] [RemoveVoxel] idx=7740 voxel_count_before=8020 moved_from=8019 voxel_count_after=8019
[INFO] [Multiscale] Emit span=1 grid=(-4..-4,2..2,-5..-5) pos=(-1.75,1.25,-2.25)
[INFO] [Multiscale] Emit span=1 grid=(-5..-5,2..2,-4..-4) pos=(-2.25,1.25,-1.75)
[INFO] [Multiscale] Emit span=1 grid=(-4..-4,2..2,-4..-4) pos=(-1.75,1.25,-1.75)
[INFO] [Multiscale] Emit span=1 grid=(-3..-3,4..4,-4..-4) pos=(-1.25,2.25,-1.75)
[INFO] [Multiscale] Emit span=1 grid=(-4..-4,4..4,-3..-3) pos=(-1.75,2.25,-1.25)
[INFO] [Multiscale] Emit span=1 grid=(-3..-3,4..4,-3..-3) pos=(-1.25,2.25,-1.25)
[INFO] [Multiscale] Converted 6 unit voxels into 6 span clusters
[INFO] [Activation] static->dynamic units=6 spawned=6 base=8019 after=8025
[INFO] [Deactivate] voxel=6923 cluster_ready=false fail_idx=7981 sleep=7 reason=insufficient-sleep
[INFO] [Deactivate] voxel=6945 span=1 sleep=7/8 waiting
[INFO] [Deactivate] voxel=6946 span=1 sleep=7/8 waiting
[INFO] [Deactivate] voxel=6947 span=1 sleep=7/8 waiting
[INFO] [Deactivate] voxel=6951 span=1 sleep=7/8 waiting
[INFO] [Deactivate] voxel=6952 span=1 sleep=7/8 waiting
[INFO] [Deactivate] voxel=6953 span=1 sleep=7/8 waiting
[INFO] [Deactivate] voxel=6970 span=1 sleep=7/8 waiting
[INFO] [Deactivate] voxel=6974 span=1 sleep=7/8 waiting
[INFO] [Deactivate] voxel=6975 span=1 sleep=7/8 waiting
[INFO] [Deactivate] voxel=6976 span=1 sleep=7/8 waiting
[INFO] [Deactivate] voxel=6979 span=1 sleep=7/8 waiting
[INFO] [Deactivate] voxel=6983 span=1 sleep=7/8 waiting
[INFO] [Deactivate] voxel=7003 span=1 sleep=7/8 waiting
[INFO] [Deactivate] voxel=7005 span=1 sleep=7/8 waiting
[INFO] [Deactivate] voxel=7006 span=1 sleep=7/8 waiting
[INFO] [Deactivate] voxel=7012 span=1 sleep=7/8 waiting
[INFO] [Deactivate] voxel=7028 span=1 sleep=7/8 waiting
[INFO] [Deactivate] voxel=7029 span=1 sleep=7/8 waiting
[INFO] [Deactivate] voxel=7032 span=1 sleep=7/8 waiting
[INFO] [Deactivate] voxel=7033 span=1 sleep=7/8 waiting
[INFO] [Deactivate] voxel=7034 span=1 sleep=7/8 waiting
[INFO] [Deactivate] voxel=7035 span=1 sleep=7/8 waiting
[INFO] [Deactivate] voxel=7037 span=1 sleep=7/8 waiting
[INFO] [Deactivate] voxel=7041 span=1 sleep=7/8 waiting
[INFO] [Deactivate] voxel=7042 span=1 sleep=7/8 waiting
[INFO] [Deactivate] voxel=7052 span=1 sleep=7/8 waiting
[INFO] [Deactivate] voxel=7061 span=1 sleep=7/8 waiting
[INFO] [Deactivate] voxel=7062 span=1 sleep=7/8 waiting
[INFO] [Deactivate] voxel=7063 span=1 sleep=7/8 waiting
[INFO] [Deactivate] voxel=7064 span=1 sleep=7/8 waiting
[INFO] [Deactivate] voxel=7067 span=1 sleep=7/8 waiting
[INFO] [Deactivate] voxel=7068 span=1 sleep=7/8 waiting
[INFO] [Deactivate] voxel=7069 span=1 sleep=7/8 waiting
[INFO] [Deactivate] voxel=7070 span=1 sleep=7/8 waiting
[INFO] [Deactivate] voxel=7072 span=1 sleep=7/8 waiting
[INFO] [Deactivate] voxel=7073 span=1 sleep=7/8 waiting
[INFO] [Deactivate] voxel=7074 span=1 sleep=7/8 waiting
[INFO] [Deactivate] voxel=7075 span=1 sleep=7/8 waiting
[INFO] [Deactivate] voxel=7076 span=1 sleep=7/8 waiting
[INFO] [Deactivate] voxel=7077 span=1 sleep=7/8 waiting
[INFO] [Deactivate] voxel=7078 span=1 sleep=7/8 waiting
[INFO] [Deactivate] voxel=7079 span=1 sleep=7/8 waiting
[INFO] [Deactivate] voxel=7080 span=1 sleep=7/8 waiting
[INFO] [Deactivate] voxel=7097 span=1 sleep=7/8 waiting
[INFO] [Deactivate] voxel=7098 span=1 sleep=7/8 waiting
[INFO] [Deactivate] voxel=7103 span=1 sleep=7/8 waiting
[INFO] [Deactivate] voxel=7104 span=1 sleep=7/8 waiting
[INFO] [Deactivate] voxel=7107 span=1 sleep=7/8 waiting
[INFO] [Deactivate] voxel=7108 span=1 sleep=7/8 waiting
[INFO] [Deactivate] voxel=7109 span=1 sleep=7/8 waiting
[INFO] [Deactivate] voxel=7111 span=1 sleep=7/8 waiting
[INFO] [Deactivate] voxel=7132 span=1 sleep=7/8 waiting
[INFO] [Deactivate] voxel=7133 span=1 sleep=7/8 waiting
[INFO] [Deactivate] voxel=7140 span=1 sleep=7/8 waiting
[INFO] [Deactivate] voxel=7740 span=1 sleep=2/8 waiting
[INFO] [Deactivate] voxel=7747 span=1 sleep=5/8 waiting
[INFO] [Deactivate] voxel=7758 span=1 sleep=2/8 waiting
[INFO] [Deactivate] voxel=7759 span=1 sleep=2/8 waiting
[INFO] [Deactivate] voxel=7761 span=1 sleep=7/8 waiting
[INFO] [Deactivate] voxel=7845 span=1 sleep=7/8 waiting
[INFO] [Deactivate] voxel=7848 span=1 sleep=2/8 waiting
[INFO] [Deactivate] voxel=7862 span=1 sleep=7/8 waiting
[INFO] [Deactivate] voxel=7863 span=1 sleep=7/8 waiting
[INFO] [Deactivate] voxel=7864 span=1 sleep=7/8 waiting
[INFO] [Deactivate] voxel=7866 span=1 sleep=7/8 waiting
[INFO] [Deactivate] voxel=7867 span=1 sleep=2/8 waiting
[INFO] [Deactivate] voxel=7882 span=1 sleep=7/8 waiting
[INFO] [Deactivate] voxel=7884 span=1 sleep=7/8 waiting
[INFO] [Deactivate] voxel=7886 span=1 sleep=7/8 waiting
[INFO] [Deactivate] voxel=7888 span=1 sleep=3/8 waiting
[INFO] [Deactivate] voxel=7889 span=1 sleep=3/8 waiting
[INFO] [Deactivate] voxel=7890 span=1 sleep=2/8 waiting
[INFO] [Deactivate] voxel=7970 span=1 sleep=7/8 waiting
[INFO] [Deactivate] voxel=7971 span=1 sleep=7/8 waiting
[INFO] [Deactivate] voxel=7972 span=1 sleep=7/8 waiting
[INFO] [Deactivate] voxel=7973 span=1 sleep=7/8 waiting
[INFO] [Deactivate] voxel=7974 span=1 sleep=7/8 waiting
[INFO] [Deactivate] voxel=7975 span=1 sleep=7/8 waiting
[INFO] [Deactivate] voxel=7976 span=1 sleep=7/8 waiting
[INFO] [Deactivate] voxel=7977 span=1 sleep=7/8 waiting
[INFO] [Deactivate] voxel=7978 span=1 sleep=7/8 waiting
[INFO] [Deactivate] voxel=7979 span=1 sleep=7/8 waiting
[INFO] [Deactivate] voxel=7980 span=1 sleep=7/8 waiting
[INFO] [Deactivate] voxel=7981 span=1 sleep=7/8 waiting
[INFO] [Deactivate] voxel=7982 span=1 sleep=7/8 waiting
[INFO] [Deactivate] voxel=7983 span=1 sleep=7/8 waiting
[INFO] [Deactivate] voxel=7984 span=1 sleep=7/8 waiting
[INFO] [Deactivate] voxel=7985 span=1 sleep=7/8 waiting
[INFO] [Deactivate] voxel=7986 span=1 sleep=7/8 waiting
[INFO] [Deactivate] voxel=7987 span=1 sleep=7/8 waiting
[INFO] [Deactivate] voxel=7988 span=1 sleep=7/8 waiting
[INFO] [Deactivate] voxel=7989 span=1 sleep=7/8 waiting
[INFO] [Deactivate] voxel=7990 span=1 sleep=7/8 waiting
[INFO] [Deactivate] voxel=7991 span=1 sleep=7/8 waiting
[INFO] [Deactivate] voxel=7992 span=1 sleep=7/8 waiting
[INFO] [Deactivate] voxel=7993 span=1 sleep=7/8 waiting
[INFO] [Deactivate] voxel=7994 span=1 sleep=7/8 waiting
[INFO] [Deactivate] voxel=7995 span=1 sleep=7/8 waiting
[INFO] [Deactivate] voxel=7996 span=1 sleep=7/8 waiting
[INFO] [Deactivate] voxel=7997 span=1 sleep=7/8 waiting
[INFO] [Deactivate] voxel=7998 span=1 sleep=7/8 waiting
[INFO] [Deactivate] voxel=7999 span=1 sleep=7/8 waiting
[INFO] [Deactivate] voxel=8000 span=1 sleep=7/8 waiting
[INFO] [Deactivate] voxel=8001 span=1 sleep=7/8 waiting
[INFO] [Deactivate] voxel=8002 span=1 sleep=7/8 waiting
[INFO] [Deactivate] voxel=8003 span=1 sleep=7/8 waiting
[INFO] [Deactivate] voxel=8004 span=1 sleep=7/8 waiting
[INFO] [Deactivate] voxel=8005 span=1 sleep=7/8 waiting
[INFO] [Deactivate] voxel=8006 span=1 sleep=7/8 waiting
[INFO] [Deactivate] voxel=8007 span=1 sleep=7/8 waiting
[INFO] [Deactivate] voxel=8008 span=1 sleep=7/8 waiting
[INFO] [Deactivate] voxel=8009 span=1 sleep=7/8 waiting
[INFO] [Deactivate] voxel=8010 span=1 sleep=7/8 waiting
[INFO] [Deactivate] voxel=8011 span=1 sleep=7/8 waiting
[INFO] [Deactivate] voxel=8012 span=1 sleep=7/8 waiting
[INFO] [Deactivate] voxel=8013 span=1 sleep=2/8 waiting
[INFO] [Deactivate] voxel=8014 span=1 sleep=2/8 waiting
[INFO] [Deactivate] voxel=8015 span=1 sleep=2/8 waiting
[INFO] [Deactivate] voxel=8016 span=1 sleep=2/8 waiting
[INFO] [Deactivate] voxel=8017 span=1 sleep=2/8 waiting
[INFO] [Deactivate] voxel=8018 span=1 sleep=2/8 waiting
[INFO] [Deactivate] voxel=8019 span=1 sleep=1/8 waiting
[INFO] [Deactivate] voxel=8020 span=1 sleep=1/8 waiting
[INFO] [Deactivate] voxel=8021 span=1 sleep=1/8 waiting
[INFO] [Deactivate] voxel=8022 span=1 sleep=1/8 waiting
[INFO] [Deactivate] voxel=8023 span=1 sleep=1/8 waiting
[INFO] [Deactivate] voxel=8024 span=1 sleep=1/8 waiting
[INFO] VAO: [ID 23] Unloaded vertex array data from VRAM (GPU)
[INFO] VAO: [ID 24] Mesh uploaded successfully to VRAM (GPU)
[INFO] [Support] no-static-connection pos=(-9.19,2.78,9.79) bounds=(-19..-19,5..5,19..19)
[INFO] [Support] no-static-connection pos=(-8.70,2.78,9.76) bounds=(-18..-18,5..5,19..19)
[INFO] [Support] no-static-connection pos=(-9.21,3.26,9.76) bounds=(-19..-19,6..6,19..19)
[INFO] [Support] no-static-connection pos=(-9.16,2.82,10.29) bounds=(-19..-19,5..5,20..20)
[INFO] [RemoveVoxel] idx=8012 voxel_count_before=8025 moved_from=8024 voxel_count_after=8024
[INFO] [RemoveVoxel] idx=8011 voxel_count_before=8024 moved_from=8023 voxel_count_after=8023
[INFO] [RemoveVoxel] idx=8010 voxel_count_before=8023 moved_from=8022 voxel_count_after=8022
[INFO] [RemoveVoxel] idx=8009 voxel_count_before=8022 moved_from=8021 voxel_count_after=8021
[INFO] [RemoveVoxel] idx=8008 voxel_count_before=8021 moved_from=8020 voxel_count_after=8020
[INFO] [RemoveVoxel] idx=8007 voxel_count_before=8020 moved_from=8019 voxel_count_after=8019
[INFO] [RemoveVoxel] idx=8006 voxel_count_before=8019 moved_from=8018 voxel_count_after=8018
[INFO] [RemoveVoxel] idx=8005 voxel_count_before=8018 moved_from=8017 voxel_count_after=8017
[INFO] [RemoveVoxel] idx=8004 voxel_count_before=8017 moved_from=8016 voxel_count_after=8016
[INFO] [RemoveVoxel] idx=8003 voxel_count_before=8016 moved_from=8015 voxel_count_after=8015
[INFO] [RemoveVoxel] idx=8002 voxel_count_before=8015 moved_from=8014 voxel_count_after=8014
[INFO] [RemoveVoxel] idx=8001 voxel_count_before=8014 moved_from=8013 voxel_count_after=8013
[INFO] [RemoveVoxel] idx=8000 voxel_count_before=8013 moved_from=8012 voxel_count_after=8012
[INFO] [RemoveVoxel] idx=7999 voxel_count_before=8012 moved_from=8011 voxel_count_after=8011
[INFO] [RemoveVoxel] idx=7998 voxel_count_before=8011 moved_from=8010 voxel_count_after=8010
[INFO] [RemoveVoxel] idx=7997 voxel_count_before=8010 moved_from=8009 voxel_count_after=8009
[INFO] [RemoveVoxel] idx=7996 voxel_count_before=8009 moved_from=8008 voxel_count_after=8008
[INFO] [RemoveVoxel] idx=7995 voxel_count_before=8008 moved_from=8007 voxel_count_after=8007
[INFO] [RemoveVoxel] idx=7994 voxel_count_before=8007 moved_from=8006 voxel_count_after=8006
[INFO] [RemoveVoxel] idx=7993 voxel_count_before=8006 moved_from=8005 voxel_count_after=8005
[INFO] [RemoveVoxel] idx=7992 voxel_count_before=8005 moved_from=8004 voxel_count_after=8004
[INFO] [RemoveVoxel] idx=7991 voxel_count_before=8004 moved_from=8003 voxel_count_after=8003
[INFO] [RemoveVoxel] idx=7990 voxel_count_before=8003 moved_from=8002 voxel_count_after=8002
[INFO] [RemoveVoxel] idx=7989 voxel_count_before=8002 moved_from=8001 voxel_count_after=8001
[INFO] [RemoveVoxel] idx=7988 voxel_count_before=8001 moved_from=8000 voxel_count_after=8000
[INFO] [RemoveVoxel] idx=7987 voxel_count_before=8000 moved_from=7999 voxel_count_after=7999
[INFO] [RemoveVoxel] idx=7986 voxel_count_before=7999 moved_from=7998 voxel_count_after=7998
[INFO] [RemoveVoxel] idx=7985 voxel_count_before=7998 moved_from=7997 voxel_count_after=7997
[INFO] [RemoveVoxel] idx=7984 voxel_count_before=7997 moved_from=7996 voxel_count_after=7996
[INFO] [RemoveVoxel] idx=7983 voxel_count_before=7996 moved_from=7995 voxel_count_after=7995
[INFO] [RemoveVoxel] idx=7982 voxel_count_before=7995 moved_from=7994 voxel_count_after=7994
[INFO] [RemoveVoxel] idx=7981 voxel_count_before=7994 moved_from=7993 voxel_count_after=7993
[INFO] [RemoveVoxel] idx=7980 voxel_count_before=7993 moved_from=7992 voxel_count_after=7992
[INFO] [RemoveVoxel] idx=7979 voxel_count_before=7992 moved_from=7991 voxel_count_after=7991
[INFO] [RemoveVoxel] idx=7978 voxel_count_before=7991 moved_from=7990 voxel_count_after=7990
[INFO] [RemoveVoxel] idx=7977 voxel_count_before=7990 moved_from=7989 voxel_count_after=7989
[INFO] [RemoveVoxel] idx=7976 voxel_count_before=7989 moved_from=7988 voxel_count_after=7988
[INFO] [RemoveVoxel] idx=7975 voxel_count_before=7988 moved_from=7987 voxel_count_after=7987
[INFO] [RemoveVoxel] idx=7974 voxel_count_before=7987 moved_from=7986 voxel_count_after=7986
[INFO] [RemoveVoxel] idx=7973 voxel_count_before=7986 moved_from=7985 voxel_count_after=7985
[INFO] [RemoveVoxel] idx=7972 voxel_count_before=7985 moved_from=7984 voxel_count_after=7984
[INFO] [RemoveVoxel] idx=7971 voxel_count_before=7984 moved_from=7983 voxel_count_after=7983
[INFO] [RemoveVoxel] idx=7970 voxel_count_before=7983 moved_from=7982 voxel_count_after=7982
[INFO] [RemoveVoxel] idx=7886 voxel_count_before=7982 moved_from=7981 voxel_count_after=7981
[INFO] [RemoveVoxel] idx=7884 voxel_count_before=7981 moved_from=7980 voxel_count_after=7980
[INFO] [RemoveVoxel] idx=7882 voxel_count_before=7980 moved_from=7979 voxel_count_after=7979
[INFO] [RemoveVoxel] idx=7866 voxel_count_before=7979 moved_from=7978 voxel_count_after=7978
[INFO] [RemoveVoxel] idx=7864 voxel_count_before=7978 moved_from=7977 voxel_count_after=7977
[INFO] [RemoveVoxel] idx=7863 voxel_count_before=7977 moved_from=7976 voxel_count_after=7976
[INFO] [RemoveVoxel] idx=7862 voxel_count_before=7976 moved_from=7975 voxel_count_after=7975
[INFO] [RemoveVoxel] idx=7845 voxel_count_before=7975 moved_from=7974 voxel_count_after=7974
[INFO] [RemoveVoxel] idx=7761 voxel_count_before=7974 moved_from=7973 voxel_count_after=7973
[INFO] [RemoveVoxel] idx=7140 voxel_count_before=7973 moved_from=7972 voxel_count_after=7972
[INFO] [RemoveVoxel] idx=7133 voxel_count_before=7972 moved_from=7971 voxel_count_after=7971
[INFO] [RemoveVoxel] idx=7132 voxel_count_before=7971 moved_from=7970 voxel_count_after=7970
[INFO] [RemoveVoxel] idx=7111 voxel_count_before=7970 moved_from=7969 voxel_count_after=7969
[INFO] [RemoveVoxel] idx=7109 voxel_count_before=7969 moved_from=7968 voxel_count_after=7968
[INFO] [RemoveVoxel] idx=7108 voxel_count_before=7968 moved_from=7967 voxel_count_after=7967
[INFO] [RemoveVoxel] idx=7107 voxel_count_before=7967 moved_from=7966 voxel_count_after=7966
[INFO] [RemoveVoxel] idx=7104 voxel_count_before=7966 moved_from=7965 voxel_count_after=7965
[INFO] [RemoveVoxel] idx=7103 voxel_count_before=7965 moved_from=7964 voxel_count_after=7964
[INFO] [RemoveVoxel] idx=7098 voxel_count_before=7964 moved_from=7963 voxel_count_after=7963
[INFO] [RemoveVoxel] idx=7097 voxel_count_before=7963 moved_from=7962 voxel_count_after=7962
[INFO] [RemoveVoxel] idx=7080 voxel_count_before=7962 moved_from=7961 voxel_count_after=7961
[INFO] [RemoveVoxel] idx=7079 voxel_count_before=7961 moved_from=7960 voxel_count_after=7960
[INFO] [RemoveVoxel] idx=7078 voxel_count_before=7960 moved_from=7959 voxel_count_after=7959
[INFO] [RemoveVoxel] idx=7077 voxel_count_before=7959 moved_from=7958 voxel_count_after=7958
[INFO] [RemoveVoxel] idx=7076 voxel_count_before=7958 moved_from=7957 voxel_count_after=7957
[INFO] [RemoveVoxel] idx=7075 voxel_count_before=7957 moved_from=7956 voxel_count_after=7956
[INFO] [RemoveVoxel] idx=7074 voxel_count_before=7956 moved_from=7955 voxel_count_after=7955
[INFO] [RemoveVoxel] idx=7073 voxel_count_before=7955 moved_from=7954 voxel_count_after=7954
[INFO] [RemoveVoxel] idx=7072 voxel_count_before=7954 moved_from=7953 voxel_count_after=7953
[INFO] [RemoveVoxel] idx=7070 voxel_count_before=7953 moved_from=7952 voxel_count_after=7952
[INFO] [RemoveVoxel] idx=7069 voxel_count_before=7952 moved_from=7951 voxel_count_after=7951
[INFO] [RemoveVoxel] idx=7068 voxel_count_before=7951 moved_from=7950 voxel_count_after=7950
[INFO] [RemoveVoxel] idx=7067 voxel_count_before=7950 moved_from=7949 voxel_count_after=7949
[INFO] [RemoveVoxel] idx=7064 voxel_count_before=7949 moved_from=7948 voxel_count_after=7948
[INFO] [RemoveVoxel] idx=7063 voxel_count_before=7948 moved_from=7947 voxel_count_after=7947
[INFO] [RemoveVoxel] idx=7062 voxel_count_before=7947 moved_from=7946 voxel_count_after=7946
[INFO] [RemoveVoxel] idx=7061 voxel_count_before=7946 moved_from=7945 voxel_count_after=7945
[INFO] [RemoveVoxel] idx=7052 voxel_count_before=7945 moved_from=7944 voxel_count_after=7944
[INFO] [RemoveVoxel] idx=7042 voxel_count_before=7944 moved_from=7943 voxel_count_after=7943
[INFO] [RemoveVoxel] idx=7041 voxel_count_before=7943 moved_from=7942 voxel_count_after=7942
[INFO] [RemoveVoxel] idx=7037 voxel_count_before=7942 moved_from=7941 voxel_count_after=7941
[INFO] [RemoveVoxel] idx=7035 voxel_count_before=7941 moved_from=7940 voxel_count_after=7940
[INFO] [RemoveVoxel] idx=7034 voxel_count_before=7940 moved_from=7939 voxel_count_after=7939
[INFO] [RemoveVoxel] idx=7033 voxel_count_before=7939 moved_from=7938 voxel_count_after=7938
[INFO] [RemoveVoxel] idx=7032 voxel_count_before=7938 moved_from=7937 voxel_count_after=7937
[INFO] [RemoveVoxel] idx=7029 voxel_count_before=7937 moved_from=7936 voxel_count_after=7936
[INFO] [RemoveVoxel] idx=7028 voxel_count_before=7936 moved_from=7935 voxel_count_after=7935
[INFO] [RemoveVoxel] idx=7012 voxel_count_before=7935 moved_from=7934 voxel_count_after=7934
[INFO] [RemoveVoxel] idx=7006 voxel_count_before=7934 moved_from=7933 voxel_count_after=7933
[INFO] [RemoveVoxel] idx=7005 voxel_count_before=7933 moved_from=7932 voxel_count_after=7932
[INFO] [RemoveVoxel] idx=7003 voxel_count_before=7932 moved_from=7931 voxel_count_after=7931
[INFO] [RemoveVoxel] idx=6983 voxel_count_before=7931 moved_from=7930 voxel_count_after=7930
[INFO] [RemoveVoxel] idx=6979 voxel_count_before=7930 moved_from=7929 voxel_count_after=7929
[INFO] [RemoveVoxel] idx=6976 voxel_count_before=7929 moved_from=7928 voxel_count_after=7928
[INFO] [RemoveVoxel] idx=6975 voxel_count_before=7928 moved_from=7927 voxel_count_after=7927
[INFO] [RemoveVoxel] idx=6974 voxel_count_before=7927 moved_from=7926 voxel_count_after=7926
[INFO] [RemoveVoxel] idx=6970 voxel_count_before=7926 moved_from=7925 voxel_count_after=7925
[INFO] [RemoveVoxel] idx=6953 voxel_count_before=7925 moved_from=7924 voxel_count_after=7924
[INFO] [RemoveVoxel] idx=6952 voxel_count_before=7924 moved_from=7923 voxel_count_after=7923
[INFO] [RemoveVoxel] idx=6951 voxel_count_before=7923 moved_from=7922 voxel_count_after=7922
[INFO] [RemoveVoxel] idx=6947 voxel_count_before=7922 moved_from=7921 voxel_count_after=7921
[INFO] [RemoveVoxel] idx=6946 voxel_count_before=7921 moved_from=7920 voxel_count_after=7920
[INFO] [RemoveVoxel] idx=6945 voxel_count_before=7920 moved_from=7919 voxel_count_after=7919
[INFO] [RemoveVoxel] idx=6923 voxel_count_before=7919 moved_from=7918 voxel_count_after=7918
[INFO] [RemoveVoxel] idx=7939 voxel_count_before=7985 moved_from=7984 voxel_count_after=7984
[INFO] [RestoreCluster] count=107 voxel_count before=8025 after_removal=7918 after_restore=8024 static_success=107
[INFO] [Deactivate] restored cluster starting=6923 count=107 remaining_budget_before=128
[INFO] [Deactivate] voxel=7132 span=1 sleep=3/8 waiting
[INFO] [Deactivate] voxel=7133 span=1 sleep=2/8 waiting
[INFO] [Deactivate] voxel=7140 span=1 sleep=2/8 waiting
[INFO] [Deactivate] voxel=7740 span=1 sleep=3/8 waiting
[INFO] [Deactivate] voxel=7747 span=1 sleep=6/8 waiting
[INFO] [Deactivate] voxel=7758 span=1 sleep=3/8 waiting
[INFO] [Deactivate] voxel=7759 span=1 sleep=3/8 waiting
[INFO] [Deactivate] voxel=7761 span=1 sleep=2/8 waiting
[INFO] [Deactivate] voxel=7845 span=1 sleep=2/8 waiting
[INFO] [Deactivate] voxel=7848 span=1 sleep=3/8 waiting
[INFO] [Deactivate] voxel=7862 span=1 sleep=2/8 waiting
[INFO] [Deactivate] voxel=7863 span=1 sleep=2/8 waiting
[INFO] [Deactivate] voxel=7864 span=1 sleep=3/8 waiting
[INFO] [Deactivate] voxel=7866 span=1 sleep=3/8 waiting
[INFO] [Deactivate] voxel=7867 span=1 sleep=3/8 waiting
[INFO] [Deactivate] voxel=7882 span=1 sleep=3/8 waiting
[INFO] [Deactivate] voxel=7884 span=1 sleep=3/8 waiting
[INFO] [Deactivate] voxel=7886 span=1 sleep=3/8 waiting
[INFO] [Deactivate] voxel=7888 span=1 sleep=4/8 waiting
[INFO] [Deactivate] voxel=7889 span=1 sleep=4/8 waiting
[INFO] [Deactivate] voxel=7890 span=1 sleep=3/8 waiting
[INFO] VAO: [ID 24] Unloaded vertex array data from VRAM (GPU)
[INFO] VAO: [ID 25] Mesh uploaded successfully to VRAM (GPU)
[INFO] [Deactivate] voxel=7132 span=1 sleep=4/8 waiting
[INFO] [Deactivate] voxel=7133 span=1 sleep=3/8 waiting
[INFO] [Deactivate] voxel=7140 span=1 sleep=3/8 waiting
[INFO] [Deactivate] voxel=7740 span=1 sleep=4/8 waiting
[INFO] [Deactivate] voxel=7747 span=1 sleep=7/8 waiting
[INFO] [Deactivate] voxel=7758 span=1 sleep=4/8 waiting
[INFO] [Deactivate] voxel=7759 span=1 sleep=4/8 waiting
[INFO] [Deactivate] voxel=7761 span=1 sleep=3/8 waiting
[INFO] [Deactivate] voxel=7845 span=1 sleep=3/8 waiting
[INFO] [Deactivate] voxel=7848 span=1 sleep=4/8 waiting
[INFO] [Deactivate] voxel=7862 span=1 sleep=3/8 waiting
[INFO] [Deactivate] voxel=7863 span=1 sleep=3/8 waiting
[INFO] [Deactivate] voxel=7864 span=1 sleep=4/8 waiting
[INFO] [Deactivate] voxel=7866 span=1 sleep=4/8 waiting
[INFO] [Deactivate] voxel=7867 span=1 sleep=4/8 waiting
[INFO] [Deactivate] voxel=7882 span=1 sleep=4/8 waiting
[INFO] [Deactivate] voxel=7884 span=1 sleep=4/8 waiting
[INFO] [Deactivate] voxel=7886 span=1 sleep=4/8 waiting
[INFO] [Deactivate] voxel=7888 span=1 sleep=5/8 waiting
[INFO] [Deactivate] voxel=7889 span=1 sleep=5/8 waiting
[INFO] [Deactivate] voxel=7890 span=1 sleep=4/8 waiting
[INFO] [RemoveVoxel] idx=7820 voxel_count_before=8025 moved_from=8024 voxel_count_after=8024
[INFO] [Multiscale] Emit span=1 grid=(-2..-2,4..4,-5..-5) pos=(-0.75,2.25,-2.25)
[INFO] [Multiscale] Converted 1 unit voxels into 1 span clusters
[INFO] [Activation] static->dynamic units=1 spawned=1 base=8024 after=8025
[INFO] [RemoveVoxel] idx=8024 voxel_count_before=8025 moved_from=-1 voxel_count_after=8024
[INFO] [RemoveVoxel] idx=7890 voxel_count_before=8024 moved_from=8023 voxel_count_after=8023
[INFO] [RemoveVoxel] idx=7889 voxel_count_before=8023 moved_from=8022 voxel_count_after=8022
[INFO] [RemoveVoxel] idx=7888 voxel_count_before=8022 moved_from=8021 voxel_count_after=8021
[INFO] [RemoveVoxel] idx=7886 voxel_count_before=8021 moved_from=8020 voxel_count_after=8020
[INFO] [RemoveVoxel] idx=7884 voxel_count_before=8020 moved_from=8019 voxel_count_after=8019
[INFO] [RemoveVoxel] idx=7882 voxel_count_before=8019 moved_from=8018 voxel_count_after=8018
[INFO] [RemoveVoxel] idx=7867 voxel_count_before=8018 moved_from=8017 voxel_count_after=8017
[INFO] [RemoveVoxel] idx=7866 voxel_count_before=8017 moved_from=8016 voxel_count_after=8016
[INFO] [RemoveVoxel] idx=7864 voxel_count_before=8016 moved_from=8015 voxel_count_after=8015
[INFO] [RemoveVoxel] idx=7863 voxel_count_before=8015 moved_from=8014 voxel_count_after=8014
[INFO] [RemoveVoxel] idx=7862 voxel_count_before=8014 moved_from=8013 voxel_count_after=8013
[INFO] [RemoveVoxel] idx=7848 voxel_count_before=8013 moved_from=8012 voxel_count_after=8012
[INFO] [RemoveVoxel] idx=7845 voxel_count_before=8012 moved_from=8011 voxel_count_after=8011
[INFO] [RemoveVoxel] idx=7761 voxel_count_before=8011 moved_from=8010 voxel_count_after=8010
[INFO] [RemoveVoxel] idx=7759 voxel_count_before=8010 moved_from=8009 voxel_count_after=8009
[INFO] [RemoveVoxel] idx=7758 voxel_count_before=8009 moved_from=8008 voxel_count_after=8008
[INFO] [RemoveVoxel] idx=7747 voxel_count_before=8008 moved_from=8007 voxel_count_after=8007
[INFO] [RemoveVoxel] idx=7740 voxel_count_before=8007 moved_from=8006 voxel_count_after=8006
[INFO] [RemoveVoxel] idx=7140 voxel_count_before=8006 moved_from=8005 voxel_count_after=8005
[INFO] [RemoveVoxel] idx=7133 voxel_count_before=8005 moved_from=8004 voxel_count_after=8004
[INFO] [RemoveVoxel] idx=7132 voxel_count_before=8004 moved_from=8003 voxel_count_after=8003
[INFO] [Multiscale] Emit span=2 grid=(-5..-4,2..3,-5..-4) pos=(-2.00,1.50,-2.00)
[INFO] [Multiscale] Emit span=2 grid=(-5..-4,4..5,-5..-4) pos=(-2.00,2.50,-2.00)
[INFO] [Multiscale] Emit span=1 grid=(-3..-3,4..4,-5..-5) pos=(-1.25,2.25,-2.25)
[INFO] [Multiscale] Emit span=1 grid=(-2..-2,4..4,-5..-5) pos=(-0.75,2.25,-2.25)
[INFO] [Multiscale] Emit span=1 grid=(-3..-3,4..4,-4..-4) pos=(-1.25,2.25,-1.75)
[INFO] [Multiscale] Emit span=1 grid=(-5..-5,4..4,-3..-3) pos=(-2.25,2.25,-1.25)
[INFO] [Multiscale] Emit span=1 grid=(-4..-4,4..4,-3..-3) pos=(-1.75,2.25,-1.25)
[INFO] [Multiscale] Emit span=1 grid=(-3..-3,4..4,-3..-3) pos=(-1.25,2.25,-1.25)
[INFO] [Multiscale] Converted 22 unit voxels into 8 span clusters
[INFO] [Deactivate] voxel=8003 span=2 sleep=1/8 waiting
[INFO] [Deactivate] voxel=8004 span=2 sleep=1/8 waiting
[INFO] [Deactivate] voxel=8005 span=1 sleep=1/8 waiting
[INFO] [Deactivate] voxel=8006 span=1 sleep=1/8 waiting
[INFO] [Deactivate] voxel=8007 span=1 sleep=1/8 waiting
[INFO] [Deactivate] voxel=8008 span=1 sleep=1/8 waiting
[INFO] [Deactivate] voxel=8009 span=1 sleep=1/8 waiting
[INFO] [Deactivate] voxel=8010 span=1 sleep=1/8 waiting
[INFO] VAO: [ID 25] Unloaded vertex array data from VRAM (GPU)
[INFO] VAO: [ID 26] Mesh uploaded successfully to VRAM (GPU)
[INFO] [RemoveVoxel] idx=7911 voxel_count_before=8012 moved_from=8011 voxel_count_after=8011
[INFO] [RemoveVoxel] idx=7076 voxel_count_before=8011 moved_from=8010 voxel_count_after=8010
[INFO] [RemoveVoxel] idx=7075 voxel_count_before=8010 moved_from=8009 voxel_count_after=8009
[INFO] [RemoveVoxel] idx=7012 voxel_count_before=8009 moved_from=8008 voxel_count_after=8008
[INFO] [Multiscale] Emit span=1 grid=(-3..-3,3..3,-1..-1) pos=(-1.25,1.75,-0.25)
[INFO] [Multiscale] Emit span=1 grid=(-3..-3,3..3,0..0) pos=(-1.25,1.75,0.25)
[INFO] [Multiscale] Emit span=1 grid=(-4..-4,4..4,0..0) pos=(-1.75,2.25,0.25)
[INFO] [Multiscale] Emit span=1 grid=(-3..-3,3..3,1..1) pos=(-1.25,1.75,0.75)
[INFO] [Multiscale] Converted 4 unit voxels into 4 span clusters
[INFO] [Activation] static->dynamic units=4 spawned=4 base=8008 after=8012
[INFO] [RemoveVoxel] idx=8011 voxel_count_before=8012 moved_from=-1 voxel_count_after=8011
[INFO] [RemoveVoxel] idx=8009 voxel_count_before=8011 moved_from=8010 voxel_count_after=8010
[INFO] [RemoveVoxel] idx=8008 voxel_count_before=8010 moved_from=8009 voxel_count_after=8009
[INFO] [Multiscale] Emit span=1 grid=(-3..-3,3..3,-1..-1) pos=(-1.25,1.75,-0.25)
[INFO] [Multiscale] Emit span=1 grid=(-3..-3,3..3,0..0) pos=(-1.25,1.75,0.25)
[INFO] [Multiscale] Emit span=1 grid=(-3..-3,3..3,1..1) pos=(-1.25,1.75,0.75)
[INFO] [Multiscale] Converted 3 unit voxels into 3 span clusters
[INFO] [Deactivate] voxel=7012 span=1 sleep=2/8 waiting
[INFO] [Deactivate] voxel=7075 span=1 sleep=2/8 waiting
[INFO] [Deactivate] voxel=7076 span=1 sleep=2/8 waiting
[INFO] [Deactivate] voxel=8003 span=2 sleep=2/8 waiting
[INFO] [Deactivate] voxel=8004 span=2 sleep=2/8 waiting
[INFO] [Deactivate] voxel=8005 span=1 sleep=2/8 waiting
[INFO] [Deactivate] voxel=8006 span=1 sleep=2/8 waiting
[INFO] [Deactivate] voxel=8007 span=1 sleep=2/8 waiting
[INFO] [Deactivate] voxel=8008 span=1 sleep=1/8 waiting
[INFO] [Deactivate] voxel=8009 span=1 sleep=1/8 waiting
[INFO] [Deactivate] voxel=8010 span=1 sleep=1/8 waiting
[INFO] [Deactivate] voxel=8011 span=1 sleep=1/8 waiting
[INFO] VAO: [ID 26] Unloaded vertex array data from VRAM (GPU)
[INFO] VAO: [ID 27] Mesh uploaded successfully to VRAM (GPU)
[INFO] [RemoveVoxel] idx=7917 voxel_count_before=8012 moved_from=8011 voxel_count_after=8011
[INFO] [RemoveVoxel] idx=7912 voxel_count_before=8011 moved_from=8010 voxel_count_after=8010
[INFO] [RemoveVoxel] idx=7910 voxel_count_before=8010 moved_from=8009 voxel_count_after=8009
[INFO] [RemoveVoxel] idx=7907 voxel_count_before=8009 moved_from=8008 voxel_count_after=8008
[INFO] [RemoveVoxel] idx=7895 voxel_count_before=8008 moved_from=8007 voxel_count_after=8007
[INFO] [RemoveVoxel] idx=7891 voxel_count_before=8007 moved_from=8006 voxel_count_after=8006
[INFO] [RemoveVoxel] idx=7887 voxel_count_before=8006 moved_from=8005 voxel_count_after=8005
[INFO] [RemoveVoxel] idx=7873 voxel_count_before=8005 moved_from=8004 voxel_count_after=8004
[INFO] [RemoveVoxel] idx=7870 voxel_count_before=8004 moved_from=8003 voxel_count_after=8003
[INFO] [RemoveVoxel] idx=7869 voxel_count_before=8003 moved_from=8002 voxel_count_after=8002
[INFO] [RemoveVoxel] idx=7865 voxel_count_before=8002 moved_from=8001 voxel_count_after=8001
[INFO] [RemoveVoxel] idx=7851 voxel_count_before=8001 moved_from=8000 voxel_count_after=8000
[INFO] [RemoveVoxel] idx=7847 voxel_count_before=8000 moved_from=7999 voxel_count_after=7999
[INFO] [RemoveVoxel] idx=7846 voxel_count_before=7999 moved_from=7998 voxel_count_after=7998
[INFO] [RemoveVoxel] idx=7827 voxel_count_before=7998 moved_from=7997 voxel_count_after=7997
[INFO] [RemoveVoxel] idx=7826 voxel_count_before=7997 moved_from=7996 voxel_count_after=7996
[INFO] [RemoveVoxel] idx=7825 voxel_count_before=7996 moved_from=7995 voxel_count_after=7995
[INFO] [RemoveVoxel] idx=7824 voxel_count_before=7995 moved_from=7994 voxel_count_after=7994
[INFO] [RemoveVoxel] idx=7822 voxel_count_before=7994 moved_from=7993 voxel_count_after=7993
[INFO] [RemoveVoxel] idx=7074 voxel_count_before=7993 moved_from=7992 voxel_count_after=7992
[INFO] [RemoveVoxel] idx=7037 voxel_count_before=7992 moved_from=7991 voxel_count_after=7991
[INFO] [RemoveVoxel] idx=7034 voxel_count_before=7991 moved_from=7990 voxel_count_after=7990
[INFO] [RemoveVoxel] idx=7011 voxel_count_before=7990 moved_from=7989 voxel_count_after=7989
[INFO] [RemoveVoxel] idx=7006 voxel_count_before=7989 moved_from=7988 voxel_count_after=7988
[INFO] [RemoveVoxel] idx=7005 voxel_count_before=7988 moved_from=7987 voxel_count_after=7987
[INFO] [RemoveVoxel] idx=7003 voxel_count_before=7987 moved_from=7986 voxel_count_after=7986
[INFO] [RemoveVoxel] idx=6963 voxel_count_before=7986 moved_from=7985 voxel_count_after=7985
[INFO] [RemoveVoxel] idx=6962 voxel_count_before=7985 moved_from=7984 voxel_count_after=7984
[INFO] [Multiscale] Emit span=1 grid=(-1..-1,4..4,-5..-5) pos=(-0.25,2.25,-2.25)
[INFO] [Multiscale] Emit span=1 grid=(-3..-3,5..5,-5..-5) pos=(-1.25,2.75,-2.25)
[INFO] [Multiscale] Emit span=1 grid=(-2..-2,5..5,-5..-5) pos=(-0.75,2.75,-2.25)
[INFO] [Multiscale] Emit span=1 grid=(-2..-2,4..4,-4..-4) pos=(-0.75,2.25,-1.75)
[INFO] [Multiscale] Emit span=1 grid=(-1..-1,4..4,-4..-4) pos=(-0.25,2.25,-1.75)
[INFO] [Multiscale] Emit span=1 grid=(-3..-3,5..5,-4..-4) pos=(-1.25,2.75,-1.75)
[INFO] [Multiscale] Emit span=1 grid=(-2..-2,5..5,-4..-4) pos=(-0.75,2.75,-1.75)
[INFO] [Multiscale] Emit span=1 grid=(-2..-2,4..4,-3..-3) pos=(-0.75,2.25,-1.25)
[INFO] [Multiscale] Emit span=1 grid=(-1..-1,4..4,-3..-3) pos=(-0.25,2.25,-1.25)
[INFO] [Multiscale] Emit span=1 grid=(-3..-3,5..5,-3..-3) pos=(-1.25,2.75,-1.25)
[INFO] [Multiscale] Emit span=1 grid=(-2..-2,5..5,-3..-3) pos=(-0.75,2.75,-1.25)
[INFO] [Multiscale] Emit span=1 grid=(-2..-2,3..3,-2..-2) pos=(-0.75,1.75,-0.75)
[INFO] [Multiscale] Emit span=1 grid=(-5..-5,4..4,-2..-2) pos=(-2.25,2.25,-0.75)
[INFO] [Multiscale] Emit span=1 grid=(-4..-4,4..4,-2..-2) pos=(-1.75,2.25,-0.75)
[INFO] [Multiscale] Emit span=1 grid=(-3..-3,4..4,-2..-2) pos=(-1.25,2.25,-0.75)
[INFO] [Multiscale] Emit span=1 grid=(-2..-2,4..4,-2..-2) pos=(-0.75,2.25,-0.75)
[INFO] [Multiscale] Emit span=1 grid=(-5..-5,5..5,-2..-2) pos=(-2.25,2.75,-0.75)
[INFO] [Multiscale] Emit span=1 grid=(-4..-4,5..5,-2..-2) pos=(-1.75,2.75,-0.75)
[INFO] [Multiscale] Emit span=1 grid=(-5..-5,4..4,-1..-1) pos=(-2.25,2.25,-0.25)
[INFO] [Multiscale] Emit span=1 grid=(-4..-4,4..4,-1..-1) pos=(-1.75,2.25,-0.25)
[INFO] [Multiscale] Emit span=1 grid=(-3..-3,4..4,-1..-1) pos=(-1.25,2.25,-0.25)
[INFO] [Multiscale] Emit span=1 grid=(-2..-2,3..3,0..0) pos=(-0.75,1.75,0.25)
[INFO] [Multiscale] Emit span=1 grid=(-5..-5,4..4,0..0) pos=(-2.25,2.25,0.25)
[INFO] [Multiscale] Emit span=1 grid=(-3..-3,4..4,0..0) pos=(-1.25,2.25,0.25)
[INFO] [Multiscale] Emit span=1 grid=(-4..-4,5..5,0..0) pos=(-1.75,2.75,0.25)
[INFO] [Multiscale] Emit span=1 grid=(-5..-5,4..4,1..1) pos=(-2.25,2.25,0.75)
[INFO] [Multiscale] Emit span=1 grid=(-4..-4,4..4,1..1) pos=(-1.75,2.25,0.75)
[INFO] [Multiscale] Emit span=1 grid=(-3..-3,4..4,1..1) pos=(-1.25,2.25,0.75)
[INFO] [Multiscale] Converted 28 unit voxels into 28 span clusters
[INFO] [Activation] static->dynamic units=28 spawned=28 base=7984 after=8012
[INFO] [Activation] glue build mismatch pair=(7873,7985) spans=(2,1) dir=(1,0,0) rawUV=(0.500,0.000) uv=(0.500,0.000) weights=(0.500,0.500,0.000,0.000) coarseCenter=(-2.01,2.49,-2.00) fineCenter=(-1.25,2.75,-2.25)
[INFO] [Activation] glue build mismatch pair=(7873,7985) spans=(2,1) dir=(1,0,0) rawUV=(1.000,0.000) uv=(1.000,0.000) weights=(0.000,1.000,0.000,0.000) coarseCenter=(-2.01,2.49,-2.00) fineCenter=(-1.25,2.75,-2.25)
[INFO] [Activation] glue build mismatch pair=(7873,7985) spans=(2,1) dir=(1,0,0) rawUV=(0.500,0.500) uv=(0.500,0.500) weights=(0.250,0.250,0.250,0.250) coarseCenter=(-2.01,2.49,-2.00) fineCenter=(-1.25,2.75,-2.25)
[INFO] [Activation] glue build mismatch pair=(7873,7985) spans=(2,1) dir=(1,0,0) rawUV=(1.000,0.500) uv=(1.000,0.500) weights=(0.000,0.500,0.000,0.500) coarseCenter=(-2.01,2.49,-2.00) fineCenter=(-1.25,2.75,-2.25)
[INFO] [Activation] glue build mismatch pair=(7873,7989) spans=(2,1) dir=(1,0,0) rawUV=(0.500,0.500) uv=(0.500,0.500) weights=(0.250,0.250,0.250,0.250) coarseCenter=(-2.01,2.49,-2.00) fineCenter=(-1.25,2.75,-1.75)
[INFO] [Activation] glue build mismatch pair=(7873,7989) spans=(2,1) dir=(1,0,0) rawUV=(1.000,0.500) uv=(1.000,0.500) weights=(0.000,0.500,0.000,0.500) coarseCenter=(-2.01,2.49,-2.00) fineCenter=(-1.25,2.75,-1.75)
[INFO] [Activation] glue build mismatch pair=(7873,7989) spans=(2,1) dir=(1,0,0) rawUV=(0.500,1.000) uv=(0.500,1.000) weights=(0.000,0.000,0.500,0.500) coarseCenter=(-2.01,2.49,-2.00) fineCenter=(-1.25,2.75,-1.75)
[INFO] [Activation] glue build mismatch pair=(7873,7989) spans=(2,1) dir=(1,0,0) rawUV=(1.000,1.000) uv=(1.000,1.000) weights=(0.000,0.000,0.000,1.000) coarseCenter=(-2.01,2.49,-2.00) fineCenter=(-1.25,2.75,-1.75)
[INFO] [Activation] glue build mismatch pair=(7873,7993) spans=(2,1) dir=(1,0,0) rawUV=(0.500,1.000) uv=(0.500,1.000) weights=(0.000,0.000,0.500,0.500) coarseCenter=(-2.01,2.49,-2.00) fineCenter=(-1.25,2.75,-1.25)
[INFO] [Activation] glue build mismatch pair=(7873,7993) spans=(2,1) dir=(1,0,0) rawUV=(1.000,1.000) uv=(1.000,1.000) weights=(0.000,0.000,0.000,1.000) coarseCenter=(-2.01,2.49,-2.00) fineCenter=(-1.25,2.75,-1.25)
[INFO] [Activation] glue build mismatch pair=(7873,7993) spans=(2,1) dir=(1,0,0) rawUV=(0.500,1.500) uv=(0.500,1.000) weights=(0.000,0.000,0.500,0.500) coarseCenter=(-2.01,2.49,-2.00) fineCenter=(-1.25,2.75,-1.25)
[INFO] [Activation] glue build mismatch pair=(7873,7993) spans=(2,1) dir=(1,0,0) rawUV=(1.000,1.500) uv=(1.000,1.000) weights=(0.000,0.000,0.000,1.000) coarseCenter=(-2.01,2.49,-2.00) fineCenter=(-1.25,2.75,-1.25)
[INFO] [Activation] glue build mismatch pair=(7873,7996) spans=(2,1) dir=(0,0,1) rawUV=(0.000,0.000) uv=(0.000,0.000) weights=(1.000,0.000,0.000,0.000) coarseCenter=(-2.01,2.49,-2.00) fineCenter=(-2.25,2.25,-0.75)
[INFO] [Activation] glue build mismatch pair=(7873,7996) spans=(2,1) dir=(0,0,1) rawUV=(0.500,0.000) uv=(0.500,0.000) weights=(0.500,0.500,0.000,0.000) coarseCenter=(-2.01,2.49,-2.00) fineCenter=(-2.25,2.25,-0.75)
[INFO] [Activation] glue build mismatch pair=(7873,7996) spans=(2,1) dir=(0,0,1) rawUV=(0.000,0.500) uv=(0.000,0.500) weights=(0.500,0.000,0.500,0.000) coarseCenter=(-2.01,2.49,-2.00) fineCenter=(-2.25,2.25,-0.75)
[INFO] [Activation] glue build mismatch pair=(7873,7996) spans=(2,1) dir=(0,0,1) rawUV=(0.500,0.500) uv=(0.500,0.500) weights=(0.250,0.250,0.250,0.250) coarseCenter=(-2.01,2.49,-2.00) fineCenter=(-2.25,2.25,-0.75)
[INFO] [Activation] glue build mismatch pair=(7873,8000) spans=(2,1) dir=(0,0,1) rawUV=(0.000,0.500) uv=(0.000,0.500) weights=(0.500,0.000,0.500,0.000) coarseCenter=(-2.01,2.49,-2.00) fineCenter=(-2.25,2.75,-0.75)
[INFO] [Activation] glue build mismatch pair=(7873,8000) spans=(2,1) dir=(0,0,1) rawUV=(0.500,0.500) uv=(0.500,0.500) weights=(0.250,0.250,0.250,0.250) coarseCenter=(-2.01,2.49,-2.00) fineCenter=(-2.25,2.75,-0.75)
[INFO] [Activation] glue build mismatch pair=(7873,8000) spans=(2,1) dir=(0,0,1) rawUV=(0.000,1.000) uv=(0.000,1.000) weights=(0.000,0.000,1.000,0.000) coarseCenter=(-2.01,2.49,-2.00) fineCenter=(-2.25,2.75,-0.75)
[INFO] [Activation] glue build mismatch pair=(7873,8000) spans=(2,1) dir=(0,0,1) rawUV=(0.500,1.000) uv=(0.500,1.000) weights=(0.000,0.000,0.500,0.500) coarseCenter=(-2.01,2.49,-2.00) fineCenter=(-2.25,2.75,-0.75)
[INFO] [Activation] glue build mismatch pair=(7873,7997) spans=(2,1) dir=(0,0,1) rawUV=(0.500,0.000) uv=(0.500,0.000) weights=(0.500,0.500,0.000,0.000) coarseCenter=(-2.01,2.49,-2.00) fineCenter=(-1.75,2.25,-0.75)
[INFO] [Activation] glue build mismatch pair=(7873,7997) spans=(2,1) dir=(0,0,1) rawUV=(1.000,0.000) uv=(1.000,0.000) weights=(0.000,1.000,0.000,0.000) coarseCenter=(-2.01,2.49,-2.00) fineCenter=(-1.75,2.25,-0.75)
[INFO] [Activation] glue build mismatch pair=(7873,7997) spans=(2,1) dir=(0,0,1) rawUV=(0.500,0.500) uv=(0.500,0.500) weights=(0.250,0.250,0.250,0.250) coarseCenter=(-2.01,2.49,-2.00) fineCenter=(-1.75,2.25,-0.75)
[INFO] [Activation] glue build mismatch pair=(7873,7997) spans=(2,1) dir=(0,0,1) rawUV=(1.000,0.500) uv=(1.000,0.500) weights=(0.000,0.500,0.000,0.500) coarseCenter=(-2.01,2.49,-2.00) fineCenter=(-1.75,2.25,-0.75)
[INFO] [Activation] glue build mismatch pair=(7873,8001) spans=(2,1) dir=(0,0,1) rawUV=(0.500,0.500) uv=(0.500,0.500) weights=(0.250,0.250,0.250,0.250) coarseCenter=(-2.01,2.49,-2.00) fineCenter=(-1.75,2.75,-0.75)
[INFO] [Activation] glue build mismatch pair=(7873,8001) spans=(2,1) dir=(0,0,1) rawUV=(1.000,0.500) uv=(1.000,0.500) weights=(0.000,0.500,0.000,0.500) coarseCenter=(-2.01,2.49,-2.00) fineCenter=(-1.75,2.75,-0.75)
[INFO] [Activation] glue build mismatch pair=(7873,8001) spans=(2,1) dir=(0,0,1) rawUV=(0.500,1.000) uv=(0.500,1.000) weights=(0.000,0.000,0.500,0.500) coarseCenter=(-2.01,2.49,-2.00) fineCenter=(-1.75,2.75,-0.75)
[INFO] [Activation] glue build mismatch pair=(7873,8001) spans=(2,1) dir=(0,0,1) rawUV=(1.000,1.000) uv=(1.000,1.000) weights=(0.000,0.000,0.000,1.000) coarseCenter=(-2.01,2.49,-2.00) fineCenter=(-1.75,2.75,-0.75)
[INFO] [Activation] glue span mismatch a=7985 span=1 b=7873 span=2 posA=(-1.25,2.75,-2.25) posB=(-2.01,2.49,-2.00)
[INFO] [Activation] glue span mismatch a=7989 span=1 b=7873 span=2 posA=(-1.25,2.75,-1.75) posB=(-2.01,2.49,-2.00)
[INFO] [Activation] glue span mismatch a=7993 span=1 b=7873 span=2 posA=(-1.25,2.75,-1.25) posB=(-2.01,2.49,-2.00)
[INFO] [Activation] glue span mismatch a=7996 span=1 b=7873 span=2 posA=(-2.25,2.25,-0.75) posB=(-2.01,2.49,-2.00)
[INFO] [Activation] glue span mismatch a=7997 span=1 b=7873 span=2 posA=(-1.75,2.25,-0.75) posB=(-2.01,2.49,-2.00)
[INFO] [Activation] glue span mismatch a=8000 span=1 b=7873 span=2 posA=(-2.25,2.75,-0.75) posB=(-2.01,2.49,-2.00)
[INFO] [Activation] glue span mismatch a=8001 span=1 b=7873 span=2 posA=(-1.75,2.75,-0.75) posB=(-2.01,2.49,-2.00)
[INFO] [Deactivate] voxel=7012 span=1 sleep=3/8 waiting
[INFO] [Deactivate] voxel=7075 span=1 sleep=3/8 waiting
[INFO] [Deactivate] voxel=7076 span=1 sleep=3/8 waiting
[INFO] [Deactivate] voxel=7870 span=2 sleep=3/8 waiting
[INFO] [Deactivate] voxel=7873 span=2 sleep=3/8 waiting
[INFO] [Deactivate] voxel=7887 span=1 sleep=3/8 waiting
[INFO] [Deactivate] voxel=7891 span=1 sleep=3/8 waiting
[INFO] [Deactivate] voxel=7895 span=1 sleep=3/8 waiting
[INFO] [Deactivate] voxel=7907 span=1 sleep=2/8 waiting
[INFO] [Deactivate] voxel=7910 span=1 sleep=2/8 waiting
[INFO] [Deactivate] voxel=7912 span=1 sleep=2/8 waiting
[INFO] [Deactivate] voxel=7917 span=1 sleep=2/8 waiting
[INFO] [Deactivate] voxel=7984 span=1 sleep=1/8 waiting
[INFO] [Deactivate] voxel=7985 span=1 sleep=1/8 waiting
[INFO] [Deactivate] voxel=7986 span=1 sleep=1/8 waiting
[INFO] [Deactivate] voxel=7987 span=1 sleep=1/8 waiting
[INFO] [Deactivate] voxel=7988 span=1 sleep=1/8 waiting
[INFO] [Deactivate] voxel=7989 span=1 sleep=1/8 waiting
[INFO] [Deactivate] voxel=7990 span=1 sleep=1/8 waiting
[INFO] [Deactivate] voxel=7991 span=1 sleep=1/8 waiting
[INFO] [Deactivate] voxel=7992 span=1 sleep=1/8 waiting
[INFO] [Deactivate] voxel=7993 span=1 sleep=1/8 waiting
[INFO] [Deactivate] voxel=7994 span=1 sleep=1/8 waiting
[INFO] [Deactivate] voxel=7995 span=1 sleep=1/8 waiting
[INFO] [Deactivate] voxel=7996 span=1 sleep=1/8 waiting
[INFO] [Deactivate] voxel=7997 span=1 sleep=1/8 waiting
[INFO] [Deactivate] voxel=7998 span=1 sleep=1/8 waiting
[INFO] [Deactivate] voxel=7999 span=1 sleep=1/8 waiting
[INFO] [Deactivate] voxel=8000 span=1 sleep=1/8 waiting
[INFO] [Deactivate] voxel=8001 span=1 sleep=1/8 waiting
[INFO] [Deactivate] voxel=8002 span=1 sleep=1/8 waiting
[INFO] [Deactivate] voxel=8003 span=1 sleep=1/8 waiting
[INFO] [Deactivate] voxel=8004 span=1 sleep=1/8 waiting
[INFO] [Deactivate] voxel=8005 span=1 sleep=1/8 waiting
[INFO] [Deactivate] voxel=8006 span=1 sleep=1/8 waiting
[INFO] [Deactivate] voxel=8007 span=1 sleep=1/8 waiting
[INFO] [Deactivate] voxel=8008 span=1 sleep=1/8 waiting
[INFO] [Deactivate] voxel=8009 span=1 sleep=1/8 waiting
[INFO] [Deactivate] voxel=8010 span=1 sleep=1/8 waiting
[INFO] [Deactivate] voxel=8011 span=1 sleep=1/8 waiting
[INFO] VAO: [ID 27] Unloaded vertex array data from VRAM (GPU)
[INFO] VAO: [ID 28] Mesh uploaded successfully to VRAM (GPU)
[INFO] [RemoveVoxel] idx=7908 voxel_count_before=8012 moved_from=8011 voxel_count_after=8011
[INFO] [RemoveVoxel] idx=7892 voxel_count_before=8011 moved_from=8010 voxel_count_after=8010
[INFO] [RemoveVoxel] idx=7885 voxel_count_before=8010 moved_from=8009 voxel_count_after=8009
[INFO] [RemoveVoxel] idx=7871 voxel_count_before=8009 moved_from=8008 voxel_count_after=8008
[INFO] [RemoveVoxel] idx=7853 voxel_count_before=8008 moved_from=8007 voxel_count_after=8007
[INFO] [RemoveVoxel] idx=7849 voxel_count_before=8007 moved_from=8006 voxel_count_after=8006
[INFO] [RemoveVoxel] idx=7836 voxel_count_before=8006 moved_from=8005 voxel_count_after=8005
[INFO] [RemoveVoxel] idx=7835 voxel_count_before=8005 moved_from=8004 voxel_count_after=8004
[INFO] [RemoveVoxel] idx=7821 voxel_count_before=8004 moved_from=8003 voxel_count_after=8003
[INFO] [Multiscale] Emit span=1 grid=(-1..-1,5..5,-5..-5) pos=(-0.25,2.75,-2.25)
[INFO] [Multiscale] Emit span=1 grid=(-1..-1,5..5,-4..-4) pos=(-0.25,2.75,-1.75)
[INFO] [Multiscale] Emit span=1 grid=(0..0,5..5,-4..-4) pos=(0.25,2.75,-1.75)
[INFO] [Multiscale] Emit span=1 grid=(-1..-1,3..3,-3..-3) pos=(-0.25,1.75,-1.25)
[INFO] [Multiscale] Emit span=1 grid=(-5..-5,5..5,-3..-3) pos=(-2.25,2.75,-1.25)
[INFO] [Multiscale] Emit span=1 grid=(-4..-4,5..5,-3..-3) pos=(-1.75,2.75,-1.25)
[INFO] [Multiscale] Emit span=1 grid=(-1..-1,3..3,-2..-2) pos=(-0.25,1.75,-0.75)
[INFO] [Multiscale] Emit span=1 grid=(-2..-2,3..3,-1..-1) pos=(-0.75,1.75,-0.25)
[INFO] [Multiscale] Emit span=1 grid=(-2..-2,4..4,-1..-1) pos=(-0.75,2.25,-0.25)
[INFO] [Multiscale] Converted 9 unit voxels into 9 span clusters
[INFO] [Activation] static->dynamic units=9 spawned=9 base=8003 after=8012
[INFO] [Activation] glue build mismatch pair=(7873,8007) spans=(2,1) dir=(0,0,1) rawUV=(0.000,0.500) uv=(0.000,0.500) weights=(0.500,0.000,0.500,0.000) coarseCenter=(-2.00,2.44,-2.09) fineCenter=(-2.25,2.75,-1.25)
[INFO] [Activation] glue build mismatch pair=(7873,8007) spans=(2,1) dir=(0,0,1) rawUV=(0.500,0.500) uv=(0.500,0.500) weights=(0.250,0.250,0.250,0.250) coarseCenter=(-2.00,2.44,-2.09) fineCenter=(-2.25,2.75,-1.25)
[INFO] [Activation] glue build mismatch pair=(7873,8007) spans=(2,1) dir=(0,0,1) rawUV=(0.000,1.000) uv=(0.000,1.000) weights=(0.000,0.000,1.000,0.000) coarseCenter=(-2.00,2.44,-2.09) fineCenter=(-2.25,2.75,-1.25)
[INFO] [Activation] glue build mismatch pair=(7873,8007) spans=(2,1) dir=(0,0,1) rawUV=(0.500,1.000) uv=(0.500,1.000) weights=(0.000,0.000,0.500,0.500) coarseCenter=(-2.00,2.44,-2.09) fineCenter=(-2.25,2.75,-1.25)
[INFO] [Activation] glue build mismatch pair=(7873,8008) spans=(2,1) dir=(0,0,1) rawUV=(0.500,0.500) uv=(0.500,0.500) weights=(0.250,0.250,0.250,0.250) coarseCenter=(-2.00,2.44,-2.09) fineCenter=(-1.75,2.75,-1.25)
[INFO] [Activation] glue build mismatch pair=(7873,8008) spans=(2,1) dir=(0,0,1) rawUV=(1.000,0.500) uv=(1.000,0.500) weights=(0.000,0.500,0.000,0.500) coarseCenter=(-2.00,2.44,-2.09) fineCenter=(-1.75,2.75,-1.25)
[INFO] [Activation] glue build mismatch pair=(7873,8008) spans=(2,1) dir=(0,0,1) rawUV=(0.500,1.000) uv=(0.500,1.000) weights=(0.000,0.000,0.500,0.500) coarseCenter=(-2.00,2.44,-2.09) fineCenter=(-1.75,2.75,-1.25)
[INFO] [Activation] glue build mismatch pair=(7873,8008) spans=(2,1) dir=(0,0,1) rawUV=(1.000,1.000) uv=(1.000,1.000) weights=(0.000,0.000,0.000,1.000) coarseCenter=(-2.00,2.44,-2.09) fineCenter=(-1.75,2.75,-1.25)
[INFO] [Activation] glue span mismatch a=8007 span=1 b=7873 span=2 posA=(-2.25,2.75,-1.25) posB=(-2.00,2.44,-2.09)
[INFO] [Activation] glue span mismatch a=8008 span=1 b=7873 span=2 posA=(-1.75,2.75,-1.25) posB=(-2.00,2.44,-2.09)
[INFO] [Deactivate] voxel=7012 span=1 sleep=4/8 waiting
[INFO] [Deactivate] voxel=7075 span=1 sleep=4/8 waiting
[INFO] [Deactivate] voxel=7076 span=1 sleep=4/8 waiting
[INFO] [Deactivate] voxel=7821 span=1 sleep=2/8 waiting
[INFO] [Deactivate] voxel=7835 span=1 sleep=2/8 waiting
[INFO] [Deactivate] voxel=7836 span=1 sleep=2/8 waiting
[INFO] [Deactivate] voxel=7849 span=1 sleep=2/8 waiting
[INFO] [Deactivate] voxel=7853 span=1 sleep=2/8 waiting
[INFO] [Deactivate] voxel=7870 span=2 sleep=4/8 waiting
[INFO] [Deactivate] voxel=7871 span=1 sleep=2/8 waiting
[INFO] [Deactivate] voxel=7873 span=2 sleep=4/8 waiting
[INFO] [Deactivate] voxel=7885 span=1 sleep=2/8 waiting
[INFO] [Deactivate] voxel=7887 span=1 sleep=4/8 waiting
[INFO] [Deactivate] voxel=7891 span=1 sleep=4/8 waiting
[INFO] [Deactivate] voxel=7892 span=1 sleep=2/8 waiting
[INFO] [Deactivate] voxel=7895 span=1 sleep=4/8 waiting
[INFO] [Deactivate] voxel=7907 span=1 sleep=3/8 waiting
[INFO] [Deactivate] voxel=7908 span=1 sleep=2/8 waiting
[INFO] [Deactivate] voxel=7910 span=1 sleep=3/8 waiting
[INFO] [Deactivate] voxel=7912 span=1 sleep=3/8 waiting
[INFO] [Deactivate] voxel=7917 span=1 sleep=3/8 waiting
[INFO] [Deactivate] voxel=7984 span=1 sleep=2/8 waiting
[INFO] [Deactivate] voxel=7985 span=1 sleep=2/8 waiting
[INFO] [Deactivate] voxel=7986 span=1 sleep=2/8 waiting
[INFO] [Deactivate] voxel=7987 span=1 sleep=2/8 waiting
[INFO] [Deactivate] voxel=7988 span=1 sleep=2/8 waiting
[INFO] [Deactivate] voxel=7989 span=1 sleep=2/8 waiting
[INFO] [Deactivate] voxel=7990 span=1 sleep=2/8 waiting
[INFO] [Deactivate] voxel=7991 span=1 sleep=2/8 waiting
[INFO] [Deactivate] voxel=7992 span=1 sleep=2/8 waiting
[INFO] [Deactivate] voxel=7993 span=1 sleep=2/8 waiting
[INFO] [Deactivate] voxel=7994 span=1 sleep=2/8 waiting
[INFO] [Deactivate] voxel=7995 span=1 sleep=2/8 waiting
[INFO] [Deactivate] voxel=7996 span=1 sleep=2/8 waiting
[INFO] [Deactivate] voxel=7997 span=1 sleep=2/8 waiting
[INFO] [Deactivate] voxel=7998 span=1 sleep=2/8 waiting
[INFO] [Deactivate] voxel=7999 span=1 sleep=2/8 waiting
[INFO] [Deactivate] voxel=8000 span=1 sleep=2/8 waiting
[INFO] [Deactivate] voxel=8001 span=1 sleep=2/8 waiting
[INFO] [Deactivate] voxel=8002 span=1 sleep=2/8 waiting
[INFO] [Deactivate] voxel=8003 span=1 sleep=1/8 waiting
[INFO] [Deactivate] voxel=8004 span=1 sleep=1/8 waiting
[INFO] [Deactivate] voxel=8005 span=1 sleep=1/8 waiting
[INFO] [Deactivate] voxel=8006 span=1 sleep=1/8 waiting
[INFO] [Deactivate] voxel=8007 span=1 sleep=1/8 waiting
[INFO] [Deactivate] voxel=8008 span=1 sleep=1/8 waiting
[INFO] [Deactivate] voxel=8009 span=1 sleep=1/8 waiting
[INFO] [Deactivate] voxel=8010 span=1 sleep=1/8 waiting
[INFO] [Deactivate] voxel=8011 span=1 sleep=1/8 waiting
[INFO] VAO: [ID 28] Unloaded vertex array data from VRAM (GPU)
[INFO] VAO: [ID 29] Mesh uploaded successfully to VRAM (GPU)
[INFO] [RemoveVoxel] idx=7916 voxel_count_before=8013 moved_from=8012 voxel_count_after=8012
[INFO] [RemoveVoxel] idx=7850 voxel_count_before=8012 moved_from=8011 voxel_count_after=8011
[INFO] [RemoveVoxel] idx=7831 voxel_count_before=8011 moved_from=8010 voxel_count_after=8010
[INFO] [RemoveVoxel] idx=7830 voxel_count_before=8010 moved_from=8009 voxel_count_after=8009
[INFO] [RemoveVoxel] idx=7828 voxel_count_before=8009 moved_from=8008 voxel_count_after=8008
[INFO] [RemoveVoxel] idx=7809 voxel_count_before=8008 moved_from=8007 voxel_count_after=8007
[INFO] [RemoveVoxel] idx=7808 voxel_count_before=8007 moved_from=8006 voxel_count_after=8006
[INFO] [RemoveVoxel] idx=7806 voxel_count_before=8006 moved_from=8005 voxel_count_after=8005
[INFO] [RemoveVoxel] idx=7804 voxel_count_before=8005 moved_from=8004 voxel_count_after=8004
[INFO] [RemoveVoxel] idx=7802 voxel_count_before=8004 moved_from=8003 voxel_count_after=8003
[INFO] [RemoveVoxel] idx=7080 voxel_count_before=8003 moved_from=8002 voxel_count_after=8002
[INFO] [RemoveVoxel] idx=7035 voxel_count_before=8002 moved_from=8001 voxel_count_after=8001
[INFO] [Multiscale] Emit span=1 grid=(1..1,4..4,-5..-5) pos=(0.75,2.25,-2.25)
[INFO] [Multiscale] Emit span=1 grid=(1..1,5..5,-5..-5) pos=(0.75,2.75,-2.25)
[INFO] [Multiscale] Emit span=1 grid=(1..1,4..4,-4..-4) pos=(0.75,2.25,-1.75)
[INFO] [Multiscale] Emit span=1 grid=(1..1,5..5,-4..-4) pos=(0.75,2.75,-1.75)
[INFO] [Multiscale] Emit span=1 grid=(2..2,5..5,-4..-4) pos=(1.25,2.75,-1.75)
[INFO] [Multiscale] Emit span=1 grid=(0..0,3..3,-3..-3) pos=(0.25,1.75,-1.25)
[INFO] [Multiscale] Emit span=1 grid=(0..0,4..4,-3..-3) pos=(0.25,2.25,-1.25)
[INFO] [Multiscale] Emit span=1 grid=(1..1,4..4,-3..-3) pos=(0.75,2.25,-1.25)
[INFO] [Multiscale] Emit span=1 grid=(-1..-1,4..4,-2..-2) pos=(-0.25,2.25,-0.75)
[INFO] [Multiscale] Emit span=1 grid=(-5..-5,5..5,-1..-1) pos=(-2.25,2.75,-0.25)
[INFO] [Multiscale] Emit span=1 grid=(-4..-4,5..5,-1..-1) pos=(-1.75,2.75,-0.25)
[INFO] [Multiscale] Emit span=1 grid=(-5..-5,5..5,0..0) pos=(-2.25,2.75,0.25)
[INFO] [Multiscale] Converted 12 unit voxels into 12 span clusters
[INFO] [Activation] static->dynamic units=12 spawned=12 base=8001 after=8013
[INFO] [Deactivate] voxel=7012 span=1 sleep=5/8 waiting
[INFO] [Deactivate] voxel=7035 span=1 sleep=3/8 waiting
[INFO] [Deactivate] voxel=7075 span=1 sleep=5/8 waiting
[INFO] [Deactivate] voxel=7076 span=1 sleep=5/8 waiting
[INFO] [Deactivate] voxel=7080 span=1 sleep=3/8 waiting
[INFO] [Deactivate] voxel=7802 span=1 sleep=2/8 waiting
[INFO] [Deactivate] voxel=7804 span=1 sleep=2/8 waiting
[INFO] [Deactivate] voxel=7806 span=1 sleep=2/8 waiting
[INFO] [Deactivate] voxel=7808 span=1 sleep=2/8 waiting
[INFO] [Deactivate] voxel=7809 span=1 sleep=2/8 waiting
[INFO] [Deactivate] voxel=7821 span=1 sleep=3/8 waiting
[INFO] [Deactivate] voxel=7828 span=1 sleep=2/8 waiting
[INFO] [Deactivate] voxel=7830 span=1 sleep=2/8 waiting
[INFO] [Deactivate] voxel=7831 span=1 sleep=2/8 waiting
[INFO] [Deactivate] voxel=7835 span=1 sleep=3/8 waiting
[INFO] [Deactivate] voxel=7836 span=1 sleep=3/8 waiting
[INFO] [Deactivate] voxel=7849 span=1 sleep=3/8 waiting
[INFO] [Deactivate] voxel=7850 span=1 sleep=2/8 waiting
[INFO] [Deactivate] voxel=7853 span=1 sleep=3/8 waiting
[INFO] [Deactivate] voxel=7870 span=2 sleep=5/8 waiting
[INFO] [Deactivate] voxel=7871 span=1 sleep=3/8 waiting
[INFO] [Deactivate] voxel=7873 span=2 sleep=5/8 waiting
[INFO] [Deactivate] voxel=7885 span=1 sleep=3/8 waiting
[INFO] [Deactivate] voxel=7887 span=1 sleep=5/8 waiting
[INFO] [Deactivate] voxel=7891 span=1 sleep=5/8 waiting
[INFO] [Deactivate] voxel=7892 span=1 sleep=3/8 waiting
[INFO] [Deactivate] voxel=7895 span=1 sleep=5/8 waiting
[INFO] [Deactivate] voxel=7907 span=1 sleep=4/8 waiting
[INFO] [Deactivate] voxel=7908 span=1 sleep=3/8 waiting
[INFO] [Deactivate] voxel=7910 span=1 sleep=4/8 waiting
[INFO] [Deactivate] voxel=7912 span=1 sleep=4/8 waiting
[INFO] [Deactivate] voxel=7917 span=1 sleep=4/8 waiting
[INFO] [Deactivate] voxel=7984 span=1 sleep=3/8 waiting
[INFO] [Deactivate] voxel=7985 span=1 sleep=3/8 waiting
[INFO] [Deactivate] voxel=7986 span=1 sleep=3/8 waiting
[INFO] [Deactivate] voxel=7987 span=1 sleep=3/8 waiting
[INFO] [Deactivate] voxel=7988 span=1 sleep=3/8 waiting
[INFO] [Deactivate] voxel=7989 span=1 sleep=3/8 waiting
[INFO] [Deactivate] voxel=7990 span=1 sleep=3/8 waiting
[INFO] [Deactivate] voxel=7991 span=1 sleep=3/8 waiting
[INFO] [Deactivate] voxel=7992 span=1 sleep=3/8 waiting
[INFO] [Deactivate] voxel=7993 span=1 sleep=3/8 waiting
[INFO] [Deactivate] voxel=7994 span=1 sleep=3/8 waiting
[INFO] [Deactivate] voxel=7995 span=1 sleep=3/8 waiting
[INFO] [Deactivate] voxel=7996 span=1 sleep=3/8 waiting
[INFO] [Deactivate] voxel=7997 span=1 sleep=3/8 waiting
[INFO] [Deactivate] voxel=7998 span=1 sleep=3/8 waiting
[INFO] [Deactivate] voxel=7999 span=1 sleep=3/8 waiting
[INFO] [Deactivate] voxel=8000 span=1 sleep=3/8 waiting
[INFO] [Deactivate] voxel=8001 span=1 sleep=1/8 waiting
[INFO] [Deactivate] voxel=8002 span=1 sleep=1/8 waiting
[INFO] [Deactivate] voxel=8003 span=1 sleep=1/8 waiting
[INFO] [Deactivate] voxel=8004 span=1 sleep=1/8 waiting
[INFO] [Deactivate] voxel=8005 span=1 sleep=1/8 waiting
[INFO] [Deactivate] voxel=8006 span=1 sleep=1/8 waiting
[INFO] [Deactivate] voxel=8007 span=1 sleep=1/8 waiting
[INFO] [Deactivate] voxel=8008 span=1 sleep=1/8 waiting
[INFO] [Deactivate] voxel=8009 span=1 sleep=1/8 waiting
[INFO] [Deactivate] voxel=8010 span=1 sleep=1/8 waiting
[INFO] [Deactivate] voxel=8011 span=1 sleep=1/8 waiting
[INFO] [Deactivate] voxel=8012 span=1 sleep=1/8 waiting
[INFO] VAO: [ID 29] Unloaded vertex array data from VRAM (GPU)
[INFO] VAO: [ID 30] Mesh uploaded successfully to VRAM (GPU)
[INFO] [RemoveVoxel] idx=7819 voxel_count_before=8013 moved_from=8012 voxel_count_after=8012
[INFO] [RemoveVoxel] idx=7813 voxel_count_before=8012 moved_from=8011 voxel_count_after=8011
[INFO] [RemoveVoxel] idx=7810 voxel_count_before=8011 moved_from=8010 voxel_count_after=8010
[INFO] [RemoveVoxel] idx=7807 voxel_count_before=8010 moved_from=8009 voxel_count_after=8009
[INFO] [RemoveVoxel] idx=7805 voxel_count_before=8009 moved_from=8008 voxel_count_after=8008
[INFO] [RemoveVoxel] idx=7803 voxel_count_before=8008 moved_from=8007 voxel_count_after=8007
[INFO] [RemoveVoxel] idx=7801 voxel_count_before=8007 moved_from=8006 voxel_count_after=8006
[INFO] [RemoveVoxel] idx=7796 voxel_count_before=8006 moved_from=8005 voxel_count_after=8005
[INFO] [RemoveVoxel] idx=7791 voxel_count_before=8005 moved_from=8004 voxel_count_after=8004
[INFO] [RemoveVoxel] idx=7783 voxel_count_before=8004 moved_from=8003 voxel_count_after=8003
[INFO] [RemoveVoxel] idx=7760 voxel_count_before=8003 moved_from=8002 voxel_count_after=8002
[INFO] [RemoveVoxel] idx=7097 voxel_count_before=8002 moved_from=8001 voxel_count_after=8001
[INFO] [RemoveVoxel] idx=7023 voxel_count_before=8001 moved_from=8000 voxel_count_after=8000
[INFO] [RemoveVoxel] idx=6985 voxel_count_before=8000 moved_from=7999 voxel_count_after=7999
[INFO] [Multiscale] Emit span=1 grid=(2..2,4..4,-5..-5) pos=(1.25,2.25,-2.25)
[INFO] [Multiscale] Emit span=1 grid=(3..3,4..4,-5..-5) pos=(1.75,2.25,-2.25)
[INFO] [Multiscale] Emit span=1 grid=(2..2,5..5,-5..-5) pos=(1.25,2.75,-2.25)
[INFO] [Multiscale] Emit span=1 grid=(3..3,5..5,-5..-5) pos=(1.75,2.75,-2.25)
[INFO] [Multiscale] Emit span=1 grid=(2..2,4..4,-4..-4) pos=(1.25,2.25,-1.75)
[INFO] [Multiscale] Emit span=1 grid=(3..3,4..4,-4..-4) pos=(1.75,2.25,-1.75)
[INFO] [Multiscale] Emit span=1 grid=(3..3,5..5,-4..-4) pos=(1.75,2.75,-1.75)
[INFO] [Multiscale] Emit span=1 grid=(4..4,5..5,-4..-4) pos=(2.25,2.75,-1.75)
[INFO] [Multiscale] Emit span=1 grid=(2..2,4..4,-3..-3) pos=(1.25,2.25,-1.25)
[INFO] [Multiscale] Emit span=1 grid=(3..3,4..4,-3..-3) pos=(1.75,2.25,-1.25)
[INFO] [Multiscale] Emit span=1 grid=(3..3,5..5,-3..-3) pos=(1.75,2.75,-1.25)
[INFO] [Multiscale] Emit span=1 grid=(-5..-5,5..5,1..1) pos=(-2.25,2.75,0.75)
[INFO] [Multiscale] Emit span=1 grid=(-4..-4,5..5,1..1) pos=(-1.75,2.75,0.75)
[INFO] [Multiscale] Emit span=1 grid=(-5..-5,5..5,2..2) pos=(-2.25,2.75,1.25)
[INFO] [Multiscale] Converted 14 unit voxels into 14 span clusters
[INFO] [Activation] static->dynamic units=14 spawned=14 base=7999 after=8013
[INFO] [Deactivate] voxel=6985 span=1 sleep=4/8 waiting
[INFO] [Deactivate] voxel=7012 span=1 sleep=6/8 waiting
[INFO] [Deactivate] voxel=7023 span=1 sleep=4/8 waiting
[INFO] [Deactivate] voxel=7035 span=1 sleep=4/8 waiting
[INFO] [Deactivate] voxel=7075 span=1 sleep=6/8 waiting
[INFO] [Deactivate] voxel=7076 span=1 sleep=6/8 waiting
[INFO] [Deactivate] voxel=7080 span=1 sleep=4/8 waiting
[INFO] [Deactivate] voxel=7097 span=1 sleep=2/8 waiting
[INFO] [Deactivate] voxel=7760 span=1 sleep=2/8 waiting
[INFO] [Deactivate] voxel=7783 span=1 sleep=2/8 waiting
[INFO] [Deactivate] voxel=7791 span=1 sleep=2/8 waiting
[INFO] [Deactivate] voxel=7796 span=1 sleep=2/8 waiting
[INFO] [Deactivate] voxel=7801 span=1 sleep=2/8 waiting
[INFO] [Deactivate] voxel=7802 span=1 sleep=3/8 waiting
[INFO] [Deactivate] voxel=7803 span=1 sleep=2/8 waiting
[INFO] [Deactivate] voxel=7804 span=1 sleep=3/8 waiting
[INFO] [Deactivate] voxel=7805 span=1 sleep=2/8 waiting
[INFO] [Deactivate] voxel=7806 span=1 sleep=3/8 waiting
[INFO] [Deactivate] voxel=7807 span=1 sleep=2/8 waiting
[INFO] [Deactivate] voxel=7808 span=1 sleep=3/8 waiting
[INFO] [Deactivate] voxel=7809 span=1 sleep=3/8 waiting
[INFO] [Deactivate] voxel=7810 span=1 sleep=2/8 waiting
[INFO] [Deactivate] voxel=7813 span=1 sleep=2/8 waiting
[INFO] [Deactivate] voxel=7819 span=1 sleep=2/8 waiting
[INFO] [Deactivate] voxel=7821 span=1 sleep=4/8 waiting
[INFO] [Deactivate] voxel=7828 span=1 sleep=3/8 waiting
[INFO] [Deactivate] voxel=7830 span=1 sleep=3/8 waiting
[INFO] [Deactivate] voxel=7831 span=1 sleep=3/8 waiting
[INFO] [Deactivate] voxel=7835 span=1 sleep=4/8 waiting
[INFO] [Deactivate] voxel=7836 span=1 sleep=4/8 waiting
[INFO] [Deactivate] voxel=7849 span=1 sleep=4/8 waiting
[INFO] [Deactivate] voxel=7850 span=1 sleep=3/8 waiting
[INFO] [Deactivate] voxel=7853 span=1 sleep=4/8 waiting
[INFO] [Deactivate] voxel=7870 span=2 sleep=6/8 waiting
[INFO] [Deactivate] voxel=7871 span=1 sleep=4/8 waiting
[INFO] [Deactivate] voxel=7873 span=2 sleep=6/8 waiting
[INFO] [Deactivate] voxel=7885 span=1 sleep=4/8 waiting
[INFO] [Deactivate] voxel=7887 span=1 sleep=6/8 waiting
[INFO] [Deactivate] voxel=7891 span=1 sleep=6/8 waiting
[INFO] [Deactivate] voxel=7892 span=1 sleep=4/8 waiting
[INFO] [Deactivate] voxel=7895 span=1 sleep=6/8 waiting
[INFO] [Deactivate] voxel=7907 span=1 sleep=5/8 waiting
[INFO] [Deactivate] voxel=7908 span=1 sleep=4/8 waiting
[INFO] [Deactivate] voxel=7910 span=1 sleep=5/8 waiting
[INFO] [Deactivate] voxel=7912 span=1 sleep=5/8 waiting
[INFO] [Deactivate] voxel=7917 span=1 sleep=5/8 waiting
[INFO] [Deactivate] voxel=7984 span=1 sleep=4/8 waiting
[INFO] [Deactivate] voxel=7985 span=1 sleep=4/8 waiting
[INFO] [Deactivate] voxel=7986 span=1 sleep=4/8 waiting
[INFO] [Deactivate] voxel=7987 span=1 sleep=4/8 waiting
[INFO] [Deactivate] voxel=7988 span=1 sleep=4/8 waiting
[INFO] [Deactivate] voxel=7989 span=1 sleep=4/8 waiting
[INFO] [Deactivate] voxel=7990 span=1 sleep=4/8 waiting
[INFO] [Deactivate] voxel=7991 span=1 sleep=4/8 waiting
[INFO] [Deactivate] voxel=7992 span=1 sleep=4/8 waiting
[INFO] [Deactivate] voxel=7993 span=1 sleep=4/8 waiting
[INFO] [Deactivate] voxel=7994 span=1 sleep=4/8 waiting
[INFO] [Deactivate] voxel=7995 span=1 sleep=4/8 waiting
[INFO] [Deactivate] voxel=7996 span=1 sleep=4/8 waiting
[INFO] [Deactivate] voxel=7997 span=1 sleep=4/8 waiting
[INFO] [Deactivate] voxel=7998 span=1 sleep=4/8 waiting
[INFO] [Deactivate] voxel=7999 span=1 sleep=1/8 waiting
[INFO] [Deactivate] voxel=8000 span=1 sleep=1/8 waiting
[INFO] [Deactivate] voxel=8001 span=1 sleep=1/8 waiting
[INFO] [Deactivate] voxel=8002 span=1 sleep=1/8 waiting
[INFO] [Deactivate] voxel=8003 span=1 sleep=1/8 waiting
[INFO] [Deactivate] voxel=8004 span=1 sleep=1/8 waiting
[INFO] [Deactivate] voxel=8005 span=1 sleep=1/8 waiting
[INFO] [Deactivate] voxel=8006 span=1 sleep=1/8 waiting
[INFO] [Deactivate] voxel=8007 span=1 sleep=1/8 waiting
[INFO] [Deactivate] voxel=8008 span=1 sleep=1/8 waiting
[INFO] [Deactivate] voxel=8009 span=1 sleep=1/8 waiting
[INFO] [Deactivate] voxel=8010 span=1 sleep=1/8 waiting
[INFO] [Deactivate] voxel=8011 span=1 sleep=1/8 waiting
[INFO] [Deactivate] voxel=8012 span=1 sleep=1/8 waiting
[INFO] VAO: [ID 30] Unloaded vertex array data from VRAM (GPU)
[INFO] VAO: [ID 31] Mesh uploaded successfully to VRAM (GPU)
[INFO] [RemoveVoxel] idx=7811 voxel_count_before=8014 moved_from=8013 voxel_count_after=8013
[INFO] [RemoveVoxel] idx=7799 voxel_count_before=8013 moved_from=8012 voxel_count_after=8012
[INFO] [RemoveVoxel] idx=7798 voxel_count_before=8012 moved_from=8011 voxel_count_after=8011
[INFO] [RemoveVoxel] idx=7793 voxel_count_before=8011 moved_from=8010 voxel_count_after=8010
[INFO] [RemoveVoxel] idx=7792 voxel_count_before=8010 moved_from=8009 voxel_count_after=8009
[INFO] [RemoveVoxel] idx=7789 voxel_count_before=8009 moved_from=8008 voxel_count_after=8008
[INFO] [RemoveVoxel] idx=7788 voxel_count_before=8008 moved_from=8007 voxel_count_after=8007
[INFO] [RemoveVoxel] idx=7786 voxel_count_before=8007 moved_from=8006 voxel_count_after=8006
[INFO] [RemoveVoxel] idx=7785 voxel_count_before=8006 moved_from=8005 voxel_count_after=8005
[INFO] [RemoveVoxel] idx=7784 voxel_count_before=8005 moved_from=8004 voxel_count_after=8004
[INFO] [RemoveVoxel] idx=7782 voxel_count_before=8004 moved_from=8003 voxel_count_after=8003
[INFO] [RemoveVoxel] idx=7781 voxel_count_before=8003 moved_from=8002 voxel_count_after=8002
[INFO] [RemoveVoxel] idx=7780 voxel_count_before=8002 moved_from=8001 voxel_count_after=8001
[INFO] [RemoveVoxel] idx=7098 voxel_count_before=8001 moved_from=8000 voxel_count_after=8000
[INFO] [RemoveVoxel] idx=7045 voxel_count_before=8000 moved_from=7999 voxel_count_after=7999
[INFO] [RemoveVoxel] idx=7024 voxel_count_before=7999 moved_from=7998 voxel_count_after=7998
[INFO] [RemoveVoxel] idx=7014 voxel_count_before=7998 moved_from=7997 voxel_count_after=7997
[INFO] [RemoveVoxel] idx=6991 voxel_count_before=7997 moved_from=7996 voxel_count_after=7996
[INFO] [RemoveVoxel] idx=6987 voxel_count_before=7996 moved_from=7995 voxel_count_after=7995
[INFO] [RemoveVoxel] idx=6986 voxel_count_before=7995 moved_from=7994 voxel_count_after=7994
[INFO] [RemoveVoxel] idx=6964 voxel_count_before=7994 moved_from=7993 voxel_count_after=7993
[INFO] [Multiscale] Emit span=1 grid=(4..4,4..4,-5..-5) pos=(2.25,2.25,-2.25)
[INFO] [Multiscale] Emit span=1 grid=(5..5,4..4,-5..-5) pos=(2.75,2.25,-2.25)
[INFO] [Multiscale] Emit span=1 grid=(4..4,5..5,-5..-5) pos=(2.25,2.75,-2.25)
[INFO] [Multiscale] Emit span=1 grid=(5..5,5..5,-5..-5) pos=(2.75,2.75,-2.25)
[INFO] [Multiscale] Emit span=1 grid=(4..4,3..3,-4..-4) pos=(2.25,1.75,-1.75)
[INFO] [Multiscale] Emit span=1 grid=(4..4,4..4,-4..-4) pos=(2.25,2.25,-1.75)
[INFO] [Multiscale] Emit span=1 grid=(5..5,4..4,-4..-4) pos=(2.75,2.25,-1.75)
[INFO] [Multiscale] Emit span=1 grid=(5..5,5..5,-4..-4) pos=(2.75,2.75,-1.75)
[INFO] [Multiscale] Emit span=1 grid=(4..4,4..4,-3..-3) pos=(2.25,2.25,-1.25)
[INFO] [Multiscale] Emit span=1 grid=(5..5,4..4,-3..-3) pos=(2.75,2.25,-1.25)
[INFO] [Multiscale] Emit span=1 grid=(4..4,5..5,-3..-3) pos=(2.25,2.75,-1.25)
[INFO] [Multiscale] Emit span=1 grid=(5..5,5..5,-3..-3) pos=(2.75,2.75,-1.25)
[INFO] [Multiscale] Emit span=1 grid=(4..4,5..5,-2..-2) pos=(2.25,2.75,-0.75)
[INFO] [Multiscale] Emit span=1 grid=(-5..-5,4..4,2..2) pos=(-2.25,2.25,1.25)
[INFO] [Multiscale] Emit span=1 grid=(-4..-4,4..4,2..2) pos=(-1.75,2.25,1.25)
[INFO] [Multiscale] Emit span=1 grid=(-3..-3,4..4,2..2) pos=(-1.25,2.25,1.25)
[INFO] [Multiscale] Emit span=1 grid=(-4..-4,5..5,2..2) pos=(-1.75,2.75,1.25)
[INFO] [Multiscale] Emit span=1 grid=(-3..-3,5..5,2..2) pos=(-1.25,2.75,1.25)
[INFO] [Multiscale] Emit span=1 grid=(-5..-5,5..5,3..3) pos=(-2.25,2.75,1.75)
[INFO] [Multiscale] Emit span=1 grid=(-4..-4,5..5,3..3) pos=(-1.75,2.75,1.75)
[INFO] [Multiscale] Emit span=1 grid=(-3..-3,5..5,3..3) pos=(-1.25,2.75,1.75)
[INFO] [Multiscale] Converted 21 unit voxels into 21 span clusters
[INFO] [Activation] static->dynamic units=21 spawned=21 base=7993 after=8014
[INFO] [Deactivate] voxel=6964 span=1 sleep=5/8 waiting
[INFO] [Deactivate] voxel=6985 span=1 sleep=5/8 waiting
[INFO] [Deactivate] voxel=6986 span=1 sleep=5/8 waiting
[INFO] [Deactivate] voxel=6987 span=1 sleep=5/8 waiting
[INFO] [Deactivate] voxel=6991 span=1 sleep=5/8 waiting
[INFO] [Deactivate] voxel=7012 span=1 sleep=7/8 waiting
[INFO] [Deactivate] voxel=7014 span=1 sleep=5/8 waiting
[INFO] [Deactivate] voxel=7023 span=1 sleep=5/8 waiting
[INFO] [Deactivate] voxel=7024 span=1 sleep=5/8 waiting
[INFO] [Deactivate] voxel=7035 span=1 sleep=5/8 waiting
[INFO] [Deactivate] voxel=7045 span=1 sleep=2/8 waiting
[INFO] [Deactivate] voxel=7075 span=1 sleep=7/8 waiting
[INFO] [Deactivate] voxel=7076 span=1 sleep=7/8 waiting
[INFO] [Deactivate] voxel=7080 span=1 sleep=5/8 waiting
[INFO] [Deactivate] voxel=7097 span=1 sleep=3/8 waiting
[INFO] [Deactivate] voxel=7098 span=1 sleep=2/8 waiting
[INFO] [Deactivate] voxel=7760 span=1 sleep=3/8 waiting
[INFO] [Deactivate] voxel=7780 span=1 sleep=2/8 waiting
[INFO] [Deactivate] voxel=7781 span=1 sleep=2/8 waiting
[INFO] [Deactivate] voxel=7782 span=1 sleep=2/8 waiting
[INFO] [Deactivate] voxel=7783 span=1 sleep=3/8 waiting
[INFO] [Deactivate] voxel=7784 span=1 sleep=2/8 waiting
[INFO] [Deactivate] voxel=7785 span=1 sleep=2/8 waiting
[INFO] [Deactivate] voxel=7786 span=1 sleep=2/8 waiting
[INFO] [Deactivate] voxel=7788 span=1 sleep=2/8 waiting
[INFO] [Deactivate] voxel=7789 span=1 sleep=2/8 waiting
[INFO] [Deactivate] voxel=7791 span=1 sleep=3/8 waiting
[INFO] [Deactivate] voxel=7792 span=1 sleep=2/8 waiting
[INFO] [Deactivate] voxel=7793 span=1 sleep=2/8 waiting
[INFO] [Deactivate] voxel=7796 span=1 sleep=3/8 waiting
[INFO] [Deactivate] voxel=7798 span=1 sleep=2/8 waiting
[INFO] [Deactivate] voxel=7799 span=1 sleep=2/8 waiting
[INFO] [Deactivate] voxel=7801 span=1 sleep=3/8 waiting
[INFO] [Deactivate] voxel=7802 span=1 sleep=4/8 waiting
[INFO] [Deactivate] voxel=7803 span=1 sleep=3/8 waiting
[INFO] [Deactivate] voxel=7804 span=1 sleep=4/8 waiting
[INFO] [Deactivate] voxel=7805 span=1 sleep=3/8 waiting
[INFO] [Deactivate] voxel=7806 span=1 sleep=4/8 waiting
[INFO] [Deactivate] voxel=7807 span=1 sleep=3/8 waiting
[INFO] [Deactivate] voxel=7808 span=1 sleep=4/8 waiting
[INFO] [Deactivate] voxel=7809 span=1 sleep=4/8 waiting
[INFO] [Deactivate] voxel=7810 span=1 sleep=3/8 waiting
[INFO] [Deactivate] voxel=7813 span=1 sleep=3/8 waiting
[INFO] [Deactivate] voxel=7819 span=1 sleep=3/8 waiting
[INFO] [Deactivate] voxel=7821 span=1 sleep=5/8 waiting
[INFO] [Deactivate] voxel=7828 span=1 sleep=4/8 waiting
[INFO] [Deactivate] voxel=7830 span=1 sleep=4/8 waiting
[INFO] [Deactivate] voxel=7831 span=1 sleep=4/8 waiting
[INFO] [Deactivate] voxel=7835 span=1 sleep=5/8 waiting
[INFO] [Deactivate] voxel=7836 span=1 sleep=5/8 waiting
[INFO] [Deactivate] voxel=7849 span=1 sleep=5/8 waiting
[INFO] [Deactivate] voxel=7850 span=1 sleep=4/8 waiting
[INFO] [Deactivate] voxel=7853 span=1 sleep=5/8 waiting
[INFO] [Deactivate] voxel=7870 span=2 sleep=7/8 waiting
[INFO] [Deactivate] voxel=7871 span=1 sleep=5/8 waiting
[INFO] [Deactivate] voxel=7873 span=2 sleep=7/8 waiting
[INFO] [Deactivate] voxel=7885 span=1 sleep=5/8 waiting
[INFO] [Deactivate] voxel=7887 span=1 sleep=7/8 waiting
[INFO] [Deactivate] voxel=7891 span=1 sleep=7/8 waiting
[INFO] [Deactivate] voxel=7892 span=1 sleep=5/8 waiting
[INFO] [Deactivate] voxel=7895 span=1 sleep=7/8 waiting
[INFO] [Deactivate] voxel=7907 span=1 sleep=6/8 waiting
[INFO] [Deactivate] voxel=7908 span=1 sleep=5/8 waiting
[INFO] [Deactivate] voxel=7909 span=1 sleep=1/8 waiting
[INFO] [Deactivate] voxel=7910 span=1 sleep=6/8 waiting
[INFO] [Deactivate] voxel=7912 span=1 sleep=6/8 waiting
[INFO] [Deactivate] voxel=7917 span=1 sleep=6/8 waiting
[INFO] [Deactivate] voxel=7984 span=1 sleep=5/8 waiting
[INFO] [Deactivate] voxel=7985 span=1 sleep=5/8 waiting
[INFO] [Deactivate] voxel=7986 span=1 sleep=5/8 waiting
[INFO] [Deactivate] voxel=7987 span=1 sleep=5/8 waiting
[INFO] [Deactivate] voxel=7988 span=1 sleep=5/8 waiting
[INFO] [Deactivate] voxel=7989 span=1 sleep=5/8 waiting
[INFO] [Deactivate] voxel=7990 span=1 sleep=5/8 waiting
[INFO] [Deactivate] voxel=7991 span=1 sleep=5/8 waiting
[INFO] [Deactivate] voxel=7992 span=1 sleep=5/8 waiting
[INFO] [Deactivate] voxel=7993 span=1 sleep=1/8 waiting
[INFO] [Deactivate] voxel=7994 span=1 sleep=1/8 waiting
[INFO] [Deactivate] voxel=7995 span=1 sleep=1/8 waiting
[INFO] [Deactivate] voxel=7996 span=1 sleep=1/8 waiting
[INFO] [Deactivate] voxel=7997 span=1 sleep=1/8 waiting
[INFO] [Deactivate] voxel=7998 span=1 sleep=1/8 waiting
[INFO] [Deactivate] voxel=7999 span=1 sleep=1/8 waiting
[INFO] [Deactivate] voxel=8000 span=1 sleep=1/8 waiting
[INFO] [Deactivate] voxel=8001 span=1 sleep=1/8 waiting
[INFO] [Deactivate] voxel=8002 span=1 sleep=1/8 waiting
[INFO] [Deactivate] voxel=8003 span=1 sleep=1/8 waiting
[INFO] [Deactivate] voxel=8004 span=1 sleep=1/8 waiting
[INFO] [Deactivate] voxel=8005 span=1 sleep=1/8 waiting
[INFO] [Deactivate] voxel=8006 span=1 sleep=1/8 waiting
[INFO] [Deactivate] voxel=8007 span=1 sleep=1/8 waiting
[INFO] [Deactivate] voxel=8008 span=1 sleep=1/8 waiting
[INFO] [Deactivate] voxel=8009 span=1 sleep=1/8 waiting
[INFO] [Deactivate] voxel=8010 span=1 sleep=1/8 waiting
[INFO] [Deactivate] voxel=8011 span=1 sleep=1/8 waiting
[INFO] [Deactivate] voxel=8012 span=1 sleep=1/8 waiting
[INFO] [Deactivate] voxel=8013 span=1 sleep=1/8 waiting
[INFO] VAO: [ID 31] Unloaded vertex array data from VRAM (GPU)
[INFO] VAO: [ID 32] Mesh uploaded successfully to VRAM (GPU)
[INFO] [RemoveVoxel] idx=7741 voxel_count_before=8014 moved_from=8013 voxel_count_after=8013
[INFO] [RemoveVoxel] idx=7103 voxel_count_before=8013 moved_from=8012 voxel_count_after=8012
[INFO] [RemoveVoxel] idx=7052 voxel_count_before=8012 moved_from=8011 voxel_count_after=8011
[INFO] [RemoveVoxel] idx=7047 voxel_count_before=8011 moved_from=8010 voxel_count_after=8010
[INFO] [RemoveVoxel] idx=7046 voxel_count_before=8010 moved_from=8009 voxel_count_after=8009
[INFO] [RemoveVoxel] idx=7041 voxel_count_before=8009 moved_from=8008 voxel_count_after=8008
[INFO] [RemoveVoxel] idx=7038 voxel_count_before=8008 moved_from=8007 voxel_count_after=8007
[INFO] [RemoveVoxel] idx=7017 voxel_count_before=8007 moved_from=8006 voxel_count_after=8006
[INFO] [RemoveVoxel] idx=7015 voxel_count_before=8006 moved_from=8005 voxel_count_after=8005
[INFO] [RemoveVoxel] idx=6993 voxel_count_before=8005 moved_from=8004 voxel_count_after=8004
[INFO] [RemoveVoxel] idx=6992 voxel_count_before=8004 moved_from=8003 voxel_count_after=8003
[INFO] [RemoveVoxel] idx=6988 voxel_count_before=8003 moved_from=8002 voxel_count_after=8002
[INFO] [RemoveVoxel] idx=6980 voxel_count_before=8002 moved_from=8001 voxel_count_after=8001
[INFO] [RemoveVoxel] idx=6923 voxel_count_before=8001 moved_from=8000 voxel_count_after=8000
[INFO] [Multiscale] Emit span=1 grid=(-2..-2,4..4,1..1) pos=(-0.75,2.25,0.75)
[INFO] [Multiscale] Emit span=1 grid=(-2..-2,4..4,2..2) pos=(-0.75,2.25,1.25)
[INFO] [Multiscale] Emit span=1 grid=(-4..-4,4..4,3..3) pos=(-1.75,2.25,1.75)
[INFO] [Multiscale] Emit span=1 grid=(-3..-3,4..4,3..3) pos=(-1.25,2.25,1.75)
[INFO] [Multiscale] Emit span=1 grid=(-2..-2,4..4,3..3) pos=(-0.75,2.25,1.75)
[INFO] [Multiscale] Emit span=1 grid=(-2..-2,5..5,3..3) pos=(-0.75,2.75,1.75)
[INFO] [Multiscale] Emit span=1 grid=(-1..-1,5..5,3..3) pos=(-0.25,2.75,1.75)
[INFO] [Multiscale] Emit span=1 grid=(-4..-4,4..4,4..4) pos=(-1.75,2.25,2.25)
[INFO] [Multiscale] Emit span=1 grid=(-3..-3,4..4,4..4) pos=(-1.25,2.25,2.25)
[INFO] [Multiscale] Emit span=1 grid=(-2..-2,4..4,4..4) pos=(-0.75,2.25,2.25)
[INFO] [Multiscale] Emit span=1 grid=(-4..-4,5..5,4..4) pos=(-1.75,2.75,2.25)
[INFO] [Multiscale] Emit span=1 grid=(-3..-3,5..5,4..4) pos=(-1.25,2.75,2.25)
[INFO] [Multiscale] Emit span=1 grid=(-2..-2,5..5,4..4) pos=(-0.75,2.75,2.25)
[INFO] [Multiscale] Emit span=1 grid=(-3..-3,5..5,5..5) pos=(-1.25,2.75,2.75)
[INFO] [Multiscale] Converted 14 unit voxels into 14 span clusters
[INFO] [Activation] static->dynamic units=14 spawned=14 base=8000 after=8014
[INFO] [Deactivate] voxel=6923 span=1 sleep=2/8 waiting
[INFO] [Deactivate] voxel=6964 span=1 sleep=6/8 waiting
[INFO] [Deactivate] voxel=6980 span=1 sleep=2/8 waiting
[INFO] [Deactivate] voxel=6985 span=1 sleep=6/8 waiting
[INFO] [Deactivate] voxel=6986 span=1 sleep=6/8 waiting
[INFO] [Deactivate] voxel=6987 span=1 sleep=6/8 waiting
[INFO] [Deactivate] voxel=6988 span=1 sleep=2/8 waiting
[INFO] [Deactivate] voxel=6991 span=1 sleep=6/8 waiting
[INFO] [Deactivate] voxel=6992 span=1 sleep=2/8 waiting
[INFO] [Deactivate] voxel=6993 span=1 sleep=2/8 waiting
[INFO] [Support] no-static-connection pos=(-2.22,1.84,-1.26) bounds=(-5..-5,3..3,-3..-3)
[INFO] [Deactivate] cluster_support=false count=1 checked=1 invalid=0 reason=no-static-connection
[INFO] [Deactivate] voxel=7012 cluster=1 lacks static support
[INFO] [Deactivate] voxel=7014 span=1 sleep=6/8 waiting
[INFO] [Deactivate] voxel=7015 span=1 sleep=2/8 waiting
[INFO] [Deactivate] voxel=7017 span=1 sleep=2/8 waiting
[INFO] [Deactivate] voxel=7023 span=1 sleep=6/8 waiting
[INFO] [Deactivate] voxel=7024 span=1 sleep=6/8 waiting
[INFO] [Deactivate] voxel=7035 span=1 sleep=6/8 waiting
[INFO] [Deactivate] voxel=7038 span=1 sleep=2/8 waiting
[INFO] [Deactivate] voxel=7041 span=1 sleep=2/8 waiting
[INFO] [Deactivate] voxel=7045 span=1 sleep=3/8 waiting
[INFO] [Deactivate] voxel=7046 span=1 sleep=2/8 waiting
[INFO] [Deactivate] voxel=7047 span=1 sleep=2/8 waiting
[INFO] [Deactivate] voxel=7052 span=1 sleep=2/8 waiting
[INFO] [Deactivate] voxel=7075 cluster_ready=false fail_idx=7014 sleep=6 reason=insufficient-sleep
[INFO] [Deactivate] voxel=7076 span=1 sleep=7/8 waiting
[INFO] [Deactivate] voxel=7080 span=1 sleep=6/8 waiting
[INFO] [Deactivate] voxel=7097 span=1 sleep=4/8 waiting
[INFO] [Deactivate] voxel=7098 span=1 sleep=3/8 waiting
[INFO] [Deactivate] voxel=7103 span=1 sleep=2/8 waiting
[INFO] [Deactivate] voxel=7741 span=1 sleep=2/8 waiting
[INFO] [Deactivate] voxel=7760 span=1 sleep=4/8 waiting
[INFO] [Deactivate] voxel=7780 span=1 sleep=3/8 waiting
[INFO] [Deactivate] voxel=7781 span=1 sleep=3/8 waiting
[INFO] [Deactivate] voxel=7782 span=1 sleep=3/8 waiting
[INFO] [Deactivate] voxel=7783 span=1 sleep=4/8 waiting
[INFO] [Deactivate] voxel=7784 span=1 sleep=3/8 waiting
[INFO] [Deactivate] voxel=7785 span=1 sleep=3/8 waiting
[INFO] [Deactivate] voxel=7786 span=1 sleep=3/8 waiting
[INFO] [Deactivate] voxel=7788 span=1 sleep=3/8 waiting
[INFO] [Deactivate] voxel=7789 span=1 sleep=3/8 waiting
[INFO] [Deactivate] voxel=7791 span=1 sleep=4/8 waiting
[INFO] [Deactivate] voxel=7792 span=1 sleep=3/8 waiting
[INFO] [Deactivate] voxel=7793 span=1 sleep=3/8 waiting
[INFO] [Deactivate] voxel=7796 span=1 sleep=4/8 waiting
[INFO] [Deactivate] voxel=7798 span=1 sleep=3/8 waiting
[INFO] [Deactivate] voxel=7799 span=1 sleep=3/8 waiting
[INFO] [Deactivate] voxel=7801 span=1 sleep=4/8 waiting
[INFO] [Deactivate] voxel=7802 span=1 sleep=5/8 waiting
[INFO] [Deactivate] voxel=7803 span=1 sleep=4/8 waiting
[INFO] [Deactivate] voxel=7804 span=1 sleep=5/8 waiting
[INFO] [Deactivate] voxel=7805 span=1 sleep=4/8 waiting
[INFO] [Deactivate] voxel=7806 span=1 sleep=5/8 waiting
[INFO] [Deactivate] voxel=7807 span=1 sleep=4/8 waiting
[INFO] [Deactivate] voxel=7808 span=1 sleep=5/8 waiting
[INFO] [Deactivate] voxel=7809 span=1 sleep=5/8 waiting
[INFO] [Deactivate] voxel=7810 span=1 sleep=4/8 waiting
[INFO] [Deactivate] voxel=7813 span=1 sleep=4/8 waiting
[INFO] [Deactivate] voxel=7819 span=1 sleep=4/8 waiting
[INFO] [Deactivate] voxel=7821 span=1 sleep=6/8 waiting
[INFO] [Deactivate] voxel=7828 span=1 sleep=5/8 waiting
[INFO] [Deactivate] voxel=7830 span=1 sleep=5/8 waiting
[INFO] [Deactivate] voxel=7831 span=1 sleep=5/8 waiting
[INFO] [Deactivate] voxel=7835 span=1 sleep=6/8 waiting
[INFO] [Deactivate] voxel=7836 span=1 sleep=6/8 waiting
[INFO] [Deactivate] voxel=7849 span=1 sleep=6/8 waiting
[INFO] [Deactivate] voxel=7850 span=1 sleep=5/8 waiting
[INFO] [Deactivate] voxel=7853 span=1 sleep=6/8 waiting
[INFO] [Deactivate] voxel=7870 span=2 sleep=7/8 waiting
[INFO] [Deactivate] voxel=7871 span=1 sleep=6/8 waiting
[INFO] [Deactivate] voxel=7873 span=2 sleep=7/8 waiting
[INFO] [Deactivate] voxel=7885 span=1 sleep=6/8 waiting
[INFO] [Deactivate] voxel=7887 span=1 sleep=7/8 waiting
[INFO] [Deactivate] voxel=7891 span=1 sleep=7/8 waiting
[INFO] [Deactivate] voxel=7892 span=1 sleep=6/8 waiting
[INFO] [Deactivate] voxel=7895 span=1 sleep=7/8 waiting
[INFO] [Deactivate] voxel=7907 span=1 sleep=7/8 waiting
[INFO] [Deactivate] voxel=7908 span=1 sleep=6/8 waiting
[INFO] [Deactivate] voxel=7909 span=1 sleep=2/8 waiting
[INFO] [Deactivate] voxel=7910 span=1 sleep=7/8 waiting
[INFO] [Deactivate] voxel=7912 span=1 sleep=7/8 waiting
[INFO] [Deactivate] voxel=7917 span=1 sleep=7/8 waiting
[INFO] [Deactivate] voxel=7984 span=1 sleep=6/8 waiting
[INFO] [Deactivate] voxel=7985 span=1 sleep=6/8 waiting
[INFO] [Deactivate] voxel=7986 span=1 sleep=6/8 waiting
[INFO] [Deactivate] voxel=7987 span=1 sleep=6/8 waiting
[INFO] [Deactivate] voxel=7988 span=1 sleep=6/8 waiting
[INFO] [Deactivate] voxel=7989 span=1 sleep=6/8 waiting
[INFO] [Deactivate] voxel=7990 span=1 sleep=6/8 waiting
[INFO] [Deactivate] voxel=7991 span=1 sleep=6/8 waiting
[INFO] [Deactivate] voxel=7992 span=1 sleep=6/8 waiting
[INFO] [Deactivate] voxel=7993 span=1 sleep=2/8 waiting
[INFO] [Deactivate] voxel=7994 span=1 sleep=2/8 waiting
[INFO] [Deactivate] voxel=7995 span=1 sleep=2/8 waiting
[INFO] [Deactivate] voxel=7996 span=1 sleep=2/8 waiting
[INFO] [Deactivate] voxel=7997 span=1 sleep=2/8 waiting
[INFO] [Deactivate] voxel=7998 span=1 sleep=2/8 waiting
[INFO] [Deactivate] voxel=7999 span=1 sleep=2/8 waiting
[INFO] [Deactivate] voxel=8000 span=1 sleep=1/8 waiting
[INFO] [Deactivate] voxel=8001 span=1 sleep=1/8 waiting
[INFO] [Deactivate] voxel=8002 span=1 sleep=1/8 waiting
[INFO] [Deactivate] voxel=8003 span=1 sleep=1/8 waiting
[INFO] [Deactivate] voxel=8004 span=1 sleep=1/8 waiting
[INFO] [Deactivate] voxel=8005 span=1 sleep=1/8 waiting
[INFO] [Deactivate] voxel=8006 span=1 sleep=1/8 waiting
[INFO] [Deactivate] voxel=8007 span=1 sleep=1/8 waiting
[INFO] [Deactivate] voxel=8008 span=1 sleep=1/8 waiting
[INFO] [Deactivate] voxel=8009 span=1 sleep=1/8 waiting
[INFO] [Deactivate] voxel=8010 span=1 sleep=1/8 waiting
[INFO] [Deactivate] voxel=8011 span=1 sleep=1/8 waiting
[INFO] [Deactivate] voxel=8012 span=1 sleep=1/8 waiting
[INFO] [Deactivate] voxel=8013 span=1 sleep=1/8 waiting
[INFO] VAO: [ID 32] Unloaded vertex array data from VRAM (GPU)
[INFO] VAO: [ID 33] Mesh uploaded successfully to VRAM (GPU)
[INFO] [RemoveVoxel] idx=7742 voxel_count_before=8014 moved_from=8013 voxel_count_after=8013
[INFO] [RemoveVoxel] idx=7053 voxel_count_before=8013 moved_from=8012 voxel_count_after=8012
[INFO] [RemoveVoxel] idx=7048 voxel_count_before=8012 moved_from=8011 voxel_count_after=8011
[INFO] [RemoveVoxel] idx=7039 voxel_count_before=8011 moved_from=8010 voxel_count_after=8010
[INFO] [RemoveVoxel] idx=7022 voxel_count_before=8010 moved_from=8009 voxel_count_after=8009
[INFO] [RemoveVoxel] idx=7020 voxel_count_before=8009 moved_from=8008 voxel_count_after=8008
[INFO] [RemoveVoxel] idx=6990 voxel_count_before=8008 moved_from=8007 voxel_count_after=8007
[INFO] [Multiscale] Emit span=1 grid=(-4..-4,4..4,5..5) pos=(-1.75,2.25,2.75)
[INFO] [Multiscale] Emit span=1 grid=(-3..-3,4..4,5..5) pos=(-1.25,2.25,2.75)
[INFO] [Multiscale] Emit span=1 grid=(-2..-2,4..4,5..5) pos=(-0.75,2.25,2.75)
[INFO] [Multiscale] Emit span=1 grid=(-5..-5,5..5,5..5) pos=(-2.25,2.75,2.75)
[INFO] [Multiscale] Emit span=1 grid=(-4..-4,5..5,5..5) pos=(-1.75,2.75,2.75)
[INFO] [Multiscale] Emit span=1 grid=(-2..-2,5..5,5..5) pos=(-0.75,2.75,2.75)
[INFO] [Multiscale] Emit span=1 grid=(-1..-1,5..5,5..5) pos=(-0.25,2.75,2.75)
[INFO] [Multiscale] Converted 7 unit voxels into 7 span clusters
[INFO] [Activation] static->dynamic units=7 spawned=7 base=8007 after=8014
[INFO] [Deactivate] voxel=6923 span=1 sleep=3/8 waiting
[INFO] [Deactivate] voxel=6964 span=1 sleep=7/8 waiting
[INFO] [Deactivate] voxel=6980 span=1 sleep=3/8 waiting
[INFO] [Deactivate] voxel=6985 span=1 sleep=7/8 waiting
[INFO] [Deactivate] voxel=6986 span=1 sleep=7/8 waiting
[INFO] [Deactivate] voxel=6987 span=1 sleep=7/8 waiting
[INFO] [Deactivate] voxel=6988 span=1 sleep=3/8 waiting
[INFO] [Deactivate] voxel=6990 span=1 sleep=2/8 waiting
[INFO] [Deactivate] voxel=6991 span=1 sleep=7/8 waiting
[INFO] [Deactivate] voxel=6992 span=1 sleep=3/8 waiting
[INFO] [Deactivate] voxel=6993 span=1 sleep=3/8 waiting
[INFO] [Deactivate] voxel=7012 cluster_ready=false fail_idx=7809 sleep=6 reason=insufficient-sleep
[INFO] [Deactivate] voxel=7014 span=1 sleep=7/8 waiting
[INFO] [Deactivate] voxel=7015 span=1 sleep=3/8 waiting
[INFO] [Deactivate] voxel=7017 span=1 sleep=3/8 waiting
[INFO] [Deactivate] voxel=7020 span=1 sleep=2/8 waiting
[INFO] [Deactivate] voxel=7022 span=1 sleep=2/8 waiting
[INFO] [Deactivate] voxel=7023 span=1 sleep=7/8 waiting
[INFO] [Deactivate] voxel=7024 span=1 sleep=7/8 waiting
[INFO] [Deactivate] voxel=7035 span=1 sleep=7/8 waiting
[INFO] [Deactivate] voxel=7038 span=1 sleep=3/8 waiting
[INFO] [Deactivate] voxel=7039 span=1 sleep=2/8 waiting
[INFO] [Deactivate] voxel=7041 span=1 sleep=3/8 waiting
[INFO] [Deactivate] voxel=7045 span=1 sleep=4/8 waiting
[INFO] [Deactivate] voxel=7046 span=1 sleep=3/8 waiting
[INFO] [Deactivate] voxel=7047 span=1 sleep=3/8 waiting
[INFO] [Deactivate] voxel=7048 span=1 sleep=2/8 waiting
[INFO] [Deactivate] voxel=7052 span=1 sleep=3/8 waiting
[INFO] [Deactivate] voxel=7053 span=1 sleep=2/8 waiting
[INFO] [Deactivate] voxel=7075 span=1 sleep=7/8 waiting
[INFO] [Deactivate] voxel=7076 span=1 sleep=7/8 waiting
[INFO] [Deactivate] voxel=7080 span=1 sleep=7/8 waiting
[INFO] [Deactivate] voxel=7097 span=1 sleep=5/8 waiting
[INFO] [Deactivate] voxel=7098 span=1 sleep=4/8 waiting
[INFO] [Deactivate] voxel=7103 span=1 sleep=3/8 waiting
[INFO] [Deactivate] voxel=7741 span=1 sleep=3/8 waiting
[INFO] [Deactivate] voxel=7742 span=1 sleep=2/8 waiting
[INFO] [Deactivate] voxel=7760 span=1 sleep=5/8 waiting
[INFO] [Deactivate] voxel=7780 span=1 sleep=4/8 waiting
[INFO] [Deactivate] voxel=7781 span=1 sleep=4/8 waiting
[INFO] [Deactivate] voxel=7782 span=1 sleep=4/8 waiting
[INFO] [Deactivate] voxel=7783 span=1 sleep=5/8 waiting
[INFO] [Deactivate] voxel=7784 span=1 sleep=4/8 waiting
[INFO] [Deactivate] voxel=7785 span=1 sleep=4/8 waiting
[INFO] [Deactivate] voxel=7786 span=1 sleep=4/8 waiting
[INFO] [Deactivate] voxel=7788 span=1 sleep=4/8 waiting
[INFO] [Deactivate] voxel=7789 span=1 sleep=4/8 waiting
[INFO] [Deactivate] voxel=7791 span=1 sleep=5/8 waiting
[INFO] [Deactivate] voxel=7792 span=1 sleep=4/8 waiting
[INFO] [Deactivate] voxel=7793 span=1 sleep=4/8 waiting
[INFO] [Deactivate] voxel=7796 span=1 sleep=5/8 waiting
[INFO] [Deactivate] voxel=7798 span=1 sleep=4/8 waiting
[INFO] [Deactivate] voxel=7799 span=1 sleep=4/8 waiting
[INFO] [Deactivate] voxel=7801 span=1 sleep=5/8 waiting
[INFO] [Deactivate] voxel=7802 span=1 sleep=6/8 waiting
[INFO] [Deactivate] voxel=7803 span=1 sleep=5/8 waiting
[INFO] [Deactivate] voxel=7804 span=1 sleep=6/8 waiting
[INFO] [Deactivate] voxel=7805 span=1 sleep=5/8 waiting
[INFO] [Deactivate] voxel=7806 span=1 sleep=6/8 waiting
[INFO] [Deactivate] voxel=7807 span=1 sleep=5/8 waiting
[INFO] [Deactivate] voxel=7808 span=1 sleep=6/8 waiting
[INFO] [Deactivate] voxel=7809 span=1 sleep=6/8 waiting
[INFO] [Deactivate] voxel=7810 span=1 sleep=5/8 waiting
[INFO] [Deactivate] voxel=7813 span=1 sleep=5/8 waiting
[INFO] [Deactivate] voxel=7819 span=1 sleep=5/8 waiting
[INFO] [Deactivate] voxel=7821 span=1 sleep=7/8 waiting
[INFO] [Deactivate] voxel=7828 span=1 sleep=6/8 waiting
[INFO] [Deactivate] voxel=7830 span=1 sleep=6/8 waiting
[INFO] [Deactivate] voxel=7831 span=1 sleep=6/8 waiting
[INFO] [Deactivate] voxel=7835 span=1 sleep=7/8 waiting
[INFO] [Deactivate] voxel=7836 span=1 sleep=7/8 waiting
[INFO] [Deactivate] voxel=7849 span=1 sleep=7/8 waiting
[INFO] [Deactivate] voxel=7850 span=1 sleep=6/8 waiting
[INFO] [Deactivate] voxel=7853 span=1 sleep=7/8 waiting
[INFO] [Deactivate] voxel=7870 span=2 sleep=7/8 waiting
[INFO] [Deactivate] voxel=7871 span=1 sleep=7/8 waiting
[INFO] [Deactivate] voxel=7873 span=2 sleep=7/8 waiting
[INFO] [Deactivate] voxel=7885 span=1 sleep=7/8 waiting
[INFO] [Deactivate] voxel=7887 span=1 sleep=7/8 waiting
[INFO] [Deactivate] voxel=7891 span=1 sleep=7/8 waiting
[INFO] [Deactivate] voxel=7892 span=1 sleep=7/8 waiting
[INFO] [Deactivate] voxel=7895 span=1 sleep=7/8 waiting
[INFO] [Support] no-static-connection pos=(-2.84,1.03,-0.60) bounds=(-6..-6,2..2,-2..-2)
[INFO] [Deactivate] cluster_support=false count=1 checked=1 invalid=0 reason=no-static-connection
[INFO] [Deactivate] voxel=7907 cluster=1 lacks static support
[INFO] [Deactivate] voxel=7908 span=1 sleep=7/8 waiting
[INFO] [Deactivate] voxel=7909 span=1 sleep=3/8 waiting
[INFO] [Deactivate] voxel=7910 span=1 sleep=7/8 waiting
[INFO] [Deactivate] voxel=7912 span=1 sleep=7/8 waiting
[INFO] [Deactivate] voxel=7917 span=1 sleep=7/8 waiting
[INFO] [Deactivate] voxel=7984 span=1 sleep=7/8 waiting
[INFO] [Deactivate] voxel=7985 span=1 sleep=7/8 waiting
[INFO] [Deactivate] voxel=7986 span=1 sleep=7/8 waiting
[INFO] [Deactivate] voxel=7987 span=1 sleep=7/8 waiting
[INFO] [Deactivate] voxel=7988 span=1 sleep=7/8 waiting
[INFO] [Deactivate] voxel=7989 span=1 sleep=7/8 waiting
[INFO] [Deactivate] voxel=7990 span=1 sleep=7/8 waiting
[INFO] [Deactivate] voxel=7991 span=1 sleep=7/8 waiting
[INFO] [Deactivate] voxel=7992 span=1 sleep=7/8 waiting
[INFO] [Deactivate] voxel=7993 span=1 sleep=3/8 waiting
[INFO] [Deactivate] voxel=7994 span=1 sleep=3/8 waiting
[INFO] [Deactivate] voxel=7995 span=1 sleep=3/8 waiting
[INFO] [Deactivate] voxel=7996 span=1 sleep=3/8 waiting
[INFO] [Deactivate] voxel=7997 span=1 sleep=3/8 waiting
[INFO] [Deactivate] voxel=7998 span=1 sleep=3/8 waiting
[INFO] [Deactivate] voxel=7999 span=1 sleep=3/8 waiting
[INFO] [Deactivate] voxel=8000 span=1 sleep=2/8 waiting
[INFO] [Deactivate] voxel=8001 span=1 sleep=2/8 waiting
[INFO] [Deactivate] voxel=8002 span=1 sleep=2/8 waiting
[INFO] [Deactivate] voxel=8003 span=1 sleep=2/8 waiting
[INFO] [Deactivate] voxel=8004 span=1 sleep=2/8 waiting
[INFO] [Deactivate] voxel=8005 span=1 sleep=2/8 waiting
[INFO] [Deactivate] voxel=8006 span=1 sleep=2/8 waiting
[INFO] [Deactivate] voxel=8007 span=1 sleep=1/8 waiting
[INFO] [Deactivate] voxel=8008 span=1 sleep=1/8 waiting
[INFO] [Deactivate] voxel=8009 span=1 sleep=1/8 waiting
[INFO] [Deactivate] voxel=8010 span=1 sleep=1/8 waiting
[INFO] [Deactivate] voxel=8011 span=1 sleep=1/8 waiting
[INFO] [Deactivate] voxel=8012 span=1 sleep=1/8 waiting
[INFO] [Deactivate] voxel=8013 span=1 sleep=1/8 waiting
[INFO] VAO: [ID 33] Unloaded vertex array data from VRAM (GPU)
[INFO] VAO: [ID 34] Mesh uploaded successfully to VRAM (GPU)
[INFO] [RemoveVoxel] idx=7764 voxel_count_before=8015 moved_from=8014 voxel_count_after=8014
[INFO] [RemoveVoxel] idx=7750 voxel_count_before=8014 moved_from=8013 voxel_count_after=8013
[INFO] [RemoveVoxel] idx=7744 voxel_count_before=8013 moved_from=8012 voxel_count_after=8012
[INFO] [RemoveVoxel] idx=7738 voxel_count_before=8012 moved_from=8011 voxel_count_after=8011
[INFO] [RemoveVoxel] idx=7730 voxel_count_before=8011 moved_from=8010 voxel_count_after=8010
[INFO] [RemoveVoxel] idx=7726 voxel_count_before=8010 moved_from=8009 voxel_count_after=8009
[INFO] [RemoveVoxel] idx=7050 voxel_count_before=8009 moved_from=8008 voxel_count_after=8008
[INFO] [RemoveVoxel] idx=7021 voxel_count_before=8008 moved_from=8007 voxel_count_after=8007
[INFO] [RemoveVoxel] idx=7016 voxel_count_before=8007 moved_from=8006 voxel_count_after=8006
[INFO] [RemoveVoxel] idx=6995 voxel_count_before=8006 moved_from=8005 voxel_count_after=8005
[INFO] [Multiscale] Emit span=1 grid=(-5..-5,4..4,3..3) pos=(-2.25,2.25,1.75)
[INFO] [Multiscale] Emit span=1 grid=(-4..-4,2..2,4..4) pos=(-1.75,1.25,2.25)
[INFO] [Multiscale] Emit span=1 grid=(-5..-5,3..3,4..4) pos=(-2.25,1.75,2.25)
[INFO] [Multiscale] Emit span=1 grid=(-4..-4,3..3,4..4) pos=(-1.75,1.75,2.25)
[INFO] [Multiscale] Emit span=1 grid=(-5..-5,4..4,4..4) pos=(-2.25,2.25,2.25)
[INFO] [Multiscale] Emit span=1 grid=(-4..-4,4..4,4..4) pos=(-1.75,2.25,2.25)
[INFO] [Multiscale] Emit span=1 grid=(-5..-5,5..5,4..4) pos=(-2.25,2.75,2.25)
[INFO] [Multiscale] Emit span=1 grid=(-5..-5,3..3,5..5) pos=(-2.25,1.75,2.75)
[INFO] [Multiscale] Emit span=1 grid=(-4..-4,3..3,5..5) pos=(-1.75,1.75,2.75)
[INFO] [Multiscale] Emit span=1 grid=(-5..-5,4..4,5..5) pos=(-2.25,2.25,2.75)
[INFO] [Multiscale] Converted 10 unit voxels into 10 span clusters
[INFO] [Activation] static->dynamic units=10 spawned=10 base=8005 after=8015
[INFO] [Deactivate] voxel=6923 span=1 sleep=4/8 waiting
[INFO] [Deactivate] voxel=6964 cluster_ready=false fail_idx=7828 sleep=7 reason=insufficient-sleep
[INFO] [Deactivate] voxel=6980 span=1 sleep=4/8 waiting
[INFO] [Deactivate] voxel=6985 span=1 sleep=7/8 waiting
[INFO] [Deactivate] voxel=6986 span=1 sleep=7/8 waiting
[INFO] [Deactivate] voxel=6987 span=1 sleep=7/8 waiting
[INFO] [Deactivate] voxel=6988 span=1 sleep=4/8 waiting
[INFO] [Deactivate] voxel=6990 span=1 sleep=3/8 waiting
[INFO] [Deactivate] voxel=6991 span=1 sleep=7/8 waiting
[INFO] [Deactivate] voxel=6992 span=1 sleep=4/8 waiting
[INFO] [Deactivate] voxel=6993 span=1 sleep=4/8 waiting
[INFO] [Deactivate] voxel=6995 span=1 sleep=3/8 waiting
[INFO] [Deactivate] voxel=7012 span=1 sleep=7/8 waiting
[INFO] [Deactivate] voxel=7014 span=1 sleep=7/8 waiting
[INFO] [Deactivate] voxel=7015 span=1 sleep=4/8 waiting
[INFO] [Deactivate] voxel=7016 span=1 sleep=3/8 waiting
[INFO] [Deactivate] voxel=7017 span=1 sleep=4/8 waiting
[INFO] [Deactivate] voxel=7020 span=1 sleep=3/8 waiting
[INFO] [Deactivate] voxel=7021 span=1 sleep=2/8 waiting
[INFO] [Deactivate] voxel=7022 span=1 sleep=3/8 waiting
[INFO] [Deactivate] voxel=7023 span=1 sleep=7/8 waiting
[INFO] [Deactivate] voxel=7024 span=1 sleep=7/8 waiting
[INFO] [Deactivate] voxel=7035 span=1 sleep=7/8 waiting
[INFO] [Deactivate] voxel=7038 span=1 sleep=4/8 waiting
[INFO] [Deactivate] voxel=7039 span=1 sleep=3/8 waiting
[INFO] [Deactivate] voxel=7041 span=1 sleep=4/8 waiting
[INFO] [Deactivate] voxel=7045 span=1 sleep=5/8 waiting
[INFO] [Deactivate] voxel=7046 span=1 sleep=4/8 waiting
[INFO] [Deactivate] voxel=7047 span=1 sleep=4/8 waiting
[INFO] [Deactivate] voxel=7048 span=1 sleep=3/8 waiting
[INFO] [Deactivate] voxel=7050 span=1 sleep=2/8 waiting
[INFO] [Deactivate] voxel=7052 span=1 sleep=4/8 waiting
[INFO] [Deactivate] voxel=7053 span=1 sleep=3/8 waiting
[INFO] [Deactivate] voxel=7075 span=1 sleep=7/8 waiting
[INFO] [Deactivate] voxel=7076 span=1 sleep=7/8 waiting
[INFO] [Deactivate] voxel=7080 span=1 sleep=7/8 waiting
[INFO] [Deactivate] voxel=7097 span=1 sleep=6/8 waiting
[INFO] [Deactivate] voxel=7098 span=1 sleep=5/8 waiting
[INFO] [Deactivate] voxel=7103 span=1 sleep=4/8 waiting
[INFO] [Deactivate] voxel=7726 span=1 sleep=2/8 waiting
[INFO] [Deactivate] voxel=7730 span=1 sleep=2/8 waiting
[INFO] [Deactivate] voxel=7738 span=1 sleep=2/8 waiting
[INFO] [Deactivate] voxel=7741 span=1 sleep=4/8 waiting
[INFO] [Deactivate] voxel=7742 span=1 sleep=3/8 waiting
[INFO] [Deactivate] voxel=7744 span=1 sleep=2/8 waiting
[INFO] [Deactivate] voxel=7750 span=1 sleep=2/8 waiting
[INFO] [Deactivate] voxel=7760 span=1 sleep=6/8 waiting
[INFO] [Deactivate] voxel=7780 span=1 sleep=5/8 waiting
[INFO] [Deactivate] voxel=7781 span=1 sleep=5/8 waiting
[INFO] [Deactivate] voxel=7782 span=1 sleep=5/8 waiting
[INFO] [Deactivate] voxel=7783 span=1 sleep=6/8 waiting
[INFO] [Deactivate] voxel=7784 span=1 sleep=5/8 waiting
[INFO] [Deactivate] voxel=7785 span=1 sleep=5/8 waiting
[INFO] [Deactivate] voxel=7786 span=1 sleep=5/8 waiting
[INFO] [Deactivate] voxel=7788 span=1 sleep=5/8 waiting
[INFO] [Deactivate] voxel=7789 span=1 sleep=5/8 waiting
[INFO] [Deactivate] voxel=7791 span=1 sleep=6/8 waiting
[INFO] [Deactivate] voxel=7792 span=1 sleep=5/8 waiting
[INFO] [Deactivate] voxel=7793 span=1 sleep=5/8 waiting
[INFO] [Deactivate] voxel=7796 span=1 sleep=6/8 waiting
[INFO] [Deactivate] voxel=7798 span=1 sleep=5/8 waiting
[INFO] [Deactivate] voxel=7799 span=1 sleep=5/8 waiting
[INFO] [Deactivate] voxel=7801 span=1 sleep=6/8 waiting
[INFO] [Deactivate] voxel=7802 span=1 sleep=7/8 waiting
[INFO] [Deactivate] voxel=7803 span=1 sleep=6/8 waiting
[INFO] [Deactivate] voxel=7804 span=1 sleep=7/8 waiting
[INFO] [Deactivate] voxel=7805 span=1 sleep=6/8 waiting
[INFO] [Deactivate] voxel=7806 span=1 sleep=7/8 waiting
[INFO] [Deactivate] voxel=7807 span=1 sleep=6/8 waiting
[INFO] [Deactivate] voxel=7808 span=1 sleep=7/8 waiting
[INFO] [Deactivate] voxel=7809 span=1 sleep=7/8 waiting
[INFO] [Deactivate] voxel=7810 span=1 sleep=6/8 waiting
[INFO] [Deactivate] voxel=7813 span=1 sleep=6/8 waiting
[INFO] [Deactivate] voxel=7819 span=1 sleep=6/8 waiting
[INFO] [Deactivate] voxel=7821 span=1 sleep=7/8 waiting
[INFO] [Deactivate] voxel=7828 span=1 sleep=7/8 waiting
[INFO] [Deactivate] voxel=7830 span=1 sleep=7/8 waiting
[INFO] [Deactivate] voxel=7831 span=1 sleep=7/8 waiting
[INFO] [Deactivate] voxel=7835 span=1 sleep=7/8 waiting
[INFO] [Deactivate] voxel=7836 span=1 sleep=7/8 waiting
[INFO] [Deactivate] voxel=7849 span=1 sleep=7/8 waiting
[INFO] [Deactivate] voxel=7850 span=1 sleep=7/8 waiting
[INFO] [Deactivate] voxel=7853 span=1 sleep=7/8 waiting
[INFO] [Deactivate] voxel=7870 span=2 sleep=7/8 waiting
[INFO] [Deactivate] voxel=7871 span=1 sleep=7/8 waiting
[INFO] [Deactivate] voxel=7873 span=2 sleep=7/8 waiting
[INFO] [Deactivate] voxel=7885 span=1 sleep=7/8 waiting
[INFO] [Deactivate] voxel=7887 span=1 sleep=7/8 waiting
[INFO] [Deactivate] voxel=7891 span=1 sleep=7/8 waiting
[INFO] [Deactivate] voxel=7892 span=1 sleep=7/8 waiting
[INFO] [Deactivate] voxel=7895 span=1 sleep=7/8 waiting
[INFO] [RemoveVoxel] idx=7907 voxel_count_before=8015 moved_from=8014 voxel_count_after=8014
[INFO] [RestoreCluster] count=1 voxel_count before=8015 after_removal=8014 after_restore=8015 static_success=1
[INFO] [Deactivate] restored cluster starting=7907 count=1 remaining_budget_before=128
[INFO] [Deactivate] voxel=7907 span=1 sleep=1/8 waiting
[INFO] [Deactivate] voxel=7908 span=1 sleep=7/8 waiting
[INFO] [Deactivate] voxel=7909 span=1 sleep=4/8 waiting
[INFO] [Deactivate] voxel=7910 span=1 sleep=7/8 waiting
[INFO] [Deactivate] voxel=7912 span=1 sleep=7/8 waiting
[INFO] [Deactivate] voxel=7917 span=1 sleep=7/8 waiting
[INFO] [Deactivate] voxel=7984 span=1 sleep=7/8 waiting
[INFO] [Deactivate] voxel=7985 span=1 sleep=7/8 waiting
[INFO] [Deactivate] voxel=7986 span=1 sleep=7/8 waiting
[INFO] [Deactivate] voxel=7987 span=1 sleep=7/8 waiting
[INFO] [Deactivate] voxel=7988 span=1 sleep=7/8 waiting
[INFO] [Deactivate] voxel=7989 span=1 sleep=7/8 waiting
[INFO] [Deactivate] voxel=7990 span=1 sleep=7/8 waiting
[INFO] [Deactivate] voxel=7991 span=1 sleep=7/8 waiting
[INFO] [Deactivate] voxel=7992 span=1 sleep=7/8 waiting
[INFO] [Deactivate] voxel=7993 span=1 sleep=4/8 waiting
[INFO] [Deactivate] voxel=7994 span=1 sleep=4/8 waiting
[INFO] [Deactivate] voxel=7995 span=1 sleep=4/8 waiting
[INFO] [Deactivate] voxel=7996 span=1 sleep=4/8 waiting
[INFO] [Deactivate] voxel=7997 span=1 sleep=4/8 waiting
[INFO] [Deactivate] voxel=7998 span=1 sleep=4/8 waiting
[INFO] [Deactivate] voxel=7999 span=1 sleep=4/8 waiting
[INFO] [Deactivate] voxel=8000 span=1 sleep=3/8 waiting
[INFO] [Deactivate] voxel=8001 span=1 sleep=3/8 waiting
[INFO] [Deactivate] voxel=8002 span=1 sleep=3/8 waiting
[INFO] [Deactivate] voxel=8003 span=1 sleep=3/8 waiting
[INFO] [Deactivate] voxel=8004 span=1 sleep=3/8 waiting
[INFO] [Deactivate] voxel=8005 span=1 sleep=1/8 waiting
[INFO] [Deactivate] voxel=8006 span=1 sleep=1/8 waiting
[INFO] [Deactivate] voxel=8007 span=1 sleep=1/8 waiting
[INFO] [Deactivate] voxel=8008 span=1 sleep=1/8 waiting
[INFO] [Deactivate] voxel=8009 span=1 sleep=1/8 waiting
[INFO] [Deactivate] voxel=8010 span=1 sleep=1/8 waiting
[INFO] [Deactivate] voxel=8011 span=1 sleep=1/8 waiting
[INFO] [Deactivate] voxel=8012 span=1 sleep=1/8 waiting
[INFO] [Deactivate] voxel=8013 span=1 sleep=1/8 waiting
[INFO] VAO: [ID 34] Unloaded vertex array data from VRAM (GPU)
[INFO] VAO: [ID 35] Mesh uploaded successfully to VRAM (GPU)
[INFO] [Deactivate] voxel=6923 span=1 sleep=5/8 waiting
[INFO] [Deactivate] voxel=6964 cluster_ready=false fail_idx=7813 sleep=7 reason=insufficient-sleep
[INFO] [Deactivate] voxel=6980 span=1 sleep=5/8 waiting
[INFO] [Deactivate] voxel=6985 span=1 sleep=7/8 waiting
[INFO] [Deactivate] voxel=6986 span=1 sleep=7/8 waiting
[INFO] [Deactivate] voxel=6987 span=1 sleep=7/8 waiting
[INFO] [Deactivate] voxel=6988 span=1 sleep=5/8 waiting
[INFO] [Deactivate] voxel=6990 span=1 sleep=4/8 waiting
[INFO] [Deactivate] voxel=6991 span=1 sleep=7/8 waiting
[INFO] [Deactivate] voxel=6992 span=1 sleep=5/8 waiting
[INFO] [Deactivate] voxel=6993 span=1 sleep=5/8 waiting
[INFO] [Deactivate] voxel=6995 span=1 sleep=4/8 waiting
[INFO] [Deactivate] voxel=7012 span=1 sleep=7/8 waiting
[INFO] [Deactivate] voxel=7014 span=1 sleep=7/8 waiting
[INFO] [Deactivate] voxel=7015 span=1 sleep=5/8 waiting
[INFO] [Deactivate] voxel=7016 span=1 sleep=4/8 waiting
[INFO] [Deactivate] voxel=7017 span=1 sleep=5/8 waiting
[INFO] [Deactivate] voxel=7020 span=1 sleep=4/8 waiting
[INFO] [Deactivate] voxel=7021 span=1 sleep=3/8 waiting
[INFO] [Deactivate] voxel=7022 span=1 sleep=4/8 waiting
[INFO] [Deactivate] voxel=7023 span=1 sleep=7/8 waiting
[INFO] [Deactivate] voxel=7024 span=1 sleep=7/8 waiting
[INFO] [Deactivate] voxel=7035 span=1 sleep=7/8 waiting
[INFO] [Deactivate] voxel=7038 span=1 sleep=5/8 waiting
[INFO] [Deactivate] voxel=7039 span=1 sleep=4/8 waiting
[INFO] [Deactivate] voxel=7041 span=1 sleep=5/8 waiting
[INFO] [Deactivate] voxel=7045 span=1 sleep=6/8 waiting
[INFO] [Deactivate] voxel=7046 span=1 sleep=5/8 waiting
[INFO] [Deactivate] voxel=7047 span=1 sleep=5/8 waiting
[INFO] [Deactivate] voxel=7048 span=1 sleep=4/8 waiting
[INFO] [Deactivate] voxel=7050 span=1 sleep=3/8 waiting
[INFO] [Deactivate] voxel=7052 span=1 sleep=5/8 waiting
[INFO] [Deactivate] voxel=7053 span=1 sleep=4/8 waiting
[INFO] [Deactivate] voxel=7075 span=1 sleep=7/8 waiting
[INFO] [Deactivate] voxel=7076 span=1 sleep=7/8 waiting
[INFO] [Deactivate] voxel=7080 span=1 sleep=7/8 waiting
[INFO] [Deactivate] voxel=7097 span=1 sleep=7/8 waiting
[INFO] [Deactivate] voxel=7098 span=1 sleep=6/8 waiting
[INFO] [Deactivate] voxel=7103 span=1 sleep=5/8 waiting
[INFO] [Deactivate] voxel=7726 span=1 sleep=3/8 waiting
[INFO] [Deactivate] voxel=7730 span=1 sleep=3/8 waiting
[INFO] [Deactivate] voxel=7738 span=1 sleep=3/8 waiting
[INFO] [Deactivate] voxel=7741 span=1 sleep=5/8 waiting
[INFO] [Deactivate] voxel=7742 span=1 sleep=4/8 waiting
[INFO] [Deactivate] voxel=7744 span=1 sleep=3/8 waiting
[INFO] [Deactivate] voxel=7750 span=1 sleep=3/8 waiting
[INFO] [Deactivate] voxel=7760 span=1 sleep=7/8 waiting
[INFO] [Deactivate] voxel=7780 span=1 sleep=6/8 waiting
[INFO] [Deactivate] voxel=7781 span=1 sleep=6/8 waiting
[INFO] [Deactivate] voxel=7782 span=1 sleep=6/8 waiting
[INFO] [Deactivate] voxel=7783 span=1 sleep=7/8 waiting
[INFO] [Deactivate] voxel=7784 span=1 sleep=6/8 waiting
[INFO] [Deactivate] voxel=7785 span=1 sleep=6/8 waiting
[INFO] [Deactivate] voxel=7786 span=1 sleep=6/8 waiting
[INFO] [Deactivate] voxel=7788 span=1 sleep=6/8 waiting
[INFO] [Deactivate] voxel=7789 span=1 sleep=6/8 waiting
[INFO] [Deactivate] voxel=7791 span=1 sleep=7/8 waiting
[INFO] [Deactivate] voxel=7792 span=1 sleep=6/8 waiting
[INFO] [Deactivate] voxel=7793 span=1 sleep=6/8 waiting
[INFO] [Deactivate] voxel=7796 span=1 sleep=7/8 waiting
[INFO] [Deactivate] voxel=7798 span=1 sleep=6/8 waiting
[INFO] [Deactivate] voxel=7799 span=1 sleep=6/8 waiting
[INFO] [Deactivate] voxel=7801 span=1 sleep=7/8 waiting
[INFO] [Deactivate] voxel=7802 span=1 sleep=7/8 waiting
[INFO] [Deactivate] voxel=7803 span=1 sleep=7/8 waiting
[INFO] [Deactivate] voxel=7804 span=1 sleep=7/8 waiting
[INFO] [Deactivate] voxel=7805 span=1 sleep=7/8 waiting
[INFO] [Deactivate] voxel=7806 span=1 sleep=7/8 waiting
[INFO] [Deactivate] voxel=7807 span=1 sleep=7/8 waiting
[INFO] [Deactivate] voxel=7808 span=1 sleep=7/8 waiting
[INFO] [Deactivate] voxel=7809 span=1 sleep=7/8 waiting
[INFO] [Deactivate] voxel=7810 span=1 sleep=7/8 waiting
[INFO] [Deactivate] voxel=7813 span=1 sleep=7/8 waiting
[INFO] [Deactivate] voxel=7819 span=1 sleep=7/8 waiting
[INFO] [Deactivate] voxel=7821 span=1 sleep=7/8 waiting
[INFO] [Deactivate] voxel=7828 span=1 sleep=7/8 waiting
[INFO] [Deactivate] voxel=7830 span=1 sleep=7/8 waiting
[INFO] [Deactivate] voxel=7831 span=1 sleep=7/8 waiting
[INFO] [Deactivate] voxel=7835 span=1 sleep=7/8 waiting
[INFO] [Deactivate] voxel=7836 span=1 sleep=7/8 waiting
[INFO] [Deactivate] voxel=7849 span=1 sleep=7/8 waiting
[INFO] [Deactivate] voxel=7850 span=1 sleep=7/8 waiting
[INFO] [Deactivate] voxel=7853 span=1 sleep=7/8 waiting
[INFO] [Deactivate] voxel=7870 span=2 sleep=7/8 waiting
[INFO] [Deactivate] voxel=7871 span=1 sleep=7/8 waiting
[INFO] [Deactivate] voxel=7873 span=2 sleep=7/8 waiting
[INFO] [Deactivate] voxel=7885 span=1 sleep=7/8 waiting
[INFO] [Deactivate] voxel=7887 span=1 sleep=7/8 waiting
[INFO] [Deactivate] voxel=7891 span=1 sleep=7/8 waiting
[INFO] [Deactivate] voxel=7892 span=1 sleep=7/8 waiting
[INFO] [Deactivate] voxel=7895 span=1 sleep=7/8 waiting
[INFO] [Deactivate] voxel=7907 span=1 sleep=2/8 waiting
[INFO] [Deactivate] voxel=7908 span=1 sleep=7/8 waiting
[INFO] [Deactivate] voxel=7909 span=1 sleep=5/8 waiting
[INFO] [Deactivate] voxel=7910 span=1 sleep=7/8 waiting
[INFO] [Deactivate] voxel=7912 span=1 sleep=7/8 waiting
[INFO] [Deactivate] voxel=7917 span=1 sleep=7/8 waiting
[INFO] [Deactivate] voxel=7984 span=1 sleep=7/8 waiting
[INFO] [Deactivate] voxel=7985 span=1 sleep=7/8 waiting
[INFO] [Deactivate] voxel=7986 span=1 sleep=7/8 waiting
[INFO] [Deactivate] voxel=7987 span=1 sleep=7/8 waiting
[INFO] [Deactivate] voxel=7988 span=1 sleep=7/8 waiting
[INFO] [Deactivate] voxel=7989 span=1 sleep=7/8 waiting
[INFO] [Deactivate] voxel=7990 span=1 sleep=7/8 waiting
[INFO] [Deactivate] voxel=7991 span=1 sleep=7/8 waiting
[INFO] [Deactivate] voxel=7992 span=1 sleep=7/8 waiting
[INFO] [Deactivate] voxel=7993 span=1 sleep=5/8 waiting
[INFO] [Deactivate] voxel=7994 span=1 sleep=5/8 waiting
[INFO] [Deactivate] voxel=7995 span=1 sleep=5/8 waiting
[INFO] [Deactivate] voxel=7996 span=1 sleep=5/8 waiting
[INFO] [Deactivate] voxel=7997 span=1 sleep=5/8 waiting
[INFO] [Deactivate] voxel=7998 span=1 sleep=5/8 waiting
[INFO] [Deactivate] voxel=7999 span=1 sleep=5/8 waiting
[INFO] [Deactivate] voxel=8000 span=1 sleep=4/8 waiting
[INFO] [Deactivate] voxel=8001 span=1 sleep=4/8 waiting
[INFO] [Deactivate] voxel=8002 span=1 sleep=4/8 waiting
[INFO] [Deactivate] voxel=8003 span=1 sleep=4/8 waiting
[INFO] [Deactivate] voxel=8004 span=1 sleep=4/8 waiting
[INFO] [Deactivate] voxel=8005 span=1 sleep=2/8 waiting
[INFO] [Deactivate] voxel=8006 span=1 sleep=2/8 waiting
[INFO] [Deactivate] voxel=8007 span=1 sleep=2/8 waiting
[INFO] [Deactivate] voxel=8008 span=1 sleep=2/8 waiting
[INFO] [Deactivate] voxel=8009 span=1 sleep=2/8 waiting
[INFO] [Deactivate] voxel=8010 span=1 sleep=2/8 waiting
[INFO] [Deactivate] voxel=8011 span=1 sleep=2/8 waiting
[INFO] [Deactivate] voxel=8012 span=1 sleep=2/8 waiting
[INFO] [Deactivate] voxel=8013 span=1 sleep=2/8 waiting
[INFO] [Deactivate] voxel=6923 span=1 sleep=6/8 waiting
[INFO] [Deactivate] voxel=6964 cluster_ready=false fail_idx=7798 sleep=7 reason=insufficient-sleep
[INFO] [Deactivate] voxel=6980 span=1 sleep=6/8 waiting
[INFO] [Deactivate] voxel=6985 span=1 sleep=7/8 waiting
[INFO] [Deactivate] voxel=6986 span=1 sleep=7/8 waiting
[INFO] [Deactivate] voxel=6987 span=1 sleep=7/8 waiting
[INFO] [Deactivate] voxel=6988 span=1 sleep=6/8 waiting
[INFO] [Deactivate] voxel=6990 span=1 sleep=5/8 waiting
[INFO] [Deactivate] voxel=6991 span=1 sleep=7/8 waiting
[INFO] [Deactivate] voxel=6992 span=1 sleep=6/8 waiting
[INFO] [Deactivate] voxel=6993 span=1 sleep=6/8 waiting
[INFO] [Deactivate] voxel=6995 span=1 sleep=5/8 waiting
[INFO] [Deactivate] voxel=7012 span=1 sleep=7/8 waiting
[INFO] [Deactivate] voxel=7014 span=1 sleep=7/8 waiting
[INFO] [Deactivate] voxel=7015 span=1 sleep=6/8 waiting
[INFO] [Deactivate] voxel=7016 span=1 sleep=5/8 waiting
[INFO] [Deactivate] voxel=7017 span=1 sleep=6/8 waiting
[INFO] [Deactivate] voxel=7020 span=1 sleep=5/8 waiting
[INFO] [Deactivate] voxel=7021 span=1 sleep=4/8 waiting
[INFO] [Deactivate] voxel=7022 span=1 sleep=5/8 waiting
[INFO] [Deactivate] voxel=7023 span=1 sleep=7/8 waiting
[INFO] [Deactivate] voxel=7024 span=1 sleep=7/8 waiting
[INFO] [Deactivate] voxel=7035 span=1 sleep=7/8 waiting
[INFO] [Deactivate] voxel=7038 span=1 sleep=6/8 waiting
[INFO] [Deactivate] voxel=7039 span=1 sleep=5/8 waiting
[INFO] [Deactivate] voxel=7041 span=1 sleep=6/8 waiting
[INFO] [Deactivate] voxel=7045 span=1 sleep=7/8 waiting
[INFO] [Deactivate] voxel=7046 span=1 sleep=6/8 waiting
[INFO] [Deactivate] voxel=7047 span=1 sleep=6/8 waiting
[INFO] [Deactivate] voxel=7048 span=1 sleep=5/8 waiting
[INFO] [Deactivate] voxel=7050 span=1 sleep=4/8 waiting
[INFO] [Deactivate] voxel=7052 span=1 sleep=6/8 waiting
[INFO] [Deactivate] voxel=7053 span=1 sleep=5/8 waiting
[INFO] [Deactivate] voxel=7075 span=1 sleep=7/8 waiting
[INFO] [Deactivate] voxel=7076 span=1 sleep=7/8 waiting
[INFO] [Deactivate] voxel=7080 span=1 sleep=7/8 waiting
[INFO] [Deactivate] voxel=7097 span=1 sleep=7/8 waiting
[INFO] [Deactivate] voxel=7098 span=1 sleep=7/8 waiting
[INFO] [Deactivate] voxel=7103 span=1 sleep=6/8 waiting
[INFO] [Deactivate] voxel=7726 span=1 sleep=4/8 waiting
[INFO] [Deactivate] voxel=7730 span=1 sleep=4/8 waiting
[INFO] [Deactivate] voxel=7738 span=1 sleep=4/8 waiting
[INFO] [Deactivate] voxel=7741 span=1 sleep=6/8 waiting
[INFO] [Deactivate] voxel=7742 span=1 sleep=5/8 waiting
[INFO] [Deactivate] voxel=7744 span=1 sleep=4/8 waiting
[INFO] [Deactivate] voxel=7750 span=1 sleep=4/8 waiting
[INFO] [Deactivate] voxel=7760 span=1 sleep=7/8 waiting
[INFO] [Deactivate] voxel=7780 span=1 sleep=7/8 waiting
[INFO] [Deactivate] voxel=7781 span=1 sleep=7/8 waiting
[INFO] [Deactivate] voxel=7782 span=1 sleep=7/8 waiting
[INFO] [Deactivate] voxel=7783 span=1 sleep=7/8 waiting
[INFO] [Deactivate] voxel=7784 span=1 sleep=7/8 waiting
[INFO] [Deactivate] voxel=7785 span=1 sleep=7/8 waiting
[INFO] [Deactivate] voxel=7786 span=1 sleep=7/8 waiting
[INFO] [Deactivate] voxel=7788 span=1 sleep=7/8 waiting
[INFO] [Deactivate] voxel=7789 span=1 sleep=7/8 waiting
[INFO] [Deactivate] voxel=7791 span=1 sleep=7/8 waiting
[INFO] [Deactivate] voxel=7792 span=1 sleep=7/8 waiting
[INFO] [Deactivate] voxel=7793 span=1 sleep=7/8 waiting
[INFO] [Deactivate] voxel=7796 span=1 sleep=7/8 waiting
[INFO] [Deactivate] voxel=7798 span=1 sleep=7/8 waiting
[INFO] [Deactivate] voxel=7799 span=1 sleep=7/8 waiting
[INFO] [Deactivate] voxel=7801 span=1 sleep=7/8 waiting
[INFO] [Deactivate] voxel=7802 span=1 sleep=7/8 waiting
[INFO] [Deactivate] voxel=7803 span=1 sleep=7/8 waiting
[INFO] [Deactivate] voxel=7804 span=1 sleep=7/8 waiting
[INFO] [Deactivate] voxel=7805 span=1 sleep=7/8 waiting
[INFO] [Deactivate] voxel=7806 span=1 sleep=7/8 waiting
[INFO] [Deactivate] voxel=7807 span=1 sleep=7/8 waiting
[INFO] [Deactivate] voxel=7808 span=1 sleep=7/8 waiting
[INFO] [Deactivate] voxel=7809 span=1 sleep=7/8 waiting
[INFO] [Deactivate] voxel=7810 span=1 sleep=7/8 waiting
[INFO] [Deactivate] voxel=7813 span=1 sleep=7/8 waiting
[INFO] [Deactivate] voxel=7819 span=1 sleep=7/8 waiting
[INFO] [Deactivate] voxel=7821 span=1 sleep=7/8 waiting
[INFO] [Deactivate] voxel=7828 span=1 sleep=7/8 waiting
[INFO] [Deactivate] voxel=7830 span=1 sleep=7/8 waiting
[INFO] [Deactivate] voxel=7831 span=1 sleep=7/8 waiting
[INFO] [Deactivate] voxel=7835 span=1 sleep=7/8 waiting
[INFO] [Deactivate] voxel=7836 span=1 sleep=7/8 waiting
[INFO] [Deactivate] voxel=7849 span=1 sleep=7/8 waiting
[INFO] [Deactivate] voxel=7850 span=1 sleep=7/8 waiting
[INFO] [Deactivate] voxel=7853 span=1 sleep=7/8 waiting
[INFO] [Deactivate] voxel=7870 span=2 sleep=7/8 waiting
[INFO] [Deactivate] voxel=7871 span=1 sleep=7/8 waiting
[INFO] [Deactivate] voxel=7873 span=2 sleep=7/8 waiting
[INFO] [Deactivate] voxel=7885 span=1 sleep=7/8 waiting
[INFO] [Deactivate] voxel=7887 span=1 sleep=7/8 waiting
[INFO] [Deactivate] voxel=7891 span=1 sleep=7/8 waiting
[INFO] [Deactivate] voxel=7892 span=1 sleep=7/8 waiting
[INFO] [Deactivate] voxel=7895 span=1 sleep=7/8 waiting
[INFO] [Deactivate] voxel=7907 span=1 sleep=3/8 waiting
[INFO] [Deactivate] voxel=7908 span=1 sleep=7/8 waiting
[INFO] [Deactivate] voxel=7909 span=1 sleep=6/8 waiting
[INFO] [Deactivate] voxel=7910 span=1 sleep=7/8 waiting
[INFO] [Deactivate] voxel=7912 span=1 sleep=7/8 waiting
[INFO] [Deactivate] voxel=7917 span=1 sleep=7/8 waiting
[INFO] [Deactivate] voxel=7984 span=1 sleep=7/8 waiting
[INFO] [Deactivate] voxel=7985 span=1 sleep=7/8 waiting
[INFO] [Deactivate] voxel=7986 span=1 sleep=7/8 waiting
[INFO] [Deactivate] voxel=7987 span=1 sleep=7/8 waiting
[INFO] [Deactivate] voxel=7988 span=1 sleep=7/8 waiting
[INFO] [Deactivate] voxel=7989 span=1 sleep=7/8 waiting
[INFO] [Deactivate] voxel=7990 span=1 sleep=7/8 waiting
[INFO] [Deactivate] voxel=7991 span=1 sleep=7/8 waiting
[INFO] [Deactivate] voxel=7992 span=1 sleep=7/8 waiting
[INFO] [Deactivate] voxel=7993 span=1 sleep=6/8 waiting
[INFO] [Deactivate] voxel=7994 span=1 sleep=6/8 waiting
[INFO] [Deactivate] voxel=7995 span=1 sleep=6/8 waiting
[INFO] [Deactivate] voxel=7996 span=1 sleep=6/8 waiting
[INFO] [Deactivate] voxel=7997 span=1 sleep=6/8 waiting
[INFO] [Deactivate] voxel=7998 span=1 sleep=6/8 waiting
[INFO] [Deactivate] voxel=7999 span=1 sleep=6/8 waiting
[INFO] [Deactivate] voxel=8000 span=1 sleep=5/8 waiting
[INFO] [Deactivate] voxel=8001 span=1 sleep=5/8 waiting
[INFO] [Deactivate] voxel=8002 span=1 sleep=5/8 waiting
[INFO] [Deactivate] voxel=8003 span=1 sleep=5/8 waiting
[INFO] [Deactivate] voxel=8004 span=1 sleep=5/8 waiting
[INFO] [Deactivate] voxel=8005 span=1 sleep=3/8 waiting
[INFO] [Deactivate] voxel=8006 span=1 sleep=3/8 waiting
[INFO] [Deactivate] voxel=8007 span=1 sleep=3/8 waiting
[INFO] [Deactivate] voxel=8008 span=1 sleep=3/8 waiting
[INFO] [Deactivate] voxel=8009 span=1 sleep=3/8 waiting
[INFO] [Deactivate] voxel=8010 span=1 sleep=3/8 waiting
[INFO] [Deactivate] voxel=8011 span=1 sleep=3/8 waiting
[INFO] [Deactivate] voxel=8012 span=1 sleep=3/8 waiting
[INFO] [Deactivate] voxel=8013 span=1 sleep=3/8 waiting
[INFO] [Deactivate] voxel=6923 span=1 sleep=7/8 waiting
[INFO] [Deactivate] voxel=6964 cluster_ready=false fail_idx=8000 sleep=6 reason=insufficient-sleep
[INFO] [Deactivate] voxel=6980 span=1 sleep=7/8 waiting
[INFO] [Deactivate] voxel=6985 span=1 sleep=7/8 waiting
[INFO] [Deactivate] voxel=6986 span=1 sleep=7/8 waiting
[INFO] [Deactivate] voxel=6987 span=1 sleep=7/8 waiting
[INFO] [Deactivate] voxel=6988 span=1 sleep=7/8 waiting
[INFO] [Deactivate] voxel=6990 span=1 sleep=6/8 waiting
[INFO] [Deactivate] voxel=6991 span=1 sleep=7/8 waiting
[INFO] [Deactivate] voxel=6992 span=1 sleep=7/8 waiting
[INFO] [Deactivate] voxel=6993 span=1 sleep=7/8 waiting
[INFO] [Deactivate] voxel=6995 span=1 sleep=6/8 waiting
[INFO] [Deactivate] voxel=7012 span=1 sleep=7/8 waiting
[INFO] [Deactivate] voxel=7014 span=1 sleep=7/8 waiting
[INFO] [Deactivate] voxel=7015 span=1 sleep=7/8 waiting
[INFO] [Deactivate] voxel=7016 span=1 sleep=6/8 waiting
[INFO] [Deactivate] voxel=7017 span=1 sleep=7/8 waiting
[INFO] [Deactivate] voxel=7020 span=1 sleep=6/8 waiting
[INFO] [Deactivate] voxel=7021 span=1 sleep=5/8 waiting
[INFO] [Deactivate] voxel=7022 span=1 sleep=6/8 waiting
[INFO] [Deactivate] voxel=7023 span=1 sleep=7/8 waiting
[INFO] [Deactivate] voxel=7024 span=1 sleep=7/8 waiting
[INFO] [Deactivate] voxel=7035 span=1 sleep=7/8 waiting
[INFO] [Deactivate] voxel=7038 span=1 sleep=7/8 waiting
[INFO] [Deactivate] voxel=7039 span=1 sleep=6/8 waiting
[INFO] [Deactivate] voxel=7041 span=1 sleep=7/8 waiting
[INFO] [Deactivate] voxel=7045 span=1 sleep=7/8 waiting
[INFO] [Deactivate] voxel=7046 span=1 sleep=7/8 waiting
[INFO] [Deactivate] voxel=7047 span=1 sleep=7/8 waiting
[INFO] [Deactivate] voxel=7048 span=1 sleep=6/8 waiting
[INFO] [Deactivate] voxel=7050 span=1 sleep=5/8 waiting
[INFO] [Deactivate] voxel=7052 span=1 sleep=7/8 waiting
[INFO] [Deactivate] voxel=7053 span=1 sleep=6/8 waiting
[INFO] [Deactivate] voxel=7075 span=1 sleep=7/8 waiting
[INFO] [Deactivate] voxel=7076 span=1 sleep=7/8 waiting
[INFO] [Deactivate] voxel=7080 span=1 sleep=7/8 waiting
[INFO] [Deactivate] voxel=7097 span=1 sleep=7/8 waiting
[INFO] [Deactivate] voxel=7098 span=1 sleep=7/8 waiting
[INFO] [Deactivate] voxel=7103 span=1 sleep=7/8 waiting
[INFO] [Deactivate] voxel=7726 span=1 sleep=5/8 waiting
[INFO] [Deactivate] voxel=7730 span=1 sleep=5/8 waiting
[INFO] [Deactivate] voxel=7738 span=1 sleep=5/8 waiting
[INFO] [Deactivate] voxel=7741 span=1 sleep=7/8 waiting
[INFO] [Deactivate] voxel=7742 span=1 sleep=6/8 waiting
[INFO] [Deactivate] voxel=7744 span=1 sleep=5/8 waiting
[INFO] [Deactivate] voxel=7750 span=1 sleep=5/8 waiting
[INFO] [Deactivate] voxel=7760 span=1 sleep=7/8 waiting
[INFO] [Deactivate] voxel=7780 span=1 sleep=7/8 waiting
[INFO] [Deactivate] voxel=7781 span=1 sleep=7/8 waiting
[INFO] [Deactivate] voxel=7782 span=1 sleep=7/8 waiting
[INFO] [Deactivate] voxel=7783 span=1 sleep=7/8 waiting
[INFO] [Deactivate] voxel=7784 span=1 sleep=7/8 waiting
[INFO] [Deactivate] voxel=7785 span=1 sleep=7/8 waiting
[INFO] [Deactivate] voxel=7786 span=1 sleep=7/8 waiting
[INFO] [Deactivate] voxel=7788 span=1 sleep=7/8 waiting
[INFO] [Deactivate] voxel=7789 span=1 sleep=7/8 waiting
[INFO] [Deactivate] voxel=7791 span=1 sleep=7/8 waiting
[INFO] [Deactivate] voxel=7792 span=1 sleep=7/8 waiting
[INFO] [Deactivate] voxel=7793 span=1 sleep=7/8 waiting
[INFO] [Deactivate] voxel=7796 span=1 sleep=7/8 waiting
[INFO] [Deactivate] voxel=7798 span=1 sleep=7/8 waiting
[INFO] [Deactivate] voxel=7799 span=1 sleep=7/8 waiting
[INFO] [Deactivate] voxel=7801 span=1 sleep=7/8 waiting
[INFO] [Deactivate] voxel=7802 span=1 sleep=7/8 waiting
[INFO] [Deactivate] voxel=7803 span=1 sleep=7/8 waiting
[INFO] [Deactivate] voxel=7804 span=1 sleep=7/8 waiting
[INFO] [Deactivate] voxel=7805 span=1 sleep=7/8 waiting
[INFO] [Deactivate] voxel=7806 span=1 sleep=7/8 waiting
[INFO] [Deactivate] voxel=7807 span=1 sleep=7/8 waiting
[INFO] [Deactivate] voxel=7808 span=1 sleep=7/8 waiting
[INFO] [Deactivate] voxel=7809 span=1 sleep=7/8 waiting
[INFO] [Deactivate] voxel=7810 span=1 sleep=7/8 waiting
[INFO] [Deactivate] voxel=7813 span=1 sleep=7/8 waiting
[INFO] [Deactivate] voxel=7819 span=1 sleep=7/8 waiting
[INFO] [Deactivate] voxel=7821 span=1 sleep=7/8 waiting
[INFO] [Deactivate] voxel=7828 span=1 sleep=7/8 waiting
[INFO] [Deactivate] voxel=7830 span=1 sleep=7/8 waiting
[INFO] [Deactivate] voxel=7831 span=1 sleep=7/8 waiting
[INFO] [Deactivate] voxel=7835 span=1 sleep=7/8 waiting
[INFO] [Deactivate] voxel=7836 span=1 sleep=7/8 waiting
[INFO] [Deactivate] voxel=7849 span=1 sleep=7/8 waiting
[INFO] [Deactivate] voxel=7850 span=1 sleep=7/8 waiting
[INFO] [Deactivate] voxel=7853 span=1 sleep=7/8 waiting
[INFO] [Deactivate] voxel=7870 span=2 sleep=7/8 waiting
[INFO] [Deactivate] voxel=7871 span=1 sleep=7/8 waiting
[INFO] [Deactivate] voxel=7873 span=2 sleep=7/8 waiting
[INFO] [Deactivate] voxel=7885 span=1 sleep=7/8 waiting
[INFO] [Deactivate] voxel=7887 span=1 sleep=7/8 waiting
[INFO] [Deactivate] voxel=7891 span=1 sleep=7/8 waiting
[INFO] [Deactivate] voxel=7892 span=1 sleep=7/8 waiting
[INFO] [Deactivate] voxel=7895 span=1 sleep=7/8 waiting
[INFO] [Deactivate] voxel=7907 span=1 sleep=4/8 waiting
[INFO] [Deactivate] voxel=7908 span=1 sleep=7/8 waiting
[INFO] [Deactivate] voxel=7909 span=1 sleep=7/8 waiting
[INFO] [Deactivate] voxel=7910 span=1 sleep=7/8 waiting
[INFO] [Deactivate] voxel=7912 span=1 sleep=7/8 waiting
[INFO] [Deactivate] voxel=7917 span=1 sleep=7/8 waiting
[INFO] [Deactivate] voxel=7984 span=1 sleep=7/8 waiting
[INFO] [Deactivate] voxel=7985 span=1 sleep=7/8 waiting
[INFO] [Deactivate] voxel=7986 span=1 sleep=7/8 waiting
[INFO] [Deactivate] voxel=7987 span=1 sleep=7/8 waiting
[INFO] [Deactivate] voxel=7988 span=1 sleep=7/8 waiting
[INFO] [Deactivate] voxel=7989 span=1 sleep=7/8 waiting
[INFO] [Deactivate] voxel=7990 span=1 sleep=7/8 waiting
[INFO] [Deactivate] voxel=7991 span=1 sleep=7/8 waiting
[INFO] [Deactivate] voxel=7992 span=1 sleep=7/8 waiting
[INFO] [Deactivate] voxel=7993 span=1 sleep=7/8 waiting
[INFO] [Deactivate] voxel=7994 span=1 sleep=7/8 waiting
[INFO] [Deactivate] voxel=7995 span=1 sleep=7/8 waiting
[INFO] [Deactivate] voxel=7996 span=1 sleep=7/8 waiting
[INFO] [Deactivate] voxel=7997 span=1 sleep=7/8 waiting
[INFO] [Deactivate] voxel=7998 span=1 sleep=7/8 waiting
[INFO] [Deactivate] voxel=7999 span=1 sleep=7/8 waiting
[INFO] [Deactivate] voxel=8000 span=1 sleep=6/8 waiting
[INFO] [Deactivate] voxel=8001 span=1 sleep=6/8 waiting
[INFO] [Deactivate] voxel=8002 span=1 sleep=6/8 waiting
[INFO] [Deactivate] voxel=8003 span=1 sleep=6/8 waiting
[INFO] [Deactivate] voxel=8004 span=1 sleep=6/8 waiting
[INFO] [Deactivate] voxel=8005 span=1 sleep=4/8 waiting
[INFO] [Deactivate] voxel=8006 span=1 sleep=4/8 waiting
[INFO] [Deactivate] voxel=8007 span=1 sleep=4/8 waiting
[INFO] [Deactivate] voxel=8008 span=1 sleep=4/8 waiting
[INFO] [Deactivate] voxel=8009 span=1 sleep=4/8 waiting
[INFO] [Deactivate] voxel=8010 span=1 sleep=4/8 waiting
[INFO] [Deactivate] voxel=8011 span=1 sleep=4/8 waiting
[INFO] [Deactivate] voxel=8012 span=1 sleep=4/8 waiting
[INFO] [Deactivate] voxel=8013 span=1 sleep=4/8 waiting
[INFO] [RemoveVoxel] idx=7107 voxel_count_before=8016 moved_from=8015 voxel_count_after=8015
[INFO] [Multiscale] Emit span=1 grid=(-1..-1,5..5,4..4) pos=(-0.25,2.75,2.25)
[INFO] [Multiscale] Converted 1 unit voxels into 1 span clusters
[INFO] [Activation] static->dynamic units=1 spawned=1 base=8015 after=8016
[INFO] [Deactivate] voxel=6923 cluster_ready=false fail_idx=8000 sleep=7 reason=insufficient-sleep
[INFO] [Deactivate] voxel=6964 span=1 sleep=7/8 waiting
[INFO] [Deactivate] voxel=6980 span=1 sleep=7/8 waiting
[INFO] [Deactivate] voxel=6985 span=1 sleep=7/8 waiting
[INFO] [Deactivate] voxel=6986 span=1 sleep=7/8 waiting
[INFO] [Deactivate] voxel=6987 span=1 sleep=7/8 waiting
[INFO] [Deactivate] voxel=6988 span=1 sleep=7/8 waiting
[INFO] [Deactivate] voxel=6990 span=1 sleep=7/8 waiting
[INFO] [Deactivate] voxel=6991 span=1 sleep=7/8 waiting
[INFO] [Deactivate] voxel=6992 span=1 sleep=7/8 waiting
[INFO] [Deactivate] voxel=6993 span=1 sleep=7/8 waiting
[INFO] [Deactivate] voxel=6995 span=1 sleep=7/8 waiting
[INFO] [Deactivate] voxel=7012 span=1 sleep=7/8 waiting
[INFO] [Deactivate] voxel=7014 span=1 sleep=7/8 waiting
[INFO] [Deactivate] voxel=7015 span=1 sleep=7/8 waiting
[INFO] [Deactivate] voxel=7016 span=1 sleep=7/8 waiting
[INFO] [Deactivate] voxel=7017 span=1 sleep=7/8 waiting
[INFO] [Deactivate] voxel=7020 span=1 sleep=7/8 waiting
[INFO] [Deactivate] voxel=7021 span=1 sleep=6/8 waiting
[INFO] [Deactivate] voxel=7022 span=1 sleep=7/8 waiting
[INFO] [Deactivate] voxel=7023 span=1 sleep=7/8 waiting
[INFO] [Deactivate] voxel=7024 span=1 sleep=7/8 waiting
[INFO] [Deactivate] voxel=7035 span=1 sleep=7/8 waiting
[INFO] [Deactivate] voxel=7038 span=1 sleep=7/8 waiting
[INFO] [Deactivate] voxel=7039 span=1 sleep=7/8 waiting
[INFO] [Deactivate] voxel=7041 span=1 sleep=7/8 waiting
[INFO] [Deactivate] voxel=7045 span=1 sleep=7/8 waiting
[INFO] [Deactivate] voxel=7046 span=1 sleep=7/8 waiting
[INFO] [Deactivate] voxel=7047 span=1 sleep=7/8 waiting
[INFO] [Deactivate] voxel=7048 span=1 sleep=7/8 waiting
[INFO] [Deactivate] voxel=7050 span=1 sleep=6/8 waiting
[INFO] [Deactivate] voxel=7052 span=1 sleep=7/8 waiting
[INFO] [Deactivate] voxel=7053 span=1 sleep=7/8 waiting
[INFO] [Deactivate] voxel=7075 span=1 sleep=7/8 waiting
[INFO] [Deactivate] voxel=7076 span=1 sleep=7/8 waiting
[INFO] [Deactivate] voxel=7080 span=1 sleep=7/8 waiting
[INFO] [Deactivate] voxel=7097 span=1 sleep=7/8 waiting
[INFO] [Deactivate] voxel=7098 span=1 sleep=7/8 waiting
[INFO] [Deactivate] voxel=7103 span=1 sleep=7/8 waiting
[INFO] [Deactivate] voxel=7726 span=1 sleep=6/8 waiting
[INFO] [Deactivate] voxel=7730 span=1 sleep=6/8 waiting
[INFO] [Deactivate] voxel=7738 span=1 sleep=6/8 waiting
[INFO] [Deactivate] voxel=7741 span=1 sleep=7/8 waiting
[INFO] [Deactivate] voxel=7742 span=1 sleep=7/8 waiting
[INFO] [Deactivate] voxel=7744 span=1 sleep=6/8 waiting
[INFO] [Deactivate] voxel=7750 span=1 sleep=6/8 waiting
[INFO] [Deactivate] voxel=7760 span=1 sleep=7/8 waiting
[INFO] [Deactivate] voxel=7780 span=1 sleep=7/8 waiting
[INFO] [Deactivate] voxel=7781 span=1 sleep=7/8 waiting
[INFO] [Deactivate] voxel=7782 span=1 sleep=7/8 waiting
[INFO] [Deactivate] voxel=7783 span=1 sleep=7/8 waiting
[INFO] [Deactivate] voxel=7784 span=1 sleep=7/8 waiting
[INFO] [Deactivate] voxel=7785 span=1 sleep=7/8 waiting
[INFO] [Deactivate] voxel=7786 span=1 sleep=7/8 waiting
[INFO] [Deactivate] voxel=7788 span=1 sleep=7/8 waiting
[INFO] [Deactivate] voxel=7789 span=1 sleep=7/8 waiting
[INFO] [Deactivate] voxel=7791 span=1 sleep=7/8 waiting
[INFO] [Deactivate] voxel=7792 span=1 sleep=7/8 waiting
[INFO] [Deactivate] voxel=7793 span=1 sleep=7/8 waiting
[INFO] [Deactivate] voxel=7796 span=1 sleep=7/8 waiting
[INFO] [Deactivate] voxel=7798 span=1 sleep=7/8 waiting
[INFO] [Deactivate] voxel=7799 span=1 sleep=7/8 waiting
[INFO] [Deactivate] voxel=7801 span=1 sleep=7/8 waiting
[INFO] [Deactivate] voxel=7802 span=1 sleep=7/8 waiting
[INFO] [Deactivate] voxel=7803 span=1 sleep=7/8 waiting
[INFO] [Deactivate] voxel=7804 span=1 sleep=7/8 waiting
[INFO] [Deactivate] voxel=7805 span=1 sleep=7/8 waiting
[INFO] [Deactivate] voxel=7806 span=1 sleep=7/8 waiting
[INFO] [Deactivate] voxel=7807 span=1 sleep=7/8 waiting
[INFO] [Deactivate] voxel=7808 span=1 sleep=7/8 waiting
[INFO] [Deactivate] voxel=7809 span=1 sleep=7/8 waiting
[INFO] [Deactivate] voxel=7810 span=1 sleep=7/8 waiting
[INFO] [Deactivate] voxel=7813 span=1 sleep=7/8 waiting
[INFO] [Deactivate] voxel=7819 span=1 sleep=7/8 waiting
[INFO] [Deactivate] voxel=7821 span=1 sleep=7/8 waiting
[INFO] [Deactivate] voxel=7828 span=1 sleep=7/8 waiting
[INFO] [Deactivate] voxel=7830 span=1 sleep=7/8 waiting
[INFO] [Deactivate] voxel=7831 span=1 sleep=7/8 waiting
[INFO] [Deactivate] voxel=7835 span=1 sleep=7/8 waiting
[INFO] [Deactivate] voxel=7836 span=1 sleep=7/8 waiting
[INFO] [Deactivate] voxel=7849 span=1 sleep=7/8 waiting
[INFO] [Deactivate] voxel=7850 span=1 sleep=7/8 waiting
[INFO] [Deactivate] voxel=7853 span=1 sleep=7/8 waiting
[INFO] [Deactivate] voxel=7870 span=2 sleep=7/8 waiting
[INFO] [Deactivate] voxel=7871 span=1 sleep=7/8 waiting
[INFO] [Deactivate] voxel=7873 span=2 sleep=7/8 waiting
[INFO] [Deactivate] voxel=7885 span=1 sleep=7/8 waiting
[INFO] [Deactivate] voxel=7887 span=1 sleep=7/8 waiting
[INFO] [Deactivate] voxel=7891 span=1 sleep=7/8 waiting
[INFO] [Deactivate] voxel=7892 span=1 sleep=7/8 waiting
[INFO] [Deactivate] voxel=7895 span=1 sleep=7/8 waiting
[INFO] [Deactivate] voxel=7907 span=1 sleep=5/8 waiting
[INFO] [Deactivate] voxel=7908 span=1 sleep=7/8 waiting
[INFO] [RemoveVoxel] idx=7909 voxel_count_before=8016 moved_from=8015 voxel_count_after=8015
[INFO] [RestoreCluster] count=1 voxel_count before=8016 after_removal=8015 after_restore=8016 static_success=1
[INFO] [Deactivate] restored cluster starting=7909 count=1 remaining_budget_before=128
[INFO] [Deactivate] voxel=7909 span=1 sleep=1/8 waiting
[INFO] [Deactivate] voxel=7910 span=1 sleep=7/8 waiting
[INFO] [Deactivate] voxel=7912 span=1 sleep=7/8 waiting
[INFO] [Deactivate] voxel=7917 span=1 sleep=7/8 waiting
[INFO] [Deactivate] voxel=7984 span=1 sleep=7/8 waiting
[INFO] [Deactivate] voxel=7985 span=1 sleep=7/8 waiting
[INFO] [Deactivate] voxel=7986 span=1 sleep=7/8 waiting
[INFO] [Deactivate] voxel=7987 span=1 sleep=7/8 waiting
[INFO] [Deactivate] voxel=7988 span=1 sleep=7/8 waiting
[INFO] [Deactivate] voxel=7989 span=1 sleep=7/8 waiting
[INFO] [Deactivate] voxel=7990 span=1 sleep=7/8 waiting
[INFO] [Deactivate] voxel=7991 span=1 sleep=7/8 waiting
[INFO] [Deactivate] voxel=7992 span=1 sleep=7/8 waiting
[INFO] [Deactivate] voxel=7993 span=1 sleep=7/8 waiting
[INFO] [Deactivate] voxel=7994 span=1 sleep=7/8 waiting
[INFO] [Deactivate] voxel=7995 span=1 sleep=7/8 waiting
[INFO] [Deactivate] voxel=7996 span=1 sleep=7/8 waiting
[INFO] [Deactivate] voxel=7997 span=1 sleep=7/8 waiting
[INFO] [Deactivate] voxel=7998 span=1 sleep=7/8 waiting
[INFO] [Deactivate] voxel=7999 span=1 sleep=7/8 waiting
[INFO] [Deactivate] voxel=8000 span=1 sleep=7/8 waiting
[INFO] [Deactivate] voxel=8001 span=1 sleep=7/8 waiting
[INFO] [Deactivate] voxel=8002 span=1 sleep=7/8 waiting
[INFO] [Deactivate] voxel=8003 span=1 sleep=7/8 waiting
[INFO] [Deactivate] voxel=8004 span=1 sleep=7/8 waiting
[INFO] [Deactivate] voxel=8005 span=1 sleep=5/8 waiting
[INFO] [Deactivate] voxel=8006 span=1 sleep=5/8 waiting
[INFO] [Deactivate] voxel=8007 span=1 sleep=5/8 waiting
[INFO] [Deactivate] voxel=8008 span=1 sleep=5/8 waiting
[INFO] [Deactivate] voxel=8009 span=1 sleep=5/8 waiting
[INFO] [Deactivate] voxel=8010 span=1 sleep=5/8 waiting
[INFO] [Deactivate] voxel=8011 span=1 sleep=5/8 waiting
[INFO] [Deactivate] voxel=8012 span=1 sleep=5/8 waiting
[INFO] [Deactivate] voxel=8013 span=1 sleep=5/8 waiting
[INFO] VAO: [ID 35] Unloaded vertex array data from VRAM (GPU)
[INFO] VAO: [ID 36] Mesh uploaded successfully to VRAM (GPU)
[INFO] [Deactivate] voxel=6923 cluster_ready=false fail_idx=8005 sleep=6 reason=insufficient-sleep
[INFO] [Deactivate] voxel=6964 span=1 sleep=7/8 waiting
[INFO] [Deactivate] voxel=6980 span=1 sleep=7/8 waiting
[INFO] [Deactivate] voxel=6985 span=1 sleep=7/8 waiting
[INFO] [Deactivate] voxel=6986 span=1 sleep=7/8 waiting
[INFO] [Deactivate] voxel=6987 span=1 sleep=7/8 waiting
[INFO] [Deactivate] voxel=6988 span=1 sleep=7/8 waiting
[INFO] [Deactivate] voxel=6990 span=1 sleep=7/8 waiting
[INFO] [Deactivate] voxel=6991 span=1 sleep=7/8 waiting
[INFO] [Deactivate] voxel=6992 span=1 sleep=7/8 waiting
[INFO] [Deactivate] voxel=6993 span=1 sleep=7/8 waiting
[INFO] [Deactivate] voxel=6995 span=1 sleep=7/8 waiting
[INFO] [Deactivate] voxel=7012 span=1 sleep=7/8 waiting
[INFO] [Deactivate] voxel=7014 span=1 sleep=7/8 waiting
[INFO] [Deactivate] voxel=7015 span=1 sleep=7/8 waiting
[INFO] [Deactivate] voxel=7016 span=1 sleep=7/8 waiting
[INFO] [Deactivate] voxel=7017 span=1 sleep=7/8 waiting
[INFO] [Deactivate] voxel=7020 span=1 sleep=7/8 waiting
[INFO] [Deactivate] voxel=7021 span=1 sleep=7/8 waiting
[INFO] [Deactivate] voxel=7022 span=1 sleep=7/8 waiting
[INFO] [Deactivate] voxel=7023 span=1 sleep=7/8 waiting
[INFO] [Deactivate] voxel=7024 span=1 sleep=7/8 waiting
[INFO] [Deactivate] voxel=7035 span=1 sleep=7/8 waiting
[INFO] [Deactivate] voxel=7038 span=1 sleep=7/8 waiting
[INFO] [Deactivate] voxel=7039 span=1 sleep=7/8 waiting
[INFO] [Deactivate] voxel=7041 span=1 sleep=7/8 waiting
[INFO] [Deactivate] voxel=7045 span=1 sleep=7/8 waiting
[INFO] [Deactivate] voxel=7046 span=1 sleep=7/8 waiting
[INFO] [Deactivate] voxel=7047 span=1 sleep=7/8 waiting
[INFO] [Deactivate] voxel=7048 span=1 sleep=7/8 waiting
[INFO] [Deactivate] voxel=7050 span=1 sleep=7/8 waiting
[INFO] [Deactivate] voxel=7052 span=1 sleep=7/8 waiting
[INFO] [Deactivate] voxel=7053 span=1 sleep=7/8 waiting
[INFO] [Deactivate] voxel=7075 span=1 sleep=7/8 waiting
[INFO] [Deactivate] voxel=7076 span=1 sleep=7/8 waiting
[INFO] [Deactivate] voxel=7080 span=1 sleep=7/8 waiting
[INFO] [Deactivate] voxel=7097 span=1 sleep=7/8 waiting
[INFO] [Deactivate] voxel=7098 span=1 sleep=7/8 waiting
[INFO] [Deactivate] voxel=7103 span=1 sleep=7/8 waiting
[INFO] [Deactivate] voxel=7726 span=1 sleep=7/8 waiting
[INFO] [Deactivate] voxel=7730 span=1 sleep=7/8 waiting
[INFO] [Deactivate] voxel=7738 span=1 sleep=7/8 waiting
[INFO] [Deactivate] voxel=7741 span=1 sleep=7/8 waiting
[INFO] [Deactivate] voxel=7742 span=1 sleep=7/8 waiting
[INFO] [Deactivate] voxel=7744 span=1 sleep=7/8 waiting
[INFO] [Deactivate] voxel=7750 span=1 sleep=7/8 waiting
[INFO] [Deactivate] voxel=7760 span=1 sleep=7/8 waiting
[INFO] [Deactivate] voxel=7780 span=1 sleep=7/8 waiting
[INFO] [Deactivate] voxel=7781 span=1 sleep=7/8 waiting
[INFO] [Deactivate] voxel=7782 span=1 sleep=7/8 waiting
[INFO] [Deactivate] voxel=7783 span=1 sleep=7/8 waiting
[INFO] [Deactivate] voxel=7784 span=1 sleep=7/8 waiting
[INFO] [Deactivate] voxel=7785 span=1 sleep=7/8 waiting
[INFO] [Deactivate] voxel=7786 span=1 sleep=7/8 waiting
[INFO] [Deactivate] voxel=7788 span=1 sleep=7/8 waiting
[INFO] [Deactivate] voxel=7789 span=1 sleep=7/8 waiting
[INFO] [Deactivate] voxel=7791 span=1 sleep=7/8 waiting
[INFO] [Deactivate] voxel=7792 span=1 sleep=7/8 waiting
[INFO] [Deactivate] voxel=7793 span=1 sleep=7/8 waiting
[INFO] [Deactivate] voxel=7796 span=1 sleep=7/8 waiting
[INFO] [Deactivate] voxel=7798 span=1 sleep=7/8 waiting
[INFO] [Deactivate] voxel=7799 span=1 sleep=7/8 waiting
[INFO] [Deactivate] voxel=7801 span=1 sleep=7/8 waiting
[INFO] [Deactivate] voxel=7802 span=1 sleep=7/8 waiting
[INFO] [Deactivate] voxel=7803 span=1 sleep=7/8 waiting
[INFO] [Deactivate] voxel=7804 span=1 sleep=7/8 waiting
[INFO] [Deactivate] voxel=7805 span=1 sleep=7/8 waiting
[INFO] [Deactivate] voxel=7806 span=1 sleep=7/8 waiting
[INFO] [Deactivate] voxel=7807 span=1 sleep=7/8 waiting
[INFO] [Deactivate] voxel=7808 span=1 sleep=7/8 waiting
[INFO] [Deactivate] voxel=7809 span=1 sleep=7/8 waiting
[INFO] [Deactivate] voxel=7810 span=1 sleep=7/8 waiting
[INFO] [Deactivate] voxel=7813 span=1 sleep=7/8 waiting
[INFO] [Deactivate] voxel=7819 span=1 sleep=7/8 waiting
[INFO] [Deactivate] voxel=7821 span=1 sleep=7/8 waiting
[INFO] [Deactivate] voxel=7828 span=1 sleep=7/8 waiting
[INFO] [Deactivate] voxel=7830 span=1 sleep=7/8 waiting
[INFO] [Deactivate] voxel=7831 span=1 sleep=7/8 waiting
[INFO] [Deactivate] voxel=7835 span=1 sleep=7/8 waiting
[INFO] [Deactivate] voxel=7836 span=1 sleep=7/8 waiting
[INFO] [Deactivate] voxel=7849 span=1 sleep=7/8 waiting
[INFO] [Deactivate] voxel=7850 span=1 sleep=7/8 waiting
[INFO] [Deactivate] voxel=7853 span=1 sleep=7/8 waiting
[INFO] [Deactivate] voxel=7870 span=2 sleep=7/8 waiting
[INFO] [Deactivate] voxel=7871 span=1 sleep=7/8 waiting
[INFO] [Deactivate] voxel=7873 span=2 sleep=7/8 waiting
[INFO] [Deactivate] voxel=7885 span=1 sleep=7/8 waiting
[INFO] [Deactivate] voxel=7887 span=1 sleep=7/8 waiting
[INFO] [Deactivate] voxel=7891 span=1 sleep=7/8 waiting
[INFO] [Deactivate] voxel=7892 span=1 sleep=7/8 waiting
[INFO] [Deactivate] voxel=7895 span=1 sleep=7/8 waiting
[INFO] [Deactivate] voxel=7907 span=1 sleep=6/8 waiting
[INFO] [Deactivate] voxel=7908 span=1 sleep=7/8 waiting
[INFO] [Deactivate] voxel=7909 span=1 sleep=2/8 waiting
[INFO] [Deactivate] voxel=7910 span=1 sleep=7/8 waiting
[INFO] [Deactivate] voxel=7912 span=1 sleep=7/8 waiting
[INFO] [Deactivate] voxel=7917 span=1 sleep=7/8 waiting
[INFO] [Deactivate] voxel=7984 span=1 sleep=7/8 waiting
[INFO] [Deactivate] voxel=7985 span=1 sleep=7/8 waiting
[INFO] [Deactivate] voxel=7986 span=1 sleep=7/8 waiting
[INFO] [Deactivate] voxel=7987 span=1 sleep=7/8 waiting
[INFO] [Deactivate] voxel=7988 span=1 sleep=7/8 waiting
[INFO] [Deactivate] voxel=7989 span=1 sleep=7/8 waiting
[INFO] [Deactivate] voxel=7990 span=1 sleep=7/8 waiting
[INFO] [Deactivate] voxel=7991 span=1 sleep=7/8 waiting
[INFO] [Deactivate] voxel=7992 span=1 sleep=7/8 waiting
[INFO] [Deactivate] voxel=7993 span=1 sleep=7/8 waiting
[INFO] [Deactivate] voxel=7994 span=1 sleep=7/8 waiting
[INFO] [Deactivate] voxel=7995 span=1 sleep=7/8 waiting
[INFO] [Deactivate] voxel=7996 span=1 sleep=7/8 waiting
[INFO] [Deactivate] voxel=7997 span=1 sleep=7/8 waiting
[INFO] [Deactivate] voxel=7998 span=1 sleep=7/8 waiting
[INFO] [Deactivate] voxel=7999 span=1 sleep=7/8 waiting
[INFO] [Deactivate] voxel=8000 span=1 sleep=7/8 waiting
[INFO] [Deactivate] voxel=8001 span=1 sleep=7/8 waiting
[INFO] [Deactivate] voxel=8002 span=1 sleep=7/8 waiting
[INFO] [Deactivate] voxel=8003 span=1 sleep=7/8 waiting
[INFO] [Deactivate] voxel=8004 span=1 sleep=7/8 waiting
[INFO] [Deactivate] voxel=8005 span=1 sleep=6/8 waiting
[INFO] [Deactivate] voxel=8006 span=1 sleep=6/8 waiting
[INFO] [Deactivate] voxel=8007 span=1 sleep=6/8 waiting
[INFO] [Deactivate] voxel=8008 span=1 sleep=6/8 waiting
[INFO] [Deactivate] voxel=8009 span=1 sleep=6/8 waiting
[INFO] [Deactivate] voxel=8010 span=1 sleep=6/8 waiting
[INFO] [Deactivate] voxel=8011 span=1 sleep=6/8 waiting
[INFO] [Deactivate] voxel=8012 span=1 sleep=6/8 waiting
[INFO] [Deactivate] voxel=8013 span=1 sleep=6/8 waiting
[INFO] [Deactivate] voxel=6923 cluster_ready=false fail_idx=8005 sleep=7 reason=insufficient-sleep
[INFO] [Deactivate] voxel=6964 span=1 sleep=7/8 waiting
[INFO] [Deactivate] voxel=6980 span=1 sleep=7/8 waiting
[INFO] [Deactivate] voxel=6985 span=1 sleep=7/8 waiting
[INFO] [Deactivate] voxel=6986 span=1 sleep=7/8 waiting
[INFO] [Deactivate] voxel=6987 span=1 sleep=7/8 waiting
[INFO] [Deactivate] voxel=6988 span=1 sleep=7/8 waiting
[INFO] [Deactivate] voxel=6990 span=1 sleep=7/8 waiting
[INFO] [Deactivate] voxel=6991 span=1 sleep=7/8 waiting
[INFO] [Deactivate] voxel=6992 span=1 sleep=7/8 waiting
[INFO] [Deactivate] voxel=6993 span=1 sleep=7/8 waiting
[INFO] [Deactivate] voxel=6995 span=1 sleep=7/8 waiting
[INFO] [Deactivate] voxel=7012 span=1 sleep=7/8 waiting
[INFO] [Deactivate] voxel=7014 span=1 sleep=7/8 waiting
[INFO] [Deactivate] voxel=7015 span=1 sleep=7/8 waiting
[INFO] [Deactivate] voxel=7016 span=1 sleep=7/8 waiting
[INFO] [Deactivate] voxel=7017 span=1 sleep=7/8 waiting
[INFO] [Deactivate] voxel=7020 span=1 sleep=7/8 waiting
[INFO] [Deactivate] voxel=7021 span=1 sleep=7/8 waiting
[INFO] [Deactivate] voxel=7022 span=1 sleep=7/8 waiting
[INFO] [Deactivate] voxel=7023 span=1 sleep=7/8 waiting
[INFO] [Deactivate] voxel=7024 span=1 sleep=7/8 waiting
[INFO] [Deactivate] voxel=7035 span=1 sleep=7/8 waiting
[INFO] [Deactivate] voxel=7038 span=1 sleep=7/8 waiting
[INFO] [Deactivate] voxel=7039 span=1 sleep=7/8 waiting
[INFO] [Deactivate] voxel=7041 span=1 sleep=7/8 waiting
[INFO] [Deactivate] voxel=7045 span=1 sleep=7/8 waiting
[INFO] [Deactivate] voxel=7046 span=1 sleep=7/8 waiting
[INFO] [Deactivate] voxel=7047 span=1 sleep=7/8 waiting
[INFO] [Deactivate] voxel=7048 span=1 sleep=7/8 waiting
[INFO] [Deactivate] voxel=7050 span=1 sleep=7/8 waiting
[INFO] [Deactivate] voxel=7052 span=1 sleep=7/8 waiting
[INFO] [Deactivate] voxel=7053 span=1 sleep=7/8 waiting
[INFO] [Deactivate] voxel=7075 span=1 sleep=7/8 waiting
[INFO] [Deactivate] voxel=7076 span=1 sleep=7/8 waiting
[INFO] [Deactivate] voxel=7080 span=1 sleep=7/8 waiting
[INFO] [Deactivate] voxel=7097 span=1 sleep=7/8 waiting
[INFO] [Deactivate] voxel=7098 span=1 sleep=7/8 waiting
[INFO] [Deactivate] voxel=7103 span=1 sleep=7/8 waiting
[INFO] [Deactivate] voxel=7726 span=1 sleep=7/8 waiting
[INFO] [Deactivate] voxel=7730 span=1 sleep=7/8 waiting
[INFO] [Deactivate] voxel=7738 span=1 sleep=7/8 waiting
[INFO] [Deactivate] voxel=7741 span=1 sleep=7/8 waiting
[INFO] [Deactivate] voxel=7742 span=1 sleep=7/8 waiting
[INFO] [Deactivate] voxel=7744 span=1 sleep=7/8 waiting
[INFO] [Deactivate] voxel=7750 span=1 sleep=7/8 waiting
[INFO] [Deactivate] voxel=7760 span=1 sleep=7/8 waiting
[INFO] [Deactivate] voxel=7780 span=1 sleep=7/8 waiting
[INFO] [Deactivate] voxel=7781 span=1 sleep=7/8 waiting
[INFO] [Deactivate] voxel=7782 span=1 sleep=7/8 waiting
[INFO] [Deactivate] voxel=7783 span=1 sleep=7/8 waiting
[INFO] [Deactivate] voxel=7784 span=1 sleep=7/8 waiting
[INFO] [Deactivate] voxel=7785 span=1 sleep=7/8 waiting
[INFO] [Deactivate] voxel=7786 span=1 sleep=7/8 waiting
[INFO] [Deactivate] voxel=7788 span=1 sleep=7/8 waiting
[INFO] [Deactivate] voxel=7789 span=1 sleep=7/8 waiting
[INFO] [Deactivate] voxel=7791 span=1 sleep=7/8 waiting
[INFO] [Deactivate] voxel=7792 span=1 sleep=7/8 waiting
[INFO] [Deactivate] voxel=7793 span=1 sleep=7/8 waiting
[INFO] [Deactivate] voxel=7796 span=1 sleep=7/8 waiting
[INFO] [Deactivate] voxel=7798 span=1 sleep=7/8 waiting
[INFO] [Deactivate] voxel=7799 span=1 sleep=7/8 waiting
[INFO] [Deactivate] voxel=7801 span=1 sleep=7/8 waiting
[INFO] [Deactivate] voxel=7802 span=1 sleep=7/8 waiting
[INFO] [Deactivate] voxel=7803 span=1 sleep=7/8 waiting
[INFO] [Deactivate] voxel=7804 span=1 sleep=7/8 waiting
[INFO] [Deactivate] voxel=7805 span=1 sleep=7/8 waiting
[INFO] [Deactivate] voxel=7806 span=1 sleep=7/8 waiting
[INFO] [Deactivate] voxel=7807 span=1 sleep=7/8 waiting
[INFO] [Deactivate] voxel=7808 span=1 sleep=7/8 waiting
[INFO] [Deactivate] voxel=7809 span=1 sleep=7/8 waiting
[INFO] [Deactivate] voxel=7810 span=1 sleep=7/8 waiting
[INFO] [Deactivate] voxel=7813 span=1 sleep=7/8 waiting
[INFO] [Deactivate] voxel=7819 span=1 sleep=7/8 waiting
[INFO] [Deactivate] voxel=7821 span=1 sleep=7/8 waiting
[INFO] [Deactivate] voxel=7828 span=1 sleep=7/8 waiting
[INFO] [Deactivate] voxel=7830 span=1 sleep=7/8 waiting
[INFO] [Deactivate] voxel=7831 span=1 sleep=7/8 waiting
[INFO] [Deactivate] voxel=7835 span=1 sleep=7/8 waiting
[INFO] [Deactivate] voxel=7836 span=1 sleep=7/8 waiting
[INFO] [Deactivate] voxel=7849 span=1 sleep=7/8 waiting
[INFO] [Deactivate] voxel=7850 span=1 sleep=7/8 waiting
[INFO] [Deactivate] voxel=7853 span=1 sleep=7/8 waiting
[INFO] [Deactivate] voxel=7870 span=2 sleep=7/8 waiting
[INFO] [Deactivate] voxel=7871 span=1 sleep=7/8 waiting
[INFO] [Deactivate] voxel=7873 span=2 sleep=7/8 waiting
[INFO] [Deactivate] voxel=7885 span=1 sleep=7/8 waiting
[INFO] [Deactivate] voxel=7887 span=1 sleep=7/8 waiting
[INFO] [Deactivate] voxel=7891 span=1 sleep=7/8 waiting
[INFO] [Deactivate] voxel=7892 span=1 sleep=7/8 waiting
[INFO] [Deactivate] voxel=7895 span=1 sleep=7/8 waiting
[INFO] [Deactivate] voxel=7907 span=1 sleep=7/8 waiting
[INFO] [Deactivate] voxel=7908 span=1 sleep=7/8 waiting
[INFO] [Deactivate] voxel=7909 span=1 sleep=3/8 waiting
[INFO] [Deactivate] voxel=7910 span=1 sleep=7/8 waiting
[INFO] [Deactivate] voxel=7912 span=1 sleep=7/8 waiting
[INFO] [Deactivate] voxel=7917 span=1 sleep=7/8 waiting
[INFO] [Deactivate] voxel=7984 span=1 sleep=7/8 waiting
[INFO] [Deactivate] voxel=7985 span=1 sleep=7/8 waiting
[INFO] [Deactivate] voxel=7986 span=1 sleep=7/8 waiting
[INFO] [Deactivate] voxel=7987 span=1 sleep=7/8 waiting
[INFO] [Deactivate] voxel=7988 span=1 sleep=7/8 waiting
[INFO] [Deactivate] voxel=7989 span=1 sleep=7/8 waiting
[INFO] [Deactivate] voxel=7990 span=1 sleep=7/8 waiting
[INFO] [Deactivate] voxel=7991 span=1 sleep=7/8 waiting
[INFO] [Deactivate] voxel=7992 span=1 sleep=7/8 waiting
[INFO] [Deactivate] voxel=7993 span=1 sleep=7/8 waiting
[INFO] [Deactivate] voxel=7994 span=1 sleep=7/8 waiting
[INFO] [Deactivate] voxel=7995 span=1 sleep=7/8 waiting
[INFO] [Deactivate] voxel=7996 span=1 sleep=7/8 waiting
[INFO] [Deactivate] voxel=7997 span=1 sleep=7/8 waiting
[INFO] [Deactivate] voxel=7998 span=1 sleep=7/8 waiting
[INFO] [Deactivate] voxel=7999 span=1 sleep=7/8 waiting
[INFO] [Deactivate] voxel=8000 span=1 sleep=7/8 waiting
[INFO] [Deactivate] voxel=8001 span=1 sleep=7/8 waiting
[INFO] [Deactivate] voxel=8002 span=1 sleep=7/8 waiting
[INFO] [Deactivate] voxel=8003 span=1 sleep=7/8 waiting
[INFO] [Deactivate] voxel=8004 span=1 sleep=7/8 waiting
[INFO] [Deactivate] voxel=8005 span=1 sleep=7/8 waiting
[INFO] [Deactivate] voxel=8006 span=1 sleep=7/8 waiting
[INFO] [Deactivate] voxel=8007 span=1 sleep=7/8 waiting
[INFO] [Deactivate] voxel=8008 span=1 sleep=7/8 waiting
[INFO] [Deactivate] voxel=8009 span=1 sleep=7/8 waiting
[INFO] [Deactivate] voxel=8010 span=1 sleep=7/8 waiting
[INFO] [Deactivate] voxel=8011 span=1 sleep=7/8 waiting
[INFO] [Deactivate] voxel=8012 span=1 sleep=7/8 waiting
[INFO] [Deactivate] voxel=8013 span=1 sleep=7/8 waiting
[INFO] [Deactivate] voxel=6923 cluster_ready=false fail_idx=7909 sleep=4 reason=insufficient-sleep
[INFO] [Deactivate] voxel=6964 span=1 sleep=7/8 waiting
[INFO] [Deactivate] voxel=6980 span=1 sleep=7/8 waiting
[INFO] [Deactivate] voxel=6985 span=1 sleep=7/8 waiting
[INFO] [Deactivate] voxel=6986 span=1 sleep=7/8 waiting
[INFO] [Deactivate] voxel=6987 span=1 sleep=7/8 waiting
[INFO] [Deactivate] voxel=6988 span=1 sleep=7/8 waiting
[INFO] [Deactivate] voxel=6990 span=1 sleep=7/8 waiting
[INFO] [Deactivate] voxel=6991 span=1 sleep=7/8 waiting
[INFO] [Deactivate] voxel=6992 span=1 sleep=7/8 waiting
[INFO] [Deactivate] voxel=6993 span=1 sleep=7/8 waiting
[INFO] [Deactivate] voxel=6995 span=1 sleep=7/8 waiting
[INFO] [Deactivate] voxel=7012 span=1 sleep=7/8 waiting
[INFO] [Deactivate] voxel=7014 span=1 sleep=7/8 waiting
[INFO] [Deactivate] voxel=7015 span=1 sleep=7/8 waiting
[INFO] [Deactivate] voxel=7016 span=1 sleep=7/8 waiting
[INFO] [Deactivate] voxel=7017 span=1 sleep=7/8 waiting
[INFO] [Deactivate] voxel=7020 span=1 sleep=7/8 waiting
[INFO] [Deactivate] voxel=7021 span=1 sleep=7/8 waiting
[INFO] [Deactivate] voxel=7022 span=1 sleep=7/8 waiting
[INFO] [Deactivate] voxel=7023 span=1 sleep=7/8 waiting
[INFO] [Deactivate] voxel=7024 span=1 sleep=7/8 waiting
[INFO] [Deactivate] voxel=7035 span=1 sleep=7/8 waiting
[INFO] [Deactivate] voxel=7038 span=1 sleep=7/8 waiting
[INFO] [Deactivate] voxel=7039 span=1 sleep=7/8 waiting
[INFO] [Deactivate] voxel=7041 span=1 sleep=7/8 waiting
[INFO] [Deactivate] voxel=7045 span=1 sleep=7/8 waiting
[INFO] [Deactivate] voxel=7046 span=1 sleep=7/8 waiting
[INFO] [Deactivate] voxel=7047 span=1 sleep=7/8 waiting
[INFO] [Deactivate] voxel=7048 span=1 sleep=7/8 waiting
[INFO] [Deactivate] voxel=7050 span=1 sleep=7/8 waiting
[INFO] [Deactivate] voxel=7052 span=1 sleep=7/8 waiting
[INFO] [Deactivate] voxel=7053 span=1 sleep=7/8 waiting
[INFO] [Deactivate] voxel=7075 span=1 sleep=7/8 waiting
[INFO] [Deactivate] voxel=7076 span=1 sleep=7/8 waiting
[INFO] [Deactivate] voxel=7080 span=1 sleep=7/8 waiting
[INFO] [Deactivate] voxel=7097 span=1 sleep=7/8 waiting
[INFO] [Deactivate] voxel=7098 span=1 sleep=7/8 waiting
[INFO] [Deactivate] voxel=7103 span=1 sleep=7/8 waiting
[INFO] [Deactivate] voxel=7107 span=1 sleep=1/8 waiting
[INFO] [Deactivate] voxel=7726 span=1 sleep=7/8 waiting
[INFO] [Deactivate] voxel=7730 span=1 sleep=7/8 waiting
[INFO] [Deactivate] voxel=7738 span=1 sleep=7/8 waiting
[INFO] [Deactivate] voxel=7741 span=1 sleep=7/8 waiting
[INFO] [Deactivate] voxel=7742 span=1 sleep=7/8 waiting
[INFO] [Deactivate] voxel=7744 span=1 sleep=7/8 waiting
[INFO] [Deactivate] voxel=7750 span=1 sleep=7/8 waiting
[INFO] [Deactivate] voxel=7760 span=1 sleep=7/8 waiting
[INFO] [Deactivate] voxel=7780 span=1 sleep=7/8 waiting
[INFO] [Deactivate] voxel=7781 span=1 sleep=7/8 waiting
[INFO] [Deactivate] voxel=7782 span=1 sleep=7/8 waiting
[INFO] [Deactivate] voxel=7783 span=1 sleep=7/8 waiting
[INFO] [Deactivate] voxel=7784 span=1 sleep=7/8 waiting
[INFO] [Deactivate] voxel=7785 span=1 sleep=7/8 waiting
[INFO] [Deactivate] voxel=7786 span=1 sleep=7/8 waiting
[INFO] [Deactivate] voxel=7788 span=1 sleep=7/8 waiting
[INFO] [Deactivate] voxel=7789 span=1 sleep=7/8 waiting
[INFO] [Deactivate] voxel=7791 span=1 sleep=7/8 waiting
[INFO] [Deactivate] voxel=7792 span=1 sleep=7/8 waiting
[INFO] [Deactivate] voxel=7793 span=1 sleep=7/8 waiting
[INFO] [Deactivate] voxel=7796 span=1 sleep=7/8 waiting
[INFO] [Deactivate] voxel=7798 span=1 sleep=7/8 waiting
[INFO] [Deactivate] voxel=7799 span=1 sleep=7/8 waiting
[INFO] [Deactivate] voxel=7801 span=1 sleep=7/8 waiting
[INFO] [Deactivate] voxel=7802 span=1 sleep=7/8 waiting
[INFO] [Deactivate] voxel=7803 span=1 sleep=7/8 waiting
[INFO] [Deactivate] voxel=7804 span=1 sleep=7/8 waiting
[INFO] [Deactivate] voxel=7805 span=1 sleep=7/8 waiting
[INFO] [Deactivate] voxel=7806 span=1 sleep=7/8 waiting
[INFO] [Deactivate] voxel=7807 span=1 sleep=7/8 waiting
[INFO] [Deactivate] voxel=7808 span=1 sleep=7/8 waiting
[INFO] [Deactivate] voxel=7809 span=1 sleep=7/8 waiting
[INFO] [Deactivate] voxel=7810 span=1 sleep=7/8 waiting
[INFO] [Deactivate] voxel=7813 span=1 sleep=7/8 waiting
[INFO] [Deactivate] voxel=7819 span=1 sleep=7/8 waiting
[INFO] [Deactivate] voxel=7821 span=1 sleep=7/8 waiting
[INFO] [Deactivate] voxel=7828 span=1 sleep=7/8 waiting
[INFO] [Deactivate] voxel=7830 span=1 sleep=7/8 waiting
[INFO] [Deactivate] voxel=7831 span=1 sleep=7/8 waiting
[INFO] [Deactivate] voxel=7835 span=1 sleep=7/8 waiting
[INFO] [Deactivate] voxel=7836 span=1 sleep=7/8 waiting
[INFO] [Deactivate] voxel=7849 span=1 sleep=7/8 waiting
[INFO] [Deactivate] voxel=7850 span=1 sleep=7/8 waiting
[INFO] [Deactivate] voxel=7853 span=1 sleep=7/8 waiting
[INFO] [Deactivate] voxel=7870 span=2 sleep=7/8 waiting
[INFO] [Deactivate] voxel=7871 span=1 sleep=7/8 waiting
[INFO] [Deactivate] voxel=7873 span=2 sleep=7/8 waiting
[INFO] [Deactivate] voxel=7885 span=1 sleep=7/8 waiting
[INFO] [Deactivate] voxel=7887 span=1 sleep=7/8 waiting
[INFO] [Deactivate] voxel=7891 span=1 sleep=7/8 waiting
[INFO] [Deactivate] voxel=7892 span=1 sleep=7/8 waiting
[INFO] [Deactivate] voxel=7895 span=1 sleep=7/8 waiting
[INFO] [Deactivate] voxel=7907 span=1 sleep=7/8 waiting
[INFO] [Deactivate] voxel=7908 span=1 sleep=7/8 waiting
[INFO] [Deactivate] voxel=7909 span=1 sleep=4/8 waiting
[INFO] [Deactivate] voxel=7910 span=1 sleep=7/8 waiting
[INFO] [Deactivate] voxel=7912 span=1 sleep=7/8 waiting
[INFO] [Deactivate] voxel=7917 span=1 sleep=7/8 waiting
[INFO] [Deactivate] voxel=7984 span=1 sleep=7/8 waiting
[INFO] [Deactivate] voxel=7985 span=1 sleep=7/8 waiting
[INFO] [Deactivate] voxel=7986 span=1 sleep=7/8 waiting
[INFO] [Deactivate] voxel=7987 span=1 sleep=7/8 waiting
[INFO] [Deactivate] voxel=7988 span=1 sleep=7/8 waiting
[INFO] [Deactivate] voxel=7989 span=1 sleep=7/8 waiting
[INFO] [Deactivate] voxel=7990 span=1 sleep=7/8 waiting
[INFO] [Deactivate] voxel=7991 span=1 sleep=7/8 waiting
[INFO] [Deactivate] voxel=7992 span=1 sleep=7/8 waiting
[INFO] [Deactivate] voxel=7993 span=1 sleep=7/8 waiting
[INFO] [Deactivate] voxel=7994 span=1 sleep=7/8 waiting
[INFO] [Deactivate] voxel=7995 span=1 sleep=7/8 waiting
[INFO] [Deactivate] voxel=7996 span=1 sleep=7/8 waiting
[INFO] [Deactivate] voxel=7997 span=1 sleep=7/8 waiting
[INFO] [Deactivate] voxel=7998 span=1 sleep=7/8 waiting
[INFO] [Deactivate] voxel=7999 span=1 sleep=7/8 waiting
[INFO] [Deactivate] voxel=8000 span=1 sleep=7/8 waiting
[INFO] [Deactivate] voxel=8001 span=1 sleep=7/8 waiting
[INFO] [Deactivate] voxel=8002 span=1 sleep=7/8 waiting
[INFO] [Deactivate] voxel=8003 span=1 sleep=7/8 waiting
[INFO] [Deactivate] voxel=8004 span=1 sleep=7/8 waiting
[INFO] [Deactivate] voxel=8005 span=1 sleep=7/8 waiting
[INFO] [Deactivate] voxel=8006 span=1 sleep=7/8 waiting
[INFO] [Deactivate] voxel=8007 span=1 sleep=7/8 waiting
[INFO] [Deactivate] voxel=8008 span=1 sleep=7/8 waiting
[INFO] [Deactivate] voxel=8009 span=1 sleep=7/8 waiting
[INFO] [Deactivate] voxel=8010 span=1 sleep=7/8 waiting
[INFO] [Deactivate] voxel=8011 span=1 sleep=7/8 waiting
[INFO] [Deactivate] voxel=8012 span=1 sleep=7/8 waiting
[INFO] [Deactivate] voxel=8013 span=1 sleep=7/8 waiting
[INFO] [Deactivate] voxel=6923 cluster_ready=false fail_idx=7909 sleep=5 reason=insufficient-sleep
[INFO] [Deactivate] voxel=6964 span=1 sleep=7/8 waiting
[INFO] [Deactivate] voxel=6980 span=1 sleep=7/8 waiting
[INFO] [Deactivate] voxel=6985 span=1 sleep=7/8 waiting
[INFO] [Deactivate] voxel=6986 span=1 sleep=7/8 waiting
[INFO] [Deactivate] voxel=6987 span=1 sleep=7/8 waiting
[INFO] [Deactivate] voxel=6988 span=1 sleep=7/8 waiting
[INFO] [Deactivate] voxel=6990 span=1 sleep=7/8 waiting
[INFO] [Deactivate] voxel=6991 span=1 sleep=7/8 waiting
[INFO] [Deactivate] voxel=6992 span=1 sleep=7/8 waiting
[INFO] [Deactivate] voxel=6993 span=1 sleep=7/8 waiting
[INFO] [Deactivate] voxel=6995 span=1 sleep=7/8 waiting
[INFO] [Deactivate] voxel=7012 span=1 sleep=7/8 waiting
[INFO] [Deactivate] voxel=7014 span=1 sleep=7/8 waiting
[INFO] [Deactivate] voxel=7015 span=1 sleep=7/8 waiting
[INFO] [Deactivate] voxel=7016 span=1 sleep=7/8 waiting
[INFO] [Deactivate] voxel=7017 span=1 sleep=7/8 waiting
[INFO] [Deactivate] voxel=7020 span=1 sleep=7/8 waiting
[INFO] [Deactivate] voxel=7021 span=1 sleep=7/8 waiting
[INFO] [Deactivate] voxel=7022 span=1 sleep=7/8 waiting
[INFO] [Deactivate] voxel=7023 span=1 sleep=7/8 waiting
[INFO] [Deactivate] voxel=7024 span=1 sleep=7/8 waiting
[INFO] [Deactivate] voxel=7035 span=1 sleep=7/8 waiting
[INFO] [Deactivate] voxel=7038 span=1 sleep=7/8 waiting
[INFO] [Deactivate] voxel=7039 span=1 sleep=7/8 waiting
[INFO] [Deactivate] voxel=7041 span=1 sleep=7/8 waiting
[INFO] [Deactivate] voxel=7045 span=1 sleep=7/8 waiting
[INFO] [Deactivate] voxel=7046 span=1 sleep=7/8 waiting
[INFO] [Deactivate] voxel=7047 span=1 sleep=7/8 waiting
[INFO] [Deactivate] voxel=7048 span=1 sleep=7/8 waiting
[INFO] [Deactivate] voxel=7050 span=1 sleep=7/8 waiting
[INFO] [Deactivate] voxel=7052 span=1 sleep=7/8 waiting
[INFO] [Deactivate] voxel=7053 span=1 sleep=7/8 waiting
[INFO] [Deactivate] voxel=7075 span=1 sleep=7/8 waiting
[INFO] [Deactivate] voxel=7076 span=1 sleep=7/8 waiting
[INFO] [Deactivate] voxel=7080 span=1 sleep=7/8 waiting
[INFO] [Deactivate] voxel=7097 span=1 sleep=7/8 waiting
[INFO] [Deactivate] voxel=7098 span=1 sleep=7/8 waiting
[INFO] [Deactivate] voxel=7103 span=1 sleep=7/8 waiting
[INFO] [Deactivate] voxel=7107 span=1 sleep=2/8 waiting
[INFO] [Deactivate] voxel=7726 span=1 sleep=7/8 waiting
[INFO] [Deactivate] voxel=7730 span=1 sleep=7/8 waiting
[INFO] [Deactivate] voxel=7738 span=1 sleep=7/8 waiting
[INFO] [Deactivate] voxel=7741 span=1 sleep=7/8 waiting
[INFO] [Deactivate] voxel=7742 span=1 sleep=7/8 waiting
[INFO] [Deactivate] voxel=7744 span=1 sleep=7/8 waiting
[INFO] [Deactivate] voxel=7750 span=1 sleep=7/8 waiting
[INFO] [Deactivate] voxel=7760 span=1 sleep=7/8 waiting
[INFO] [Deactivate] voxel=7780 span=1 sleep=7/8 waiting
[INFO] [Deactivate] voxel=7781 span=1 sleep=7/8 waiting
[INFO] [Deactivate] voxel=7782 span=1 sleep=7/8 waiting
[INFO] [Deactivate] voxel=7783 span=1 sleep=7/8 waiting
[INFO] [Deactivate] voxel=7784 span=1 sleep=7/8 waiting
[INFO] [Deactivate] voxel=7785 span=1 sleep=7/8 waiting
[INFO] [Deactivate] voxel=7786 span=1 sleep=7/8 waiting
[INFO] [Deactivate] voxel=7788 span=1 sleep=7/8 waiting
[INFO] [Deactivate] voxel=7789 span=1 sleep=7/8 waiting
[INFO] [Deactivate] voxel=7791 span=1 sleep=7/8 waiting
[INFO] [Deactivate] voxel=7792 span=1 sleep=7/8 waiting
[INFO] [Deactivate] voxel=7793 span=1 sleep=7/8 waiting
[INFO] [Deactivate] voxel=7796 span=1 sleep=7/8 waiting
[INFO] [Deactivate] voxel=7798 span=1 sleep=7/8 waiting
[INFO] [Deactivate] voxel=7799 span=1 sleep=7/8 waiting
[INFO] [Deactivate] voxel=7801 span=1 sleep=7/8 waiting
[INFO] [Deactivate] voxel=7802 span=1 sleep=7/8 waiting
[INFO] [Deactivate] voxel=7803 span=1 sleep=7/8 waiting
[INFO] [Deactivate] voxel=7804 span=1 sleep=7/8 waiting
[INFO] [Deactivate] voxel=7805 span=1 sleep=7/8 waiting
[INFO] [Deactivate] voxel=7806 span=1 sleep=7/8 waiting
[INFO] [Deactivate] voxel=7807 span=1 sleep=7/8 waiting
[INFO] [Deactivate] voxel=7808 span=1 sleep=7/8 waiting
[INFO] [Deactivate] voxel=7809 span=1 sleep=7/8 waiting
[INFO] [Deactivate] voxel=7810 span=1 sleep=7/8 waiting
[INFO] [Deactivate] voxel=7813 span=1 sleep=7/8 waiting
[INFO] [Deactivate] voxel=7819 span=1 sleep=7/8 waiting
[INFO] [Deactivate] voxel=7821 span=1 sleep=7/8 waiting
[INFO] [Deactivate] voxel=7828 span=1 sleep=7/8 waiting
[INFO] [Deactivate] voxel=7830 span=1 sleep=7/8 waiting
[INFO] [Deactivate] voxel=7831 span=1 sleep=7/8 waiting
[INFO] [Deactivate] voxel=7835 span=1 sleep=7/8 waiting
[INFO] [Deactivate] voxel=7836 span=1 sleep=7/8 waiting
[INFO] [Deactivate] voxel=7849 span=1 sleep=7/8 waiting
[INFO] [Deactivate] voxel=7850 span=1 sleep=7/8 waiting
[INFO] [Deactivate] voxel=7853 span=1 sleep=7/8 waiting
[INFO] [Deactivate] voxel=7870 span=2 sleep=7/8 waiting
[INFO] [Deactivate] voxel=7871 span=1 sleep=7/8 waiting
[INFO] [Deactivate] voxel=7873 span=2 sleep=7/8 waiting
[INFO] [Deactivate] voxel=7885 span=1 sleep=7/8 waiting
[INFO] [Deactivate] voxel=7887 span=1 sleep=7/8 waiting
[INFO] [Deactivate] voxel=7891 span=1 sleep=7/8 waiting
[INFO] [Deactivate] voxel=7892 span=1 sleep=7/8 waiting
[INFO] [Deactivate] voxel=7895 span=1 sleep=7/8 waiting
[INFO] [Deactivate] voxel=7907 span=1 sleep=7/8 waiting
[INFO] [Deactivate] voxel=7908 span=1 sleep=7/8 waiting
[INFO] [Deactivate] voxel=7909 span=1 sleep=5/8 waiting
[INFO] [Deactivate] voxel=7910 span=1 sleep=7/8 waiting
[INFO] [Deactivate] voxel=7912 span=1 sleep=7/8 waiting
[INFO] [Deactivate] voxel=7917 span=1 sleep=7/8 waiting
[INFO] [Deactivate] voxel=7984 span=1 sleep=7/8 waiting
[INFO] [Deactivate] voxel=7985 span=1 sleep=7/8 waiting
[INFO] [Deactivate] voxel=7986 span=1 sleep=7/8 waiting
[INFO] [Deactivate] voxel=7987 span=1 sleep=7/8 waiting
[INFO] [Deactivate] voxel=7988 span=1 sleep=7/8 waiting
[INFO] [Deactivate] voxel=7989 span=1 sleep=7/8 waiting
[INFO] [Deactivate] voxel=7990 span=1 sleep=7/8 waiting
[INFO] [Deactivate] voxel=7991 span=1 sleep=7/8 waiting
[INFO] [Deactivate] voxel=7992 span=1 sleep=7/8 waiting
[INFO] [Deactivate] voxel=7993 span=1 sleep=7/8 waiting
[INFO] [Deactivate] voxel=7994 span=1 sleep=7/8 waiting
[INFO] [Deactivate] voxel=7995 span=1 sleep=7/8 waiting
[INFO] [Deactivate] voxel=7996 span=1 sleep=7/8 waiting
[INFO] [Deactivate] voxel=7997 span=1 sleep=7/8 waiting
[INFO] [Deactivate] voxel=7998 span=1 sleep=7/8 waiting
[INFO] [Deactivate] voxel=7999 span=1 sleep=7/8 waiting
[INFO] [Deactivate] voxel=8000 span=1 sleep=7/8 waiting
[INFO] [Deactivate] voxel=8001 span=1 sleep=7/8 waiting
[INFO] [Deactivate] voxel=8002 span=1 sleep=7/8 waiting
[INFO] [Deactivate] voxel=8003 span=1 sleep=7/8 waiting
[INFO] [Deactivate] voxel=8004 span=1 sleep=7/8 waiting
[INFO] [Deactivate] voxel=8005 span=1 sleep=7/8 waiting
[INFO] [Deactivate] voxel=8006 span=1 sleep=7/8 waiting
[INFO] [Deactivate] voxel=8007 span=1 sleep=7/8 waiting
[INFO] [Deactivate] voxel=8008 span=1 sleep=7/8 waiting
[INFO] [Deactivate] voxel=8009 span=1 sleep=7/8 waiting
[INFO] [Deactivate] voxel=8010 span=1 sleep=7/8 waiting
[INFO] [Deactivate] voxel=8011 span=1 sleep=7/8 waiting
[INFO] [Deactivate] voxel=8012 span=1 sleep=7/8 waiting
[INFO] [Deactivate] voxel=8013 span=1 sleep=7/8 waiting
[INFO] [Deactivate] voxel=6923 cluster_ready=false fail_idx=7909 sleep=6 reason=insufficient-sleep
[INFO] [Deactivate] voxel=6964 span=1 sleep=7/8 waiting
[INFO] [Deactivate] voxel=6980 span=1 sleep=7/8 waiting
[INFO] [Deactivate] voxel=6985 span=1 sleep=7/8 waiting
[INFO] [Deactivate] voxel=6986 span=1 sleep=7/8 waiting
[INFO] [Deactivate] voxel=6987 span=1 sleep=7/8 waiting
[INFO] [Deactivate] voxel=6988 span=1 sleep=7/8 waiting
[INFO] [Deactivate] voxel=6990 span=1 sleep=7/8 waiting
[INFO] [Deactivate] voxel=6991 span=1 sleep=7/8 waiting
[INFO] [Deactivate] voxel=6992 span=1 sleep=7/8 waiting
[INFO] [Deactivate] voxel=6993 span=1 sleep=7/8 waiting
[INFO] [Deactivate] voxel=6995 span=1 sleep=7/8 waiting
[INFO] [Deactivate] voxel=7012 span=1 sleep=7/8 waiting
[INFO] [Deactivate] voxel=7014 span=1 sleep=7/8 waiting
[INFO] [Deactivate] voxel=7015 span=1 sleep=7/8 waiting
[INFO] [Deactivate] voxel=7016 span=1 sleep=7/8 waiting
[INFO] [Deactivate] voxel=7017 span=1 sleep=7/8 waiting
[INFO] [Deactivate] voxel=7020 span=1 sleep=7/8 waiting
[INFO] [Deactivate] voxel=7021 span=1 sleep=7/8 waiting
[INFO] [Deactivate] voxel=7022 span=1 sleep=7/8 waiting
[INFO] [Deactivate] voxel=7023 span=1 sleep=7/8 waiting
[INFO] [Deactivate] voxel=7024 span=1 sleep=7/8 waiting
[INFO] [Deactivate] voxel=7035 span=1 sleep=7/8 waiting
[INFO] [Deactivate] voxel=7038 span=1 sleep=7/8 waiting
[INFO] [Deactivate] voxel=7039 span=1 sleep=7/8 waiting
[INFO] [Deactivate] voxel=7041 span=1 sleep=7/8 waiting
[INFO] [Deactivate] voxel=7045 span=1 sleep=7/8 waiting
[INFO] [Deactivate] voxel=7046 span=1 sleep=7/8 waiting
[INFO] [Deactivate] voxel=7047 span=1 sleep=7/8 waiting
[INFO] [Deactivate] voxel=7048 span=1 sleep=7/8 waiting
[INFO] [Deactivate] voxel=7050 span=1 sleep=7/8 waiting
[INFO] [Deactivate] voxel=7052 span=1 sleep=7/8 waiting
[INFO] [Deactivate] voxel=7053 span=1 sleep=7/8 waiting
[INFO] [Deactivate] voxel=7075 span=1 sleep=7/8 waiting
[INFO] [Deactivate] voxel=7076 span=1 sleep=7/8 waiting
[INFO] [Deactivate] voxel=7080 span=1 sleep=7/8 waiting
[INFO] [Deactivate] voxel=7097 span=1 sleep=7/8 waiting
[INFO] [Deactivate] voxel=7098 span=1 sleep=7/8 waiting
[INFO] [Deactivate] voxel=7103 span=1 sleep=7/8 waiting
[INFO] [Deactivate] voxel=7107 span=1 sleep=3/8 waiting
[INFO] [Deactivate] voxel=7726 span=1 sleep=7/8 waiting
[INFO] [Deactivate] voxel=7730 span=1 sleep=7/8 waiting
[INFO] [Deactivate] voxel=7738 span=1 sleep=7/8 waiting
[INFO] [Deactivate] voxel=7741 span=1 sleep=7/8 waiting
[INFO] [Deactivate] voxel=7742 span=1 sleep=7/8 waiting
[INFO] [Deactivate] voxel=7744 span=1 sleep=7/8 waiting
[INFO] [Deactivate] voxel=7750 span=1 sleep=7/8 waiting
[INFO] [Deactivate] voxel=7760 span=1 sleep=7/8 waiting
[INFO] [Deactivate] voxel=7780 span=1 sleep=7/8 waiting
[INFO] [Deactivate] voxel=7781 span=1 sleep=7/8 waiting
[INFO] [Deactivate] voxel=7782 span=1 sleep=7/8 waiting
[INFO] [Deactivate] voxel=7783 span=1 sleep=7/8 waiting
[INFO] [Deactivate] voxel=7784 span=1 sleep=7/8 waiting
[INFO] [Deactivate] voxel=7785 span=1 sleep=7/8 waiting
[INFO] [Deactivate] voxel=7786 span=1 sleep=7/8 waiting
[INFO] [Deactivate] voxel=7788 span=1 sleep=7/8 waiting
[INFO] [Deactivate] voxel=7789 span=1 sleep=7/8 waiting
[INFO] [Deactivate] voxel=7791 span=1 sleep=7/8 waiting
[INFO] [Deactivate] voxel=7792 span=1 sleep=7/8 waiting
[INFO] [Deactivate] voxel=7793 span=1 sleep=7/8 waiting
[INFO] [Deactivate] voxel=7796 span=1 sleep=7/8 waiting
[INFO] [Deactivate] voxel=7798 span=1 sleep=7/8 waiting
[INFO] [Deactivate] voxel=7799 span=1 sleep=7/8 waiting
[INFO] [Deactivate] voxel=7801 span=1 sleep=7/8 waiting
[INFO] [Deactivate] voxel=7802 span=1 sleep=7/8 waiting
[INFO] [Deactivate] voxel=7803 span=1 sleep=7/8 waiting
[INFO] [Deactivate] voxel=7804 span=1 sleep=7/8 waiting
[INFO] [Deactivate] voxel=7805 span=1 sleep=7/8 waiting
[INFO] [Deactivate] voxel=7806 span=1 sleep=7/8 waiting
[INFO] [Deactivate] voxel=7807 span=1 sleep=7/8 waiting
[INFO] [Deactivate] voxel=7808 span=1 sleep=7/8 waiting
[INFO] [Deactivate] voxel=7809 span=1 sleep=7/8 waiting
[INFO] [Deactivate] voxel=7810 span=1 sleep=7/8 waiting
[INFO] [Deactivate] voxel=7813 span=1 sleep=7/8 waiting
[INFO] [Deactivate] voxel=7819 span=1 sleep=7/8 waiting
[INFO] [Deactivate] voxel=7821 span=1 sleep=7/8 waiting
[INFO] [Deactivate] voxel=7828 span=1 sleep=7/8 waiting
[INFO] [Deactivate] voxel=7830 span=1 sleep=7/8 waiting
[INFO] [Deactivate] voxel=7831 span=1 sleep=7/8 waiting
[INFO] [Deactivate] voxel=7835 span=1 sleep=7/8 waiting
[INFO] [Deactivate] voxel=7836 span=1 sleep=7/8 waiting
[INFO] [Deactivate] voxel=7849 span=1 sleep=7/8 waiting
[INFO] [Deactivate] voxel=7850 span=1 sleep=7/8 waiting
[INFO] [Deactivate] voxel=7853 span=1 sleep=7/8 waiting
[INFO] [Deactivate] voxel=7870 span=2 sleep=7/8 waiting
[INFO] [Deactivate] voxel=7871 span=1 sleep=7/8 waiting
[INFO] [Deactivate] voxel=7873 span=2 sleep=7/8 waiting
[INFO] [Deactivate] voxel=7885 span=1 sleep=7/8 waiting
[INFO] [Deactivate] voxel=7887 span=1 sleep=7/8 waiting
[INFO] [Deactivate] voxel=7891 span=1 sleep=7/8 waiting
[INFO] [Deactivate] voxel=7892 span=1 sleep=7/8 waiting
[INFO] [Deactivate] voxel=7895 span=1 sleep=7/8 waiting
[INFO] [Deactivate] voxel=7907 span=1 sleep=7/8 waiting
[INFO] [Deactivate] voxel=7908 span=1 sleep=7/8 waiting
[INFO] [Deactivate] voxel=7909 span=1 sleep=6/8 waiting
[INFO] [Deactivate] voxel=7910 span=1 sleep=7/8 waiting
[INFO] [Deactivate] voxel=7912 span=1 sleep=7/8 waiting
[INFO] [Deactivate] voxel=7917 span=1 sleep=7/8 waiting
[INFO] [Deactivate] voxel=7984 span=1 sleep=7/8 waiting
[INFO] [Deactivate] voxel=7985 span=1 sleep=7/8 waiting
[INFO] [Deactivate] voxel=7986 span=1 sleep=7/8 waiting
[INFO] [Deactivate] voxel=7987 span=1 sleep=7/8 waiting
[INFO] [Deactivate] voxel=7988 span=1 sleep=7/8 waiting
[INFO] [Deactivate] voxel=7989 span=1 sleep=7/8 waiting
[INFO] [Deactivate] voxel=7990 span=1 sleep=7/8 waiting
[INFO] [Deactivate] voxel=7991 span=1 sleep=7/8 waiting
[INFO] [Deactivate] voxel=7992 span=1 sleep=7/8 waiting
[INFO] [Deactivate] voxel=7993 span=1 sleep=7/8 waiting
[INFO] [Deactivate] voxel=7994 span=1 sleep=7/8 waiting
[INFO] [Deactivate] voxel=7995 span=1 sleep=7/8 waiting
[INFO] [Deactivate] voxel=7996 span=1 sleep=7/8 waiting
[INFO] [Deactivate] voxel=7997 span=1 sleep=7/8 waiting
[INFO] [Deactivate] voxel=7998 span=1 sleep=7/8 waiting
[INFO] [Deactivate] voxel=7999 span=1 sleep=7/8 waiting
[INFO] [Deactivate] voxel=8000 span=1 sleep=7/8 waiting
[INFO] [Deactivate] voxel=8001 span=1 sleep=7/8 waiting
[INFO] [Deactivate] voxel=8002 span=1 sleep=7/8 waiting
[INFO] [Deactivate] voxel=8003 span=1 sleep=7/8 waiting
[INFO] [Deactivate] voxel=8004 span=1 sleep=7/8 waiting
[INFO] [Deactivate] voxel=8005 span=1 sleep=7/8 waiting
[INFO] [Deactivate] voxel=8006 span=1 sleep=7/8 waiting
[INFO] [Deactivate] voxel=8007 span=1 sleep=7/8 waiting
[INFO] [Deactivate] voxel=8008 span=1 sleep=7/8 waiting
[INFO] [Deactivate] voxel=8009 span=1 sleep=7/8 waiting
[INFO] [Deactivate] voxel=8010 span=1 sleep=7/8 waiting
[INFO] [Deactivate] voxel=8011 span=1 sleep=7/8 waiting
[INFO] [Deactivate] voxel=8012 span=1 sleep=7/8 waiting
[INFO] [Deactivate] voxel=8013 span=1 sleep=7/8 waiting
[INFO] [Deactivate] voxel=6923 cluster_ready=false fail_idx=7909 sleep=7 reason=insufficient-sleep
[INFO] [Deactivate] voxel=6964 span=1 sleep=7/8 waiting
[INFO] [Deactivate] voxel=6980 span=1 sleep=7/8 waiting
[INFO] [Deactivate] voxel=6985 span=1 sleep=7/8 waiting
[INFO] [Deactivate] voxel=6986 span=1 sleep=7/8 waiting
[INFO] [Deactivate] voxel=6987 span=1 sleep=7/8 waiting
[INFO] [Deactivate] voxel=6988 span=1 sleep=7/8 waiting
[INFO] [Deactivate] voxel=6990 span=1 sleep=7/8 waiting
[INFO] [Deactivate] voxel=6991 span=1 sleep=7/8 waiting
[INFO] [Deactivate] voxel=6992 span=1 sleep=7/8 waiting
[INFO] [Deactivate] voxel=6993 span=1 sleep=7/8 waiting
[INFO] [Deactivate] voxel=6995 span=1 sleep=7/8 waiting
[INFO] [Deactivate] voxel=7012 span=1 sleep=7/8 waiting
[INFO] [Deactivate] voxel=7014 span=1 sleep=7/8 waiting
[INFO] [Deactivate] voxel=7015 span=1 sleep=7/8 waiting
[INFO] [Deactivate] voxel=7016 span=1 sleep=7/8 waiting
[INFO] [Deactivate] voxel=7017 span=1 sleep=7/8 waiting
[INFO] [Deactivate] voxel=7020 span=1 sleep=7/8 waiting
[INFO] [Deactivate] voxel=7021 span=1 sleep=7/8 waiting
[INFO] [Deactivate] voxel=7022 span=1 sleep=7/8 waiting
[INFO] [Deactivate] voxel=7023 span=1 sleep=7/8 waiting
[INFO] [Deactivate] voxel=7024 span=1 sleep=7/8 waiting
[INFO] [Deactivate] voxel=7035 span=1 sleep=7/8 waiting
[INFO] [Deactivate] voxel=7038 span=1 sleep=7/8 waiting
[INFO] [Deactivate] voxel=7039 span=1 sleep=7/8 waiting
[INFO] [Deactivate] voxel=7041 span=1 sleep=7/8 waiting
[INFO] [Deactivate] voxel=7045 span=1 sleep=7/8 waiting
[INFO] [Deactivate] voxel=7046 span=1 sleep=7/8 waiting
[INFO] [Deactivate] voxel=7047 span=1 sleep=7/8 waiting
[INFO] [Deactivate] voxel=7048 span=1 sleep=7/8 waiting
[INFO] [Deactivate] voxel=7050 span=1 sleep=7/8 waiting
[INFO] [Deactivate] voxel=7052 span=1 sleep=7/8 waiting
[INFO] [Deactivate] voxel=7053 span=1 sleep=7/8 waiting
[INFO] [Deactivate] voxel=7075 span=1 sleep=7/8 waiting
[INFO] [Deactivate] voxel=7076 span=1 sleep=7/8 waiting
[INFO] [Deactivate] voxel=7080 span=1 sleep=7/8 waiting
[INFO] [Deactivate] voxel=7097 span=1 sleep=7/8 waiting
[INFO] [Deactivate] voxel=7098 span=1 sleep=7/8 waiting
[INFO] [Deactivate] voxel=7103 span=1 sleep=7/8 waiting
[INFO] [Deactivate] voxel=7107 span=1 sleep=4/8 waiting
[INFO] [Deactivate] voxel=7726 span=1 sleep=7/8 waiting
[INFO] [Deactivate] voxel=7730 span=1 sleep=7/8 waiting
[INFO] [Deactivate] voxel=7738 span=1 sleep=7/8 waiting
[INFO] [Deactivate] voxel=7741 span=1 sleep=7/8 waiting
[INFO] [Deactivate] voxel=7742 span=1 sleep=7/8 waiting
[INFO] [Deactivate] voxel=7744 span=1 sleep=7/8 waiting
[INFO] [Deactivate] voxel=7750 span=1 sleep=7/8 waiting
[INFO] [Deactivate] voxel=7760 span=1 sleep=7/8 waiting
[INFO] [Deactivate] voxel=7780 span=1 sleep=7/8 waiting
[INFO] [Deactivate] voxel=7781 span=1 sleep=7/8 waiting
[INFO] [Deactivate] voxel=7782 span=1 sleep=7/8 waiting
[INFO] [Deactivate] voxel=7783 span=1 sleep=7/8 waiting
[INFO] [Deactivate] voxel=7784 span=1 sleep=7/8 waiting
[INFO] [Deactivate] voxel=7785 span=1 sleep=7/8 waiting
[INFO] [Deactivate] voxel=7786 span=1 sleep=7/8 waiting
[INFO] [Deactivate] voxel=7788 span=1 sleep=7/8 waiting
[INFO] [Deactivate] voxel=7789 span=1 sleep=7/8 waiting
[INFO] [Deactivate] voxel=7791 span=1 sleep=7/8 waiting
[INFO] [Deactivate] voxel=7792 span=1 sleep=7/8 waiting
[INFO] [Deactivate] voxel=7793 span=1 sleep=7/8 waiting
[INFO] [Deactivate] voxel=7796 span=1 sleep=7/8 waiting
[INFO] [Deactivate] voxel=7798 span=1 sleep=7/8 waiting
[INFO] [Deactivate] voxel=7799 span=1 sleep=7/8 waiting
[INFO] [Deactivate] voxel=7801 span=1 sleep=7/8 waiting
[INFO] [Deactivate] voxel=7802 span=1 sleep=7/8 waiting
[INFO] [Deactivate] voxel=7803 span=1 sleep=7/8 waiting
[INFO] [Deactivate] voxel=7804 span=1 sleep=7/8 waiting
[INFO] [Deactivate] voxel=7805 span=1 sleep=7/8 waiting
[INFO] [Deactivate] voxel=7806 span=1 sleep=7/8 waiting
[INFO] [Deactivate] voxel=7807 span=1 sleep=7/8 waiting
[INFO] [Deactivate] voxel=7808 span=1 sleep=7/8 waiting
[INFO] [Deactivate] voxel=7809 span=1 sleep=7/8 waiting
[INFO] [Deactivate] voxel=7810 span=1 sleep=7/8 waiting
[INFO] [Deactivate] voxel=7813 span=1 sleep=7/8 waiting
[INFO] [Deactivate] voxel=7819 span=1 sleep=7/8 waiting
[INFO] [Deactivate] voxel=7821 span=1 sleep=7/8 waiting
[INFO] [Deactivate] voxel=7828 span=1 sleep=7/8 waiting
[INFO] [Deactivate] voxel=7830 span=1 sleep=7/8 waiting
[INFO] [Deactivate] voxel=7831 span=1 sleep=7/8 waiting
[INFO] [Deactivate] voxel=7835 span=1 sleep=7/8 waiting
[INFO] [Deactivate] voxel=7836 span=1 sleep=7/8 waiting
[INFO] [Deactivate] voxel=7849 span=1 sleep=7/8 waiting
[INFO] [Deactivate] voxel=7850 span=1 sleep=7/8 waiting
[INFO] [Deactivate] voxel=7853 span=1 sleep=7/8 waiting
[INFO] [Deactivate] voxel=7870 span=2 sleep=7/8 waiting
[INFO] [Deactivate] voxel=7871 span=1 sleep=7/8 waiting
[INFO] [Deactivate] voxel=7873 span=2 sleep=7/8 waiting
[INFO] [Deactivate] voxel=7885 span=1 sleep=7/8 waiting
[INFO] [Deactivate] voxel=7887 span=1 sleep=7/8 waiting
[INFO] [Deactivate] voxel=7891 span=1 sleep=7/8 waiting
[INFO] [Deactivate] voxel=7892 span=1 sleep=7/8 waiting
[INFO] [Deactivate] voxel=7895 span=1 sleep=7/8 waiting
[INFO] [Deactivate] voxel=7907 span=1 sleep=7/8 waiting
[INFO] [Deactivate] voxel=7908 span=1 sleep=7/8 waiting
[INFO] [Deactivate] voxel=7909 span=1 sleep=7/8 waiting
[INFO] [Deactivate] voxel=7910 span=1 sleep=7/8 waiting
[INFO] [Deactivate] voxel=7912 span=1 sleep=7/8 waiting
[INFO] [Deactivate] voxel=7917 span=1 sleep=7/8 waiting
[INFO] [Deactivate] voxel=7984 span=1 sleep=7/8 waiting
[INFO] [Deactivate] voxel=7985 span=1 sleep=7/8 waiting
[INFO] [Deactivate] voxel=7986 span=1 sleep=7/8 waiting
[INFO] [Deactivate] voxel=7987 span=1 sleep=7/8 waiting
[INFO] [Deactivate] voxel=7988 span=1 sleep=7/8 waiting
[INFO] [Deactivate] voxel=7989 span=1 sleep=7/8 waiting
[INFO] [Deactivate] voxel=7990 span=1 sleep=7/8 waiting
[INFO] [Deactivate] voxel=7991 span=1 sleep=7/8 waiting
[INFO] [Deactivate] voxel=7992 span=1 sleep=7/8 waiting
[INFO] [Deactivate] voxel=7993 span=1 sleep=7/8 waiting
[INFO] [Deactivate] voxel=7994 span=1 sleep=7/8 waiting
[INFO] [Deactivate] voxel=7995 span=1 sleep=7/8 waiting
[INFO] [Deactivate] voxel=7996 span=1 sleep=7/8 waiting
[INFO] [Deactivate] voxel=7997 span=1 sleep=7/8 waiting
[INFO] [Deactivate] voxel=7998 span=1 sleep=7/8 waiting
[INFO] [Deactivate] voxel=7999 span=1 sleep=7/8 waiting
[INFO] [Deactivate] voxel=8000 span=1 sleep=7/8 waiting
[INFO] [Deactivate] voxel=8001 span=1 sleep=7/8 waiting
[INFO] [Deactivate] voxel=8002 span=1 sleep=7/8 waiting
[INFO] [Deactivate] voxel=8003 span=1 sleep=7/8 waiting
[INFO] [Deactivate] voxel=8004 span=1 sleep=7/8 waiting
[INFO] [Deactivate] voxel=8005 span=1 sleep=7/8 waiting
[INFO] [Deactivate] voxel=8006 span=1 sleep=7/8 waiting
[INFO] [Deactivate] voxel=8007 span=1 sleep=7/8 waiting
[INFO] [Deactivate] voxel=8008 span=1 sleep=7/8 waiting
[INFO] [Deactivate] voxel=8009 span=1 sleep=7/8 waiting
[INFO] [Deactivate] voxel=8010 span=1 sleep=7/8 waiting
[INFO] [Deactivate] voxel=8011 span=1 sleep=7/8 waiting
[INFO] [Deactivate] voxel=8012 span=1 sleep=7/8 waiting
[INFO] [Deactivate] voxel=8013 span=1 sleep=7/8 waiting
[INFO] [RemoveVoxel] idx=7010 voxel_count_before=8019 moved_from=8018 voxel_count_after=8018
[INFO] [Multiscale] Emit span=1 grid=(2..2,5..5,5..5) pos=(1.25,2.75,2.75)
[INFO] [Multiscale] Converted 1 unit voxels into 1 span clusters
[INFO] [Activation] static->dynamic units=1 spawned=1 base=8018 after=8019
[INFO] [Support] no-static-connection pos=(2.75,2.76,-1.76) bounds=(5..5,5..5,-4..-4)
[INFO] [RemoveVoxel] idx=8013 voxel_count_before=8019 moved_from=8018 voxel_count_after=8018
[INFO] [RemoveVoxel] idx=8012 voxel_count_before=8018 moved_from=8017 voxel_count_after=8017
[INFO] [RemoveVoxel] idx=8011 voxel_count_before=8017 moved_from=8016 voxel_count_after=8016
[INFO] [RemoveVoxel] idx=8010 voxel_count_before=8016 moved_from=8015 voxel_count_after=8015
[INFO] [RemoveVoxel] idx=8009 voxel_count_before=8015 moved_from=8014 voxel_count_after=8014
[INFO] [RemoveVoxel] idx=8008 voxel_count_before=8014 moved_from=8013 voxel_count_after=8013
[INFO] [RemoveVoxel] idx=8007 voxel_count_before=8013 moved_from=8012 voxel_count_after=8012
[INFO] [RemoveVoxel] idx=8006 voxel_count_before=8012 moved_from=8011 voxel_count_after=8011
[INFO] [RemoveVoxel] idx=8005 voxel_count_before=8011 moved_from=8010 voxel_count_after=8010
[INFO] [RemoveVoxel] idx=8004 voxel_count_before=8010 moved_from=8009 voxel_count_after=8009
[INFO] [RemoveVoxel] idx=8003 voxel_count_before=8009 moved_from=8008 voxel_count_after=8008
[INFO] [RemoveVoxel] idx=8002 voxel_count_before=8008 moved_from=8007 voxel_count_after=8007
[INFO] [RemoveVoxel] idx=8001 voxel_count_before=8007 moved_from=8006 voxel_count_after=8006
[INFO] [RemoveVoxel] idx=8000 voxel_count_before=8006 moved_from=8005 voxel_count_after=8005
[INFO] [RemoveVoxel] idx=7999 voxel_count_before=8005 moved_from=8004 voxel_count_after=8004
[INFO] [RemoveVoxel] idx=7998 voxel_count_before=8004 moved_from=8003 voxel_count_after=8003
[INFO] [RemoveVoxel] idx=7997 voxel_count_before=8003 moved_from=8002 voxel_count_after=8002
[INFO] [RemoveVoxel] idx=7996 voxel_count_before=8002 moved_from=8001 voxel_count_after=8001
[INFO] [RemoveVoxel] idx=7995 voxel_count_before=8001 moved_from=8000 voxel_count_after=8000
[INFO] [RemoveVoxel] idx=7994 voxel_count_before=8000 moved_from=7999 voxel_count_after=7999
[INFO] [RemoveVoxel] idx=7993 voxel_count_before=7999 moved_from=7998 voxel_count_after=7998
[INFO] [RemoveVoxel] idx=7992 voxel_count_before=7998 moved_from=7997 voxel_count_after=7997
[INFO] [RemoveVoxel] idx=7991 voxel_count_before=7997 moved_from=7996 voxel_count_after=7996
[INFO] [RemoveVoxel] idx=7990 voxel_count_before=7996 moved_from=7995 voxel_count_after=7995
[INFO] [RemoveVoxel] idx=7989 voxel_count_before=7995 moved_from=7994 voxel_count_after=7994
[INFO] [RemoveVoxel] idx=7988 voxel_count_before=7994 moved_from=7993 voxel_count_after=7993
[INFO] [RemoveVoxel] idx=7987 voxel_count_before=7993 moved_from=7992 voxel_count_after=7992
[INFO] [RemoveVoxel] idx=7986 voxel_count_before=7992 moved_from=7991 voxel_count_after=7991
[INFO] [RemoveVoxel] idx=7985 voxel_count_before=7991 moved_from=7990 voxel_count_after=7990
[INFO] [RemoveVoxel] idx=7984 voxel_count_before=7990 moved_from=7989 voxel_count_after=7989
[INFO] [RemoveVoxel] idx=7917 voxel_count_before=7989 moved_from=7988 voxel_count_after=7988
[INFO] [RemoveVoxel] idx=7912 voxel_count_before=7988 moved_from=7987 voxel_count_after=7987
[INFO] [RemoveVoxel] idx=7910 voxel_count_before=7987 moved_from=7986 voxel_count_after=7986
[INFO] [RemoveVoxel] idx=7909 voxel_count_before=7986 moved_from=7985 voxel_count_after=7985
[INFO] [RemoveVoxel] idx=7908 voxel_count_before=7985 moved_from=7984 voxel_count_after=7984
[INFO] [RemoveVoxel] idx=7907 voxel_count_before=7984 moved_from=7983 voxel_count_after=7983
[INFO] [RemoveVoxel] idx=7895 voxel_count_before=7983 moved_from=7982 voxel_count_after=7982
[INFO] [RemoveVoxel] idx=7892 voxel_count_before=7982 moved_from=7981 voxel_count_after=7981
[INFO] [RemoveVoxel] idx=7891 voxel_count_before=7981 moved_from=7980 voxel_count_after=7980
[INFO] [RemoveVoxel] idx=7887 voxel_count_before=7980 moved_from=7979 voxel_count_after=7979
[INFO] [RemoveVoxel] idx=7885 voxel_count_before=7979 moved_from=7978 voxel_count_after=7978
[INFO] [RemoveVoxel] idx=7873 voxel_count_before=7978 moved_from=7977 voxel_count_after=7977
[INFO] [RemoveVoxel] idx=7871 voxel_count_before=7977 moved_from=7976 voxel_count_after=7976
[INFO] [RemoveVoxel] idx=7870 voxel_count_before=7976 moved_from=7975 voxel_count_after=7975
[INFO] [RemoveVoxel] idx=7853 voxel_count_before=7975 moved_from=7974 voxel_count_after=7974
[INFO] [RemoveVoxel] idx=7850 voxel_count_before=7974 moved_from=7973 voxel_count_after=7973
[INFO] [RemoveVoxel] idx=7849 voxel_count_before=7973 moved_from=7972 voxel_count_after=7972
[INFO] [RemoveVoxel] idx=7836 voxel_count_before=7972 moved_from=7971 voxel_count_after=7971
[INFO] [RemoveVoxel] idx=7835 voxel_count_before=7971 moved_from=7970 voxel_count_after=7970
[INFO] [RemoveVoxel] idx=7831 voxel_count_before=7970 moved_from=7969 voxel_count_after=7969
[INFO] [RemoveVoxel] idx=7830 voxel_count_before=7969 moved_from=7968 voxel_count_after=7968
[INFO] [RemoveVoxel] idx=7828 voxel_count_before=7968 moved_from=7967 voxel_count_after=7967
[INFO] [RemoveVoxel] idx=7821 voxel_count_before=7967 moved_from=7966 voxel_count_after=7966
[INFO] [RemoveVoxel] idx=7819 voxel_count_before=7966 moved_from=7965 voxel_count_after=7965
[INFO] [RemoveVoxel] idx=7813 voxel_count_before=7965 moved_from=7964 voxel_count_after=7964
[INFO] [RemoveVoxel] idx=7810 voxel_count_before=7964 moved_from=7963 voxel_count_after=7963
[INFO] [RemoveVoxel] idx=7809 voxel_count_before=7963 moved_from=7962 voxel_count_after=7962
[INFO] [RemoveVoxel] idx=7808 voxel_count_before=7962 moved_from=7961 voxel_count_after=7961
[INFO] [RemoveVoxel] idx=7807 voxel_count_before=7961 moved_from=7960 voxel_count_after=7960
[INFO] [RemoveVoxel] idx=7806 voxel_count_before=7960 moved_from=7959 voxel_count_after=7959
[INFO] [RemoveVoxel] idx=7805 voxel_count_before=7959 moved_from=7958 voxel_count_after=7958
[INFO] [RemoveVoxel] idx=7804 voxel_count_before=7958 moved_from=7957 voxel_count_after=7957
[INFO] [RemoveVoxel] idx=7803 voxel_count_before=7957 moved_from=7956 voxel_count_after=7956
[INFO] [RemoveVoxel] idx=7802 voxel_count_before=7956 moved_from=7955 voxel_count_after=7955
[INFO] [RemoveVoxel] idx=7801 voxel_count_before=7955 moved_from=7954 voxel_count_after=7954
[INFO] [RemoveVoxel] idx=7799 voxel_count_before=7954 moved_from=7953 voxel_count_after=7953
[INFO] [RemoveVoxel] idx=7798 voxel_count_before=7953 moved_from=7952 voxel_count_after=7952
[INFO] [RemoveVoxel] idx=7796 voxel_count_before=7952 moved_from=7951 voxel_count_after=7951
[INFO] [RemoveVoxel] idx=7793 voxel_count_before=7951 moved_from=7950 voxel_count_after=7950
[INFO] [RemoveVoxel] idx=7792 voxel_count_before=7950 moved_from=7949 voxel_count_after=7949
[INFO] [RemoveVoxel] idx=7791 voxel_count_before=7949 moved_from=7948 voxel_count_after=7948
[INFO] [RemoveVoxel] idx=7789 voxel_count_before=7948 moved_from=7947 voxel_count_after=7947
[INFO] [RemoveVoxel] idx=7788 voxel_count_before=7947 moved_from=7946 voxel_count_after=7946
[INFO] [RemoveVoxel] idx=7786 voxel_count_before=7946 moved_from=7945 voxel_count_after=7945
[INFO] [RemoveVoxel] idx=7785 voxel_count_before=7945 moved_from=7944 voxel_count_after=7944
[INFO] [RemoveVoxel] idx=7784 voxel_count_before=7944 moved_from=7943 voxel_count_after=7943
[INFO] [RemoveVoxel] idx=7783 voxel_count_before=7943 moved_from=7942 voxel_count_after=7942
[INFO] [RemoveVoxel] idx=7782 voxel_count_before=7942 moved_from=7941 voxel_count_after=7941
[INFO] [RemoveVoxel] idx=7781 voxel_count_before=7941 moved_from=7940 voxel_count_after=7940
[INFO] [RemoveVoxel] idx=7780 voxel_count_before=7940 moved_from=7939 voxel_count_after=7939
[INFO] [RemoveVoxel] idx=7760 voxel_count_before=7939 moved_from=7938 voxel_count_after=7938
[INFO] [RemoveVoxel] idx=7750 voxel_count_before=7938 moved_from=7937 voxel_count_after=7937
[INFO] [RemoveVoxel] idx=7744 voxel_count_before=7937 moved_from=7936 voxel_count_after=7936
[INFO] [RemoveVoxel] idx=7742 voxel_count_before=7936 moved_from=7935 voxel_count_after=7935
[INFO] [RemoveVoxel] idx=7741 voxel_count_before=7935 moved_from=7934 voxel_count_after=7934
[INFO] [RemoveVoxel] idx=7738 voxel_count_before=7934 moved_from=7933 voxel_count_after=7933
[INFO] [RemoveVoxel] idx=7730 voxel_count_before=7933 moved_from=7932 voxel_count_after=7932
[INFO] [RemoveVoxel] idx=7726 voxel_count_before=7932 moved_from=7931 voxel_count_after=7931
[INFO] [RemoveVoxel] idx=7103 voxel_count_before=7931 moved_from=7930 voxel_count_after=7930
[INFO] [RemoveVoxel] idx=7098 voxel_count_before=7930 moved_from=7929 voxel_count_after=7929
[INFO] [RemoveVoxel] idx=7097 voxel_count_before=7929 moved_from=7928 voxel_count_after=7928
[INFO] [RemoveVoxel] idx=7080 voxel_count_before=7928 moved_from=7927 voxel_count_after=7927
[INFO] [RemoveVoxel] idx=7076 voxel_count_before=7927 moved_from=7926 voxel_count_after=7926
[INFO] [RemoveVoxel] idx=7075 voxel_count_before=7926 moved_from=7925 voxel_count_after=7925
[INFO] [RemoveVoxel] idx=7053 voxel_count_before=7925 moved_from=7924 voxel_count_after=7924
[INFO] [RemoveVoxel] idx=7052 voxel_count_before=7924 moved_from=7923 voxel_count_after=7923
[INFO] [RemoveVoxel] idx=7050 voxel_count_before=7923 moved_from=7922 voxel_count_after=7922
[INFO] [RemoveVoxel] idx=7048 voxel_count_before=7922 moved_from=7921 voxel_count_after=7921
[INFO] [RemoveVoxel] idx=7047 voxel_count_before=7921 moved_from=7920 voxel_count_after=7920
[INFO] [RemoveVoxel] idx=7046 voxel_count_before=7920 moved_from=7919 voxel_count_after=7919
[INFO] [RemoveVoxel] idx=7045 voxel_count_before=7919 moved_from=7918 voxel_count_after=7918
[INFO] [RemoveVoxel] idx=7041 voxel_count_before=7918 moved_from=7917 voxel_count_after=7917
[INFO] [RemoveVoxel] idx=7039 voxel_count_before=7917 moved_from=7916 voxel_count_after=7916
[INFO] [RemoveVoxel] idx=7038 voxel_count_before=7916 moved_from=7915 voxel_count_after=7915
[INFO] [RemoveVoxel] idx=7035 voxel_count_before=7915 moved_from=7914 voxel_count_after=7914
[INFO] [RemoveVoxel] idx=7024 voxel_count_before=7914 moved_from=7913 voxel_count_after=7913
[INFO] [RemoveVoxel] idx=7023 voxel_count_before=7913 moved_from=7912 voxel_count_after=7912
[INFO] [RemoveVoxel] idx=7022 voxel_count_before=7912 moved_from=7911 voxel_count_after=7911
[INFO] [RemoveVoxel] idx=7021 voxel_count_before=7911 moved_from=7910 voxel_count_after=7910
[INFO] [RemoveVoxel] idx=7020 voxel_count_before=7910 moved_from=7909 voxel_count_after=7909
[INFO] [RemoveVoxel] idx=7017 voxel_count_before=7909 moved_from=7908 voxel_count_after=7908
[INFO] [RemoveVoxel] idx=7016 voxel_count_before=7908 moved_from=7907 voxel_count_after=7907
[INFO] [RemoveVoxel] idx=7015 voxel_count_before=7907 moved_from=7906 voxel_count_after=7906
[INFO] [RemoveVoxel] idx=7014 voxel_count_before=7906 moved_from=7905 voxel_count_after=7905
[INFO] [RemoveVoxel] idx=7012 voxel_count_before=7905 moved_from=7904 voxel_count_after=7904
[INFO] [RemoveVoxel] idx=6995 voxel_count_before=7904 moved_from=7903 voxel_count_after=7903
[INFO] [RemoveVoxel] idx=6993 voxel_count_before=7903 moved_from=7902 voxel_count_after=7902
[INFO] [RemoveVoxel] idx=6992 voxel_count_before=7902 moved_from=7901 voxel_count_after=7901
[INFO] [RemoveVoxel] idx=6991 voxel_count_before=7901 moved_from=7900 voxel_count_after=7900
[INFO] [RemoveVoxel] idx=6990 voxel_count_before=7900 moved_from=7899 voxel_count_after=7899
[INFO] [RemoveVoxel] idx=6988 voxel_count_before=7899 moved_from=7898 voxel_count_after=7898
[INFO] [RemoveVoxel] idx=6987 voxel_count_before=7898 moved_from=7897 voxel_count_after=7897
[INFO] [RemoveVoxel] idx=6986 voxel_count_before=7897 moved_from=7896 voxel_count_after=7896
[INFO] [RemoveVoxel] idx=6985 voxel_count_before=7896 moved_from=7895 voxel_count_after=7895
[INFO] [RemoveVoxel] idx=6980 voxel_count_before=7895 moved_from=7894 voxel_count_after=7894
[INFO] [RemoveVoxel] idx=6964 voxel_count_before=7894 moved_from=7893 voxel_count_after=7893
[INFO] [RemoveVoxel] idx=6923 voxel_count_before=7893 moved_from=7892 voxel_count_after=7892
[INFO] [RemoveVoxel] idx=8010 voxel_count_before=8014 moved_from=8013 voxel_count_after=8013
[INFO] [RestoreCluster] count=127 voxel_count before=8019 after_removal=7892 after_restore=8032 static_success=127
[INFO] [Deactivate] restored cluster starting=6923 count=127 remaining_budget_before=128
[INFO] [Deactivate] voxel=7041 span=1 sleep=1/8 waiting
[INFO] [Deactivate] voxel=7107 span=1 sleep=5/8 waiting
[INFO] VAO: [ID 36] Unloaded vertex array data from VRAM (GPU)
[INFO] VAO: [ID 37] Mesh uploaded successfully to VRAM (GPU)
[INFO] [RemoveVoxel] idx=7909 voxel_count_before=8032 moved_from=8031 voxel_count_after=8031
[INFO] [RemoveVoxel] idx=7073 voxel_count_before=8031 moved_from=8030 voxel_count_after=8030
[INFO] [RemoveVoxel] idx=7044 voxel_count_before=8030 moved_from=8029 voxel_count_after=8029
[INFO] [RemoveVoxel] idx=7009 voxel_count_before=8029 moved_from=8028 voxel_count_after=8028
[INFO] [RemoveVoxel] idx=7004 voxel_count_before=8028 moved_from=8027 voxel_count_after=8027
[INFO] [RemoveVoxel] idx=6959 voxel_count_before=8027 moved_from=8026 voxel_count_after=8026
[INFO] [RemoveVoxel] idx=6958 voxel_count_before=8026 moved_from=8025 voxel_count_after=8025
[INFO] [Multiscale] Emit span=1 grid=(4..4,4..4,-5..-5) pos=(2.25,2.25,-2.25)
[INFO] [Multiscale] Emit span=1 grid=(1..1,5..5,4..4) pos=(0.75,2.75,2.25)
[INFO] [Multiscale] Emit span=1 grid=(2..2,5..5,4..4) pos=(1.25,2.75,2.25)
[INFO] [Multiscale] Emit span=1 grid=(3..3,5..5,4..4) pos=(1.75,2.75,2.25)
[INFO] [Multiscale] Emit span=1 grid=(2..2,4..4,5..5) pos=(1.25,2.25,2.75)
[INFO] [Multiscale] Emit span=1 grid=(1..1,5..5,5..5) pos=(0.75,2.75,2.75)
[INFO] [Multiscale] Emit span=1 grid=(3..3,5..5,5..5) pos=(1.75,2.75,2.75)
[INFO] [Multiscale] Converted 7 unit voxels into 7 span clusters
[INFO] [Activation] static->dynamic units=7 spawned=7 base=8025 after=8032
[INFO] [RemoveVoxel] idx=8031 voxel_count_before=8032 moved_from=-1 voxel_count_after=8031
[INFO] [RemoveVoxel] idx=8030 voxel_count_before=8031 moved_from=-1 voxel_count_after=8030
[INFO] [RemoveVoxel] idx=8028 voxel_count_before=8030 moved_from=8029 voxel_count_after=8029
[INFO] [RemoveVoxel] idx=8027 voxel_count_before=8029 moved_from=8028 voxel_count_after=8028
[INFO] [RemoveVoxel] idx=8026 voxel_count_before=8028 moved_from=8027 voxel_count_after=8027
[INFO] [Multiscale] Emit span=1 grid=(1..1,5..5,4..4) pos=(0.75,2.75,2.25)
[INFO] [Multiscale] Emit span=1 grid=(2..2,5..5,4..4) pos=(1.25,2.75,2.25)
[INFO] [Multiscale] Emit span=1 grid=(3..3,5..5,4..4) pos=(1.75,2.75,2.25)
[INFO] [Multiscale] Emit span=1 grid=(1..1,5..5,5..5) pos=(0.75,2.75,2.75)
[INFO] [Multiscale] Emit span=1 grid=(3..3,5..5,5..5) pos=(1.75,2.75,2.75)
[INFO] [Multiscale] Converted 5 unit voxels into 5 span clusters
[INFO] [Deactivate] voxel=7041 span=1 sleep=2/8 waiting
[INFO] [Deactivate] voxel=7107 span=1 sleep=6/8 waiting
[INFO] [Deactivate] voxel=8025 span=1 sleep=1/8 waiting
[INFO] [Deactivate] voxel=8026 span=1 sleep=1/8 waiting
[INFO] [Deactivate] voxel=8027 span=1 sleep=1/8 waiting
[INFO] [Deactivate] voxel=8028 span=1 sleep=1/8 waiting
[INFO] [Deactivate] voxel=8029 span=1 sleep=1/8 waiting
[INFO] [Deactivate] voxel=8030 span=1 sleep=1/8 waiting
[INFO] [Deactivate] voxel=8031 span=1 sleep=1/8 waiting
[INFO] VAO: [ID 37] Unloaded vertex array data from VRAM (GPU)
[INFO] VAO: [ID 38] Mesh uploaded successfully to VRAM (GPU)
[INFO] [RemoveVoxel] idx=7912 voxel_count_before=8033 moved_from=8032 voxel_count_after=8032
[INFO] [RemoveVoxel] idx=7906 voxel_count_before=8032 moved_from=8031 voxel_count_after=8031
[INFO] [RemoveVoxel] idx=7902 voxel_count_before=8031 moved_from=8030 voxel_count_after=8030
[INFO] [RemoveVoxel] idx=7900 voxel_count_before=8030 moved_from=8029 voxel_count_after=8029
[INFO] [RemoveVoxel] idx=7895 voxel_count_before=8029 moved_from=8028 voxel_count_after=8028
[INFO] [RemoveVoxel] idx=7894 voxel_count_before=8028 moved_from=8027 voxel_count_after=8027
[INFO] [Multiscale] Emit span=1 grid=(3..3,4..4,-5..-5) pos=(1.75,2.25,-2.25)
[INFO] [Multiscale] Emit span=1 grid=(5..5,4..4,-5..-5) pos=(2.75,2.25,-2.25)
[INFO] [Multiscale] Emit span=1 grid=(3..3,5..5,-5..-5) pos=(1.75,2.75,-2.25)
[INFO] [Multiscale] Emit span=1 grid=(4..4,5..5,-5..-5) pos=(2.25,2.75,-2.25)
[INFO] [Multiscale] Emit span=1 grid=(5..5,5..5,-5..-5) pos=(2.75,2.75,-2.25)
[INFO] [Multiscale] Emit span=1 grid=(4..4,5..5,-4..-4) pos=(2.25,2.75,-1.75)
[INFO] [Multiscale] Converted 6 unit voxels into 6 span clusters
[INFO] [Activation] static->dynamic units=6 spawned=6 base=8027 after=8033
[INFO] [RemoveVoxel] idx=7906 voxel_count_before=8033 moved_from=8032 voxel_count_after=8032
[INFO] [RemoveVoxel] idx=7902 voxel_count_before=8032 moved_from=8031 voxel_count_after=8031
[INFO] [RemoveVoxel] idx=7900 voxel_count_before=8031 moved_from=8030 voxel_count_after=8030
[INFO] [RemoveVoxel] idx=7895 voxel_count_before=8030 moved_from=8029 voxel_count_after=8029
[INFO] [RemoveVoxel] idx=7894 voxel_count_before=8029 moved_from=8028 voxel_count_after=8028
[INFO] [Multiscale] Emit span=1 grid=(1..1,5..5,4..4) pos=(0.75,2.75,2.25)
[INFO] [Multiscale] Emit span=1 grid=(2..2,5..5,4..4) pos=(1.25,2.75,2.25)
[INFO] [Multiscale] Emit span=1 grid=(3..3,5..5,4..4) pos=(1.75,2.75,2.25)
[INFO] [Multiscale] Emit span=1 grid=(1..1,5..5,5..5) pos=(0.75,2.75,2.75)
[INFO] [Multiscale] Emit span=1 grid=(3..3,5..5,5..5) pos=(1.75,2.75,2.75)
[INFO] [Multiscale] Converted 5 unit voxels into 5 span clusters
[INFO] [Deactivate] voxel=7041 span=1 sleep=3/8 waiting
[INFO] [Deactivate] voxel=7107 span=1 sleep=7/8 waiting
[INFO] [Deactivate] voxel=7894 span=1 sleep=1/8 waiting
[INFO] [Deactivate] voxel=7895 span=1 sleep=1/8 waiting
[INFO] [Deactivate] voxel=7900 span=1 sleep=1/8 waiting
[INFO] [Deactivate] voxel=7902 span=1 sleep=1/8 waiting
[INFO] [Deactivate] voxel=7906 span=1 sleep=1/8 waiting
[INFO] [Deactivate] voxel=8025 span=1 sleep=2/8 waiting
[INFO] [Deactivate] voxel=8026 span=1 sleep=2/8 waiting
[INFO] [Deactivate] voxel=8027 span=1 sleep=1/8 waiting
[INFO] [Deactivate] voxel=8028 span=1 sleep=2/8 waiting
[INFO] [Deactivate] voxel=8029 span=1 sleep=2/8 waiting
[INFO] [Deactivate] voxel=8030 span=1 sleep=2/8 waiting
[INFO] [Deactivate] voxel=8031 span=1 sleep=2/8 waiting
[INFO] [Deactivate] voxel=8032 span=1 sleep=2/8 waiting
[INFO] VAO: [ID 38] Unloaded vertex array data from VRAM (GPU)
[INFO] VAO: [ID 39] Mesh uploaded successfully to VRAM (GPU)
[INFO] [RemoveVoxel] idx=7913 voxel_count_before=8033 moved_from=8032 voxel_count_after=8032
[INFO] [RemoveVoxel] idx=7911 voxel_count_before=8032 moved_from=8031 voxel_count_after=8031
[INFO] [RemoveVoxel] idx=7909 voxel_count_before=8031 moved_from=8030 voxel_count_after=8030
[INFO] [RemoveVoxel] idx=7908 voxel_count_before=8030 moved_from=8029 voxel_count_after=8029
[INFO] [RemoveVoxel] idx=7907 voxel_count_before=8029 moved_from=8028 voxel_count_after=8028
[INFO] [RemoveVoxel] idx=7905 voxel_count_before=8028 moved_from=8027 voxel_count_after=8027
[INFO] [RemoveVoxel] idx=7904 voxel_count_before=8027 moved_from=8026 voxel_count_after=8026
[INFO] [RemoveVoxel] idx=7903 voxel_count_before=8026 moved_from=8025 voxel_count_after=8025
[INFO] [RemoveVoxel] idx=7901 voxel_count_before=8025 moved_from=8024 voxel_count_after=8024
[INFO] [RemoveVoxel] idx=7899 voxel_count_before=8024 moved_from=8023 voxel_count_after=8023
[INFO] [RemoveVoxel] idx=7898 voxel_count_before=8023 moved_from=8022 voxel_count_after=8022
[INFO] [RemoveVoxel] idx=7897 voxel_count_before=8022 moved_from=8021 voxel_count_after=8021
[INFO] [RemoveVoxel] idx=7896 voxel_count_before=8021 moved_from=8020 voxel_count_after=8020
[INFO] [RemoveVoxel] idx=7893 voxel_count_before=8020 moved_from=8019 voxel_count_after=8019
[INFO] [RemoveVoxel] idx=7892 voxel_count_before=8019 moved_from=8018 voxel_count_after=8018
[INFO] [RemoveVoxel] idx=7111 voxel_count_before=8018 moved_from=8017 voxel_count_after=8017
[INFO] [RemoveVoxel] idx=7109 voxel_count_before=8017 moved_from=8016 voxel_count_after=8016
[INFO] [RemoveVoxel] idx=7104 voxel_count_before=8016 moved_from=8015 voxel_count_after=8015
[INFO] [RemoveVoxel] idx=7072 voxel_count_before=8015 moved_from=8014 voxel_count_after=8014
[INFO] [RemoveVoxel] idx=7067 voxel_count_before=8014 moved_from=8013 voxel_count_after=8013
[INFO] [RemoveVoxel] idx=7064 voxel_count_before=8013 moved_from=8012 voxel_count_after=8012
[INFO] [RemoveVoxel] idx=7061 voxel_count_before=8012 moved_from=8011 voxel_count_after=8011
[INFO] [RemoveVoxel] idx=7044 voxel_count_before=8011 moved_from=8010 voxel_count_after=8010
[INFO] [RemoveVoxel] idx=7043 voxel_count_before=8010 moved_from=8009 voxel_count_after=8009
[INFO] [RemoveVoxel] idx=7040 voxel_count_before=8009 moved_from=8008 voxel_count_after=8008
[INFO] [RemoveVoxel] idx=7018 voxel_count_before=8008 moved_from=8007 voxel_count_after=8007
[INFO] [RemoveVoxel] idx=6994 voxel_count_before=8007 moved_from=8006 voxel_count_after=8006
[INFO] [RemoveVoxel] idx=6989 voxel_count_before=8006 moved_from=8005 voxel_count_after=8005
[INFO] [RemoveVoxel] idx=6983 voxel_count_before=8005 moved_from=8004 voxel_count_after=8004
[INFO] [RemoveVoxel] idx=6981 voxel_count_before=8004 moved_from=8003 voxel_count_after=8003
[INFO] [RemoveVoxel] idx=6974 voxel_count_before=8003 moved_from=8002 voxel_count_after=8002
[INFO] [RemoveVoxel] idx=6966 voxel_count_before=8002 moved_from=8001 voxel_count_after=8001
[INFO] [RemoveVoxel] idx=6957 voxel_count_before=8001 moved_from=8000 voxel_count_after=8000
[INFO] [RemoveVoxel] idx=6934 voxel_count_before=8000 moved_from=7999 voxel_count_after=7999
[INFO] [Multiscale] Emit span=1 grid=(2..2,5..5,-5..-5) pos=(1.25,2.75,-2.25)
[INFO] [Multiscale] Emit span=1 grid=(3..3,4..4,-4..-4) pos=(1.75,2.25,-1.75)
[INFO] [Multiscale] Emit span=1 grid=(4..4,4..4,-4..-4) pos=(2.25,2.25,-1.75)
[INFO] [Multiscale] Emit span=1 grid=(5..5,4..4,-4..-4) pos=(2.75,2.25,-1.75)
[INFO] [Multiscale] Emit span=1 grid=(2..2,5..5,-4..-4) pos=(1.25,2.75,-1.75)
[INFO] [Multiscale] Emit span=1 grid=(3..3,5..5,-4..-4) pos=(1.75,2.75,-1.75)
[INFO] [Multiscale] Emit span=1 grid=(5..5,5..5,-4..-4) pos=(2.75,2.75,-1.75)
[INFO] [Multiscale] Emit span=1 grid=(3..3,4..4,-3..-3) pos=(1.75,2.25,-1.25)
[INFO] [Multiscale] Emit span=1 grid=(4..4,4..4,-3..-3) pos=(2.25,2.25,-1.25)
[INFO] [Multiscale] Emit span=1 grid=(5..5,4..4,-3..-3) pos=(2.75,2.25,-1.25)
[INFO] [Multiscale] Emit span=1 grid=(3..3,5..5,-3..-3) pos=(1.75,2.75,-1.25)
[INFO] [Multiscale] Emit span=1 grid=(4..4,5..5,-3..-3) pos=(2.25,2.75,-1.25)
[INFO] [Multiscale] Emit span=1 grid=(5..5,5..5,-3..-3) pos=(2.75,2.75,-1.25)
[INFO] [Multiscale] Emit span=1 grid=(4..4,5..5,-2..-2) pos=(2.25,2.75,-0.75)
[INFO] [Multiscale] Emit span=1 grid=(0..0,4..4,3..3) pos=(0.25,2.25,1.75)
[INFO] [Multiscale] Emit span=1 grid=(1..1,4..4,3..3) pos=(0.75,2.25,1.75)
[INFO] [Multiscale] Emit span=1 grid=(2..2,4..4,3..3) pos=(1.25,2.25,1.75)
[INFO] [Multiscale] Emit span=1 grid=(3..3,4..4,3..3) pos=(1.75,2.25,1.75)
[INFO] [Multiscale] Emit span=1 grid=(0..0,5..5,3..3) pos=(0.25,2.75,1.75)
[INFO] [Multiscale] Emit span=1 grid=(1..1,5..5,3..3) pos=(0.75,2.75,1.75)
[INFO] [Multiscale] Emit span=1 grid=(2..2,5..5,3..3) pos=(1.25,2.75,1.75)
[INFO] [Multiscale] Emit span=1 grid=(3..3,5..5,3..3) pos=(1.75,2.75,1.75)
[INFO] [Multiscale] Emit span=1 grid=(0..0,4..4,4..4) pos=(0.25,2.25,2.25)
[INFO] [Multiscale] Emit span=1 grid=(1..1,4..4,4..4) pos=(0.75,2.25,2.25)
[INFO] [Multiscale] Emit span=1 grid=(2..2,4..4,4..4) pos=(1.25,2.25,2.25)
[INFO] [Multiscale] Emit span=1 grid=(3..3,4..4,4..4) pos=(1.75,2.25,2.25)
[INFO] [Multiscale] Emit span=1 grid=(-1..-1,5..5,4..4) pos=(-0.25,2.75,2.25)
[INFO] [Multiscale] Emit span=1 grid=(0..0,5..5,4..4) pos=(0.25,2.75,2.25)
[INFO] [Multiscale] Emit span=1 grid=(4..4,5..5,4..4) pos=(2.25,2.75,2.25)
[INFO] [Multiscale] Emit span=1 grid=(0..0,4..4,5..5) pos=(0.25,2.25,2.75)
[INFO] [Multiscale] Emit span=1 grid=(1..1,4..4,5..5) pos=(0.75,2.25,2.75)
[INFO] [Multiscale] Emit span=1 grid=(3..3,4..4,5..5) pos=(1.75,2.25,2.75)
[INFO] [Multiscale] Emit span=1 grid=(-1..-1,5..5,5..5) pos=(-0.25,2.75,2.75)
[INFO] [Multiscale] Emit span=1 grid=(0..0,5..5,5..5) pos=(0.25,2.75,2.75)
[INFO] [Multiscale] Converted 34 unit voxels into 34 span clusters
[INFO] [Activation] static->dynamic units=34 spawned=34 base=7999 after=8033
[INFO] [Deactivate] voxel=7041 span=1 sleep=4/8 waiting
[INFO] [Support] no-static-connection pos=(-6.33,13.75,14.25) bounds=(-13..-13,27..27,28..28)
[INFO] [Deactivate] cluster_support=false count=1 checked=1 invalid=0 reason=no-static-connection
[INFO] [Deactivate] voxel=7107 cluster=1 lacks static support
[INFO] [Deactivate] voxel=7894 span=1 sleep=2/8 waiting
[INFO] [Deactivate] voxel=7895 span=1 sleep=2/8 waiting
[INFO] [Deactivate] voxel=7900 span=1 sleep=2/8 waiting
[INFO] [Deactivate] voxel=7902 span=1 sleep=2/8 waiting
[INFO] [Deactivate] voxel=7903 span=1 sleep=3/8 waiting
[INFO] [Deactivate] voxel=7904 span=1 sleep=3/8 waiting
[INFO] [Deactivate] voxel=7905 span=1 sleep=2/8 waiting
[INFO] [Deactivate] voxel=7906 span=1 sleep=2/8 waiting
[INFO] [Deactivate] voxel=7907 span=1 sleep=3/8 waiting
[INFO] [Deactivate] voxel=7908 span=1 sleep=3/8 waiting
[INFO] [Deactivate] voxel=7909 span=1 sleep=3/8 waiting
[INFO] [Deactivate] voxel=7911 span=1 sleep=3/8 waiting
[INFO] [Deactivate] voxel=7913 span=1 sleep=3/8 waiting
[INFO] [Deactivate] voxel=7999 span=1 sleep=1/8 waiting
[INFO] [Deactivate] voxel=8000 span=1 sleep=1/8 waiting
[INFO] [Deactivate] voxel=8001 span=1 sleep=1/8 waiting
[INFO] [Deactivate] voxel=8002 span=1 sleep=1/8 waiting
[INFO] [Deactivate] voxel=8003 span=1 sleep=1/8 waiting
[INFO] [Deactivate] voxel=8004 span=1 sleep=1/8 waiting
[INFO] [Deactivate] voxel=8005 span=1 sleep=1/8 waiting
[INFO] [Deactivate] voxel=8006 span=1 sleep=1/8 waiting
[INFO] [Deactivate] voxel=8007 span=1 sleep=1/8 waiting
[INFO] [Deactivate] voxel=8008 span=1 sleep=1/8 waiting
[INFO] [Deactivate] voxel=8009 span=1 sleep=1/8 waiting
[INFO] [Deactivate] voxel=8010 span=1 sleep=1/8 waiting
[INFO] [Deactivate] voxel=8011 span=1 sleep=1/8 waiting
[INFO] [Deactivate] voxel=8012 span=1 sleep=1/8 waiting
[INFO] [Deactivate] voxel=8013 span=1 sleep=1/8 waiting
[INFO] [Deactivate] voxel=8014 span=1 sleep=1/8 waiting
[INFO] [Deactivate] voxel=8015 span=1 sleep=1/8 waiting
[INFO] [Deactivate] voxel=8016 span=1 sleep=1/8 waiting
[INFO] [Deactivate] voxel=8017 span=1 sleep=1/8 waiting
[INFO] [Deactivate] voxel=8018 span=1 sleep=1/8 waiting
[INFO] [Deactivate] voxel=8019 span=1 sleep=1/8 waiting
[INFO] [Deactivate] voxel=8020 span=1 sleep=1/8 waiting
[INFO] [Deactivate] voxel=8021 span=1 sleep=1/8 waiting
[INFO] [Deactivate] voxel=8022 span=1 sleep=1/8 waiting
[INFO] [Deactivate] voxel=8023 span=1 sleep=1/8 waiting
[INFO] [Deactivate] voxel=8024 span=1 sleep=1/8 waiting
[INFO] [Deactivate] voxel=8025 span=1 sleep=1/8 waiting
[INFO] [Deactivate] voxel=8026 span=1 sleep=1/8 waiting
[INFO] [Deactivate] voxel=8027 span=1 sleep=1/8 waiting
[INFO] [Deactivate] voxel=8028 span=1 sleep=1/8 waiting
[INFO] [Deactivate] voxel=8029 span=1 sleep=1/8 waiting
[INFO] [Deactivate] voxel=8030 span=1 sleep=1/8 waiting
[INFO] [Deactivate] voxel=8031 span=1 sleep=1/8 waiting
[INFO] [Deactivate] voxel=8032 span=1 sleep=1/8 waiting
[INFO] VAO: [ID 39] Unloaded vertex array data from VRAM (GPU)
[INFO] VAO: [ID 40] Mesh uploaded successfully to VRAM (GPU)
[INFO] [RemoveVoxel] idx=7917 voxel_count_before=8033 moved_from=8032 voxel_count_after=8032
[INFO] [RemoveVoxel] idx=7812 voxel_count_before=8032 moved_from=8031 voxel_count_after=8031
[INFO] [RemoveVoxel] idx=7797 voxel_count_before=8031 moved_from=8030 voxel_count_after=8030
[INFO] [RemoveVoxel] idx=7794 voxel_count_before=8030 moved_from=8029 voxel_count_after=8029
[INFO] [RemoveVoxel] idx=7787 voxel_count_before=8029 moved_from=8028 voxel_count_after=8028
[INFO] [RemoveVoxel] idx=7778 voxel_count_before=8028 moved_from=8027 voxel_count_after=8027
[INFO] [RemoveVoxel] idx=7776 voxel_count_before=8027 moved_from=8026 voxel_count_after=8026
[INFO] [RemoveVoxel] idx=7736 voxel_count_before=8026 moved_from=8025 voxel_count_after=8025
[INFO] [RemoveVoxel] idx=7108 voxel_count_before=8025 moved_from=8024 voxel_count_after=8024
[INFO] [RemoveVoxel] idx=7073 voxel_count_before=8024 moved_from=8023 voxel_count_after=8023
[INFO] [RemoveVoxel] idx=7062 voxel_count_before=8023 moved_from=8022 voxel_count_after=8022
[INFO] [RemoveVoxel] idx=7019 voxel_count_before=8022 moved_from=8021 voxel_count_after=8021
[INFO] [RemoveVoxel] idx=7015 voxel_count_before=8021 moved_from=8020 voxel_count_after=8020
[INFO] [RemoveVoxel] idx=6990 voxel_count_before=8020 moved_from=8019 voxel_count_after=8019
[INFO] [RemoveVoxel] idx=6982 voxel_count_before=8019 moved_from=8018 voxel_count_after=8018
[INFO] [RemoveVoxel] idx=6951 voxel_count_before=8018 moved_from=8017 voxel_count_after=8017
[INFO] [RemoveVoxel] idx=6947 voxel_count_before=8017 moved_from=8016 voxel_count_after=8016
[INFO] [Multiscale] Emit span=1 grid=(2..2,4..4,-5..-5) pos=(1.25,2.25,-2.25)
[INFO] [Multiscale] Emit span=1 grid=(5..5,4..4,-2..-2) pos=(2.75,2.25,-0.75)
[INFO] [Multiscale] Emit span=1 grid=(5..5,5..5,-2..-2) pos=(2.75,2.75,-0.75)
[INFO] [Multiscale] Emit span=1 grid=(5..5,4..4,-1..-1) pos=(2.75,2.25,-0.25)
[INFO] [Multiscale] Emit span=1 grid=(5..5,5..5,-1..-1) pos=(2.75,2.75,-0.25)
[INFO] [Multiscale] Emit span=1 grid=(3..3,5..5,2..2) pos=(1.75,2.75,1.25)
[INFO] [Multiscale] Emit span=1 grid=(4..4,4..4,3..3) pos=(2.25,2.25,1.75)
[INFO] [Multiscale] Emit span=1 grid=(4..4,5..5,3..3) pos=(2.25,2.75,1.75)
[INFO] [Multiscale] Emit span=1 grid=(5..5,5..5,3..3) pos=(2.75,2.75,1.75)
[INFO] [Multiscale] Emit span=1 grid=(-1..-1,4..4,4..4) pos=(-0.25,2.25,2.25)
[INFO] [Multiscale] Emit span=1 grid=(4..4,4..4,4..4) pos=(2.25,2.25,2.25)
[INFO] [Multiscale] Emit span=1 grid=(5..5,5..5,4..4) pos=(2.75,2.75,2.25)
[INFO] [Multiscale] Emit span=1 grid=(-1..-1,4..4,5..5) pos=(-0.25,2.25,2.75)
[INFO] [Multiscale] Emit span=1 grid=(4..4,4..4,5..5) pos=(2.25,2.25,2.75)
[INFO] [Multiscale] Emit span=1 grid=(-2..-2,5..5,5..5) pos=(-0.75,2.75,2.75)
[INFO] [Multiscale] Emit span=1 grid=(4..4,5..5,5..5) pos=(2.25,2.75,2.75)
[INFO] [Multiscale] Emit span=1 grid=(5..5,5..5,5..5) pos=(2.75,2.75,2.75)
[INFO] [Multiscale] Converted 17 unit voxels into 17 span clusters
[INFO] [Activation] static->dynamic units=17 spawned=17 base=8016 after=8033
[INFO] [RemoveVoxel] idx=8032 voxel_count_before=8033 moved_from=-1 voxel_count_after=8032
[INFO] [RemoveVoxel] idx=8031 voxel_count_before=8032 moved_from=-1 voxel_count_after=8031
[INFO] [RemoveVoxel] idx=8030 voxel_count_before=8031 moved_from=-1 voxel_count_after=8030
[INFO] [RemoveVoxel] idx=8029 voxel_count_before=8030 moved_from=-1 voxel_count_after=8029
[INFO] [RemoveVoxel] idx=8028 voxel_count_before=8029 moved_from=-1 voxel_count_after=8028
[INFO] [RemoveVoxel] idx=8027 voxel_count_before=8028 moved_from=-1 voxel_count_after=8027
[INFO] [RemoveVoxel] idx=8026 voxel_count_before=8027 moved_from=-1 voxel_count_after=8026
[INFO] [RemoveVoxel] idx=8025 voxel_count_before=8026 moved_from=-1 voxel_count_after=8025
[INFO] [RemoveVoxel] idx=8024 voxel_count_before=8025 moved_from=-1 voxel_count_after=8024
[INFO] [RemoveVoxel] idx=8023 voxel_count_before=8024 moved_from=-1 voxel_count_after=8023
[INFO] [RemoveVoxel] idx=8022 voxel_count_before=8023 moved_from=-1 voxel_count_after=8022
[INFO] [RemoveVoxel] idx=8021 voxel_count_before=8022 moved_from=-1 voxel_count_after=8021
[INFO] [RemoveVoxel] idx=8015 voxel_count_before=8021 moved_from=8020 voxel_count_after=8020
[INFO] [RemoveVoxel] idx=8014 voxel_count_before=8020 moved_from=8019 voxel_count_after=8019
[INFO] [RemoveVoxel] idx=8013 voxel_count_before=8019 moved_from=8018 voxel_count_after=8018
[INFO] [RemoveVoxel] idx=7917 voxel_count_before=8018 moved_from=8017 voxel_count_after=8017
[INFO] [RemoveVoxel] idx=7913 voxel_count_before=8017 moved_from=8016 voxel_count_after=8016
[INFO] [RemoveVoxel] idx=7911 voxel_count_before=8016 moved_from=8015 voxel_count_after=8015
[INFO] [RemoveVoxel] idx=7909 voxel_count_before=8015 moved_from=8014 voxel_count_after=8014
[INFO] [RemoveVoxel] idx=7908 voxel_count_before=8014 moved_from=8013 voxel_count_after=8013
[INFO] [RemoveVoxel] idx=7907 voxel_count_before=8013 moved_from=8012 voxel_count_after=8012
[INFO] [RemoveVoxel] idx=7904 voxel_count_before=8012 moved_from=8011 voxel_count_after=8011
[INFO] [RemoveVoxel] idx=7812 voxel_count_before=8011 moved_from=8010 voxel_count_after=8010
[INFO] [RemoveVoxel] idx=7797 voxel_count_before=8010 moved_from=8009 voxel_count_after=8009
[INFO] [RemoveVoxel] idx=7794 voxel_count_before=8009 moved_from=8008 voxel_count_after=8008
[INFO] [RemoveVoxel] idx=7787 voxel_count_before=8008 moved_from=8007 voxel_count_after=8007
[INFO] [RemoveVoxel] idx=7776 voxel_count_before=8007 moved_from=8006 voxel_count_after=8006
[INFO] [RemoveVoxel] idx=7736 voxel_count_before=8006 moved_from=8005 voxel_count_after=8005
[INFO] [RemoveVoxel] idx=7108 voxel_count_before=8005 moved_from=8004 voxel_count_after=8004
[INFO] [RemoveVoxel] idx=7073 voxel_count_before=8004 moved_from=8003 voxel_count_after=8003
[INFO] [RemoveVoxel] idx=7062 voxel_count_before=8003 moved_from=8002 voxel_count_after=8002
[INFO] [RemoveVoxel] idx=7019 voxel_count_before=8002 moved_from=8001 voxel_count_after=8001
[INFO] [RemoveVoxel] idx=7015 voxel_count_before=8001 moved_from=8000 voxel_count_after=8000
[INFO] [RemoveVoxel] idx=6990 voxel_count_before=8000 moved_from=7999 voxel_count_after=7999
[INFO] [RemoveVoxel] idx=6982 voxel_count_before=7999 moved_from=7998 voxel_count_after=7998
[INFO] [RemoveVoxel] idx=6951 voxel_count_before=7998 moved_from=7997 voxel_count_after=7997
[INFO] [RemoveVoxel] idx=6947 voxel_count_before=7997 moved_from=7996 voxel_count_after=7996
[INFO] [Multiscale] Emit span=1 grid=(3..3,5..5,2..2) pos=(1.75,2.75,1.25)
[INFO] [Multiscale] Emit span=2 grid=(0..1,4..5,3..4) pos=(0.50,2.50,2.00)
[INFO] [Multiscale] Emit span=2 grid=(2..3,4..5,3..4) pos=(1.50,2.50,2.00)
[INFO] [Multiscale] Emit span=1 grid=(4..4,4..4,3..3) pos=(2.25,2.25,1.75)
[INFO] [Multiscale] Emit span=1 grid=(4..4,5..5,3..3) pos=(2.25,2.75,1.75)
[INFO] [Multiscale] Emit span=1 grid=(5..5,5..5,3..3) pos=(2.75,2.75,1.75)
[INFO] [Multiscale] Emit span=1 grid=(-1..-1,4..4,4..4) pos=(-0.25,2.25,2.25)
[INFO] [Multiscale] Emit span=1 grid=(4..4,4..4,4..4) pos=(2.25,2.25,2.25)
[INFO] [Multiscale] Emit span=1 grid=(-1..-1,5..5,4..4) pos=(-0.25,2.75,2.25)
[INFO] [Multiscale] Emit span=1 grid=(5..5,5..5,4..4) pos=(2.75,2.75,2.25)
[INFO] [Multiscale] Emit span=1 grid=(-1..-1,4..4,5..5) pos=(-0.25,2.25,2.75)
[INFO] [Multiscale] Emit span=1 grid=(0..0,4..4,5..5) pos=(0.25,2.25,2.75)
[INFO] [Multiscale] Emit span=1 grid=(1..1,4..4,5..5) pos=(0.75,2.25,2.75)
[INFO] [Multiscale] Emit span=1 grid=(2..2,4..4,5..5) pos=(1.25,2.25,2.75)
[INFO] [Multiscale] Emit span=1 grid=(3..3,4..4,5..5) pos=(1.75,2.25,2.75)
[INFO] [Multiscale] Emit span=1 grid=(4..4,4..4,5..5) pos=(2.25,2.25,2.75)
[INFO] [Multiscale] Emit span=1 grid=(-2..-2,5..5,5..5) pos=(-0.75,2.75,2.75)
[INFO] [Multiscale] Emit span=1 grid=(-1..-1,5..5,5..5) pos=(-0.25,2.75,2.75)
[INFO] [Multiscale] Emit span=1 grid=(0..0,5..5,5..5) pos=(0.25,2.75,2.75)
[INFO] [Multiscale] Emit span=1 grid=(1..1,5..5,5..5) pos=(0.75,2.75,2.75)
[INFO] [Multiscale] Emit span=1 grid=(3..3,5..5,5..5) pos=(1.75,2.75,2.75)
[INFO] [Multiscale] Emit span=1 grid=(4..4,5..5,5..5) pos=(2.25,2.75,2.75)
[INFO] [Multiscale] Emit span=1 grid=(5..5,5..5,5..5) pos=(2.75,2.75,2.75)
[INFO] [Multiscale] Converted 37 unit voxels into 23 span clusters
[INFO] [Deactivate] voxel=6990 span=1 sleep=2/8 waiting
[INFO] [Deactivate] voxel=7015 span=1 sleep=2/8 waiting
[INFO] [Deactivate] voxel=7019 span=1 sleep=2/8 waiting
[INFO] [Deactivate] voxel=7041 span=1 sleep=5/8 waiting
[INFO] [Deactivate] voxel=7062 span=1 sleep=2/8 waiting
[INFO] [Deactivate] voxel=7073 span=1 sleep=2/8 waiting
[INFO] [Support] no-static-connection pos=(-6.78,14.19,13.53) bounds=(-14..-14,28..28,27..27)
[INFO] [Deactivate] cluster_support=false count=1 checked=1 invalid=0 reason=no-static-connection
[INFO] [Deactivate] voxel=7107 cluster=1 lacks static support
[INFO] [Deactivate] voxel=7108 span=1 sleep=2/8 waiting
[INFO] [Deactivate] voxel=7736 span=1 sleep=2/8 waiting
[INFO] [Deactivate] voxel=7776 span=1 sleep=2/8 waiting
[INFO] [Deactivate] voxel=7778 span=1 sleep=2/8 waiting
[INFO] [Deactivate] voxel=7787 span=1 sleep=2/8 waiting
[INFO] [Deactivate] voxel=7794 span=1 sleep=2/8 waiting
[INFO] [Deactivate] voxel=7797 span=1 sleep=2/8 waiting
[INFO] [Deactivate] voxel=7812 span=1 sleep=2/8 waiting
[INFO] [Deactivate] voxel=7894 span=1 sleep=3/8 waiting
[INFO] [Deactivate] voxel=7895 span=1 sleep=3/8 waiting
[INFO] [Deactivate] voxel=7900 span=1 sleep=3/8 waiting
[INFO] [Deactivate] voxel=7902 span=1 sleep=3/8 waiting
[INFO] [Deactivate] voxel=7903 span=1 sleep=4/8 waiting
[INFO] [Deactivate] voxel=7904 span=1 sleep=2/8 waiting
[INFO] [Deactivate] voxel=7905 span=1 sleep=3/8 waiting
[INFO] [Deactivate] voxel=7906 span=1 sleep=3/8 waiting
[INFO] [Deactivate] voxel=7907 span=1 sleep=2/8 waiting
[INFO] [Deactivate] voxel=7908 span=1 sleep=1/8 waiting
[INFO] [Deactivate] voxel=7909 span=1 sleep=1/8 waiting
[INFO] [Deactivate] voxel=7911 span=1 sleep=1/8 waiting
[INFO] [Deactivate] voxel=7913 span=1 sleep=1/8 waiting
[INFO] [Deactivate] voxel=7917 span=1 sleep=1/8 waiting
[INFO] [Deactivate] voxel=7996 span=1 sleep=1/8 waiting
[INFO] [Deactivate] voxel=7997 span=1 sleep=1/8 waiting
[INFO] [Deactivate] voxel=7998 span=1 sleep=1/8 waiting
[INFO] [Deactivate] voxel=7999 span=1 sleep=1/8 waiting
[INFO] [Deactivate] voxel=8000 span=1 sleep=1/8 waiting
[INFO] [Deactivate] voxel=8001 span=1 sleep=1/8 waiting
[INFO] [Deactivate] voxel=8002 span=1 sleep=1/8 waiting
[INFO] [Deactivate] voxel=8003 span=1 sleep=1/8 waiting
[INFO] [Deactivate] voxel=8004 span=1 sleep=1/8 waiting
[INFO] [Deactivate] voxel=8005 span=1 sleep=1/8 waiting
[INFO] [Deactivate] voxel=8006 span=1 sleep=1/8 waiting
[INFO] [Deactivate] voxel=8007 span=1 sleep=1/8 waiting
[INFO] [Deactivate] voxel=8008 span=1 sleep=1/8 waiting
[INFO] [Deactivate] voxel=8009 span=1 sleep=1/8 waiting
[INFO] [Deactivate] voxel=8010 span=1 sleep=1/8 waiting
[INFO] [Deactivate] voxel=8011 span=1 sleep=1/8 waiting
[INFO] [Deactivate] voxel=8012 span=1 sleep=1/8 waiting
[INFO] [Deactivate] voxel=8013 span=1 sleep=1/8 waiting
[INFO] [Deactivate] voxel=8014 span=1 sleep=1/8 waiting
[INFO] [Deactivate] voxel=8015 span=1 sleep=1/8 waiting
[INFO] [Deactivate] voxel=8016 span=1 sleep=1/8 waiting
[INFO] [Deactivate] voxel=8017 span=1 sleep=1/8 waiting
[INFO] [Deactivate] voxel=8018 span=1 sleep=1/8 waiting
[INFO] [Deactivate] voxel=8019 span=1 sleep=1/8 waiting
[INFO] [Deactivate] voxel=8020 span=1 sleep=1/8 waiting
[INFO] [Deactivate] voxel=8021 span=1 sleep=1/8 waiting
[INFO] [Deactivate] voxel=8022 span=1 sleep=1/8 waiting
[INFO] [Deactivate] voxel=8023 span=1 sleep=1/8 waiting
[INFO] [Deactivate] voxel=8024 span=1 sleep=1/8 waiting
[INFO] [Deactivate] voxel=8025 span=1 sleep=1/8 waiting
[INFO] [Deactivate] voxel=8026 span=1 sleep=1/8 waiting
[INFO] [Deactivate] voxel=8027 span=1 sleep=1/8 waiting
[INFO] [Deactivate] voxel=8028 span=1 sleep=1/8 waiting
[INFO] [Deactivate] voxel=8029 span=1 sleep=1/8 waiting
[INFO] [Deactivate] voxel=8030 span=1 sleep=1/8 waiting
[INFO] [Deactivate] voxel=8031 span=1 sleep=1/8 waiting
[INFO] [Deactivate] voxel=8032 span=1 sleep=1/8 waiting
[INFO] VAO: [ID 40] Unloaded vertex array data from VRAM (GPU)
[INFO] VAO: [ID 41] Mesh uploaded successfully to VRAM (GPU)
[INFO] [RemoveVoxel] idx=7918 voxel_count_before=8033 moved_from=8032 voxel_count_after=8032
[INFO] [RemoveVoxel] idx=7914 voxel_count_before=8032 moved_from=8031 voxel_count_after=8031
[INFO] [RemoveVoxel] idx=7899 voxel_count_before=8031 moved_from=8030 voxel_count_after=8030
[INFO] [RemoveVoxel] idx=7898 voxel_count_before=8030 moved_from=8029 voxel_count_after=8029
[INFO] [RemoveVoxel] idx=7897 voxel_count_before=8029 moved_from=8028 voxel_count_after=8028
[INFO] [RemoveVoxel] idx=7896 voxel_count_before=8028 moved_from=8027 voxel_count_after=8027
[INFO] [RemoveVoxel] idx=7892 voxel_count_before=8027 moved_from=8026 voxel_count_after=8026
[INFO] [RemoveVoxel] idx=7079 voxel_count_before=8026 moved_from=8025 voxel_count_after=8025
[INFO] [RemoveVoxel] idx=7072 voxel_count_before=8025 moved_from=8024 voxel_count_after=8024
[INFO] [RemoveVoxel] idx=7064 voxel_count_before=8024 moved_from=8023 voxel_count_after=8023
[INFO] [RemoveVoxel] idx=7061 voxel_count_before=8023 moved_from=8022 voxel_count_after=8022
[INFO] [RemoveVoxel] idx=7044 voxel_count_before=8022 moved_from=8021 voxel_count_after=8021
[INFO] [RemoveVoxel] idx=6994 voxel_count_before=8021 moved_from=8020 voxel_count_after=8020
[INFO] [RemoveVoxel] idx=6983 voxel_count_before=8020 moved_from=8019 voxel_count_after=8019
[INFO] [Multiscale] Emit span=1 grid=(1..1,5..5,-5..-5) pos=(0.75,2.75,-2.25)
[INFO] [Multiscale] Emit span=1 grid=(2..2,4..4,-4..-4) pos=(1.25,2.25,-1.75)
[INFO] [Multiscale] Emit span=1 grid=(-2..-2,4..4,3..3) pos=(-0.75,2.25,1.75)
[INFO] [Multiscale] Emit span=1 grid=(-1..-1,4..4,3..3) pos=(-0.25,2.25,1.75)
[INFO] [Multiscale] Emit span=1 grid=(-2..-2,5..5,3..3) pos=(-0.75,2.75,1.75)
[INFO] [Multiscale] Emit span=1 grid=(-1..-1,5..5,3..3) pos=(-0.25,2.75,1.75)
[INFO] [Multiscale] Emit span=1 grid=(-3..-3,4..4,4..4) pos=(-1.25,2.25,2.25)
[INFO] [Multiscale] Emit span=1 grid=(-2..-2,4..4,4..4) pos=(-0.75,2.25,2.25)
[INFO] [Multiscale] Emit span=1 grid=(-3..-3,5..5,4..4) pos=(-1.25,2.75,2.25)
[INFO] [Multiscale] Emit span=1 grid=(-2..-2,5..5,4..4) pos=(-0.75,2.75,2.25)
[INFO] [Multiscale] Emit span=1 grid=(-3..-3,4..4,5..5) pos=(-1.25,2.25,2.75)
[INFO] [Multiscale] Emit span=1 grid=(-2..-2,4..4,5..5) pos=(-0.75,2.25,2.75)
[INFO] [Multiscale] Emit span=1 grid=(-4..-4,5..5,5..5) pos=(-1.75,2.75,2.75)
[INFO] [Multiscale] Emit span=1 grid=(-3..-3,5..5,5..5) pos=(-1.25,2.75,2.75)
[INFO] [Multiscale] Converted 14 unit voxels into 14 span clusters
[INFO] [Activation] static->dynamic units=14 spawned=14 base=8019 after=8033
[INFO] [Deactivate] voxel=6983 span=1 sleep=2/8 waiting
[INFO] [Deactivate] voxel=6990 span=1 sleep=3/8 waiting
[INFO] [Deactivate] voxel=6994 span=1 sleep=2/8 waiting
[INFO] [Deactivate] voxel=7015 span=1 sleep=3/8 waiting
[INFO] [Deactivate] voxel=7019 span=1 sleep=3/8 waiting
[INFO] [Deactivate] voxel=7041 span=1 sleep=6/8 waiting
[INFO] [Deactivate] voxel=7044 span=1 sleep=2/8 waiting
[INFO] [Deactivate] voxel=7061 span=1 sleep=2/8 waiting
[INFO] [Deactivate] voxel=7062 span=1 sleep=3/8 waiting
[INFO] [Deactivate] voxel=7064 span=1 sleep=2/8 waiting
[INFO] [Deactivate] voxel=7072 span=1 sleep=2/8 waiting
[INFO] [Deactivate] voxel=7073 span=1 sleep=3/8 waiting
[INFO] [Deactivate] voxel=7079 span=1 sleep=2/8 waiting
[INFO] [Support] no-static-connection pos=(-7.39,14.68,12.56) bounds=(-15..-15,29..29,25..25)
[INFO] [Deactivate] cluster_support=false count=1 checked=1 invalid=0 reason=no-static-connection
[INFO] [Deactivate] voxel=7107 cluster=1 lacks static support
[INFO] [Deactivate] voxel=7108 span=1 sleep=3/8 waiting
[INFO] [Deactivate] voxel=7736 span=1 sleep=3/8 waiting
[INFO] [Deactivate] voxel=7776 span=1 sleep=3/8 waiting
[INFO] [Deactivate] voxel=7778 span=1 sleep=3/8 waiting
[INFO] [Deactivate] voxel=7787 span=1 sleep=3/8 waiting
[INFO] [Deactivate] voxel=7794 span=1 sleep=3/8 waiting
[INFO] [Deactivate] voxel=7797 span=1 sleep=3/8 waiting
[INFO] [Deactivate] voxel=7812 span=1 sleep=3/8 waiting
[INFO] [Deactivate] voxel=7892 span=1 sleep=2/8 waiting
[INFO] [Deactivate] voxel=7894 span=1 sleep=4/8 waiting
[INFO] [Deactivate] voxel=7895 span=1 sleep=4/8 waiting
[INFO] [Deactivate] voxel=7896 span=1 sleep=2/8 waiting
[INFO] [Deactivate] voxel=7897 span=1 sleep=2/8 waiting
[INFO] [Deactivate] voxel=7898 span=1 sleep=2/8 waiting
[INFO] [Deactivate] voxel=7899 span=1 sleep=2/8 waiting
[INFO] [Deactivate] voxel=7900 span=1 sleep=4/8 waiting
[INFO] [Deactivate] voxel=7902 span=1 sleep=4/8 waiting
[INFO] [Deactivate] voxel=7903 span=1 sleep=5/8 waiting
[INFO] [Deactivate] voxel=7904 span=1 sleep=3/8 waiting
[INFO] [Deactivate] voxel=7905 span=1 sleep=4/8 waiting
[INFO] [Deactivate] voxel=7906 span=1 sleep=4/8 waiting
[INFO] [Deactivate] voxel=7907 span=1 sleep=3/8 waiting
[INFO] [Deactivate] voxel=7908 span=1 sleep=2/8 waiting
[INFO] [Deactivate] voxel=7909 span=1 sleep=2/8 waiting
[INFO] [Deactivate] voxel=7911 span=1 sleep=2/8 waiting
[INFO] [Deactivate] voxel=7913 span=1 sleep=2/8 waiting
[INFO] [Deactivate] voxel=7914 span=1 sleep=2/8 waiting
[INFO] [Deactivate] voxel=7917 span=1 sleep=2/8 waiting
[INFO] [Deactivate] voxel=7918 span=1 sleep=2/8 waiting
[INFO] [Deactivate] voxel=7996 span=1 sleep=2/8 waiting
[INFO] [Deactivate] voxel=7997 span=1 sleep=2/8 waiting
[INFO] [Deactivate] voxel=7998 span=1 sleep=2/8 waiting
[INFO] [Deactivate] voxel=7999 span=1 sleep=2/8 waiting
[INFO] [Deactivate] voxel=8000 span=1 sleep=2/8 waiting
[INFO] [Deactivate] voxel=8001 span=1 sleep=2/8 waiting
[INFO] [Deactivate] voxel=8002 span=1 sleep=2/8 waiting
[INFO] [Deactivate] voxel=8003 span=1 sleep=2/8 waiting
[INFO] [Deactivate] voxel=8004 span=1 sleep=2/8 waiting
[INFO] [Deactivate] voxel=8005 span=1 sleep=2/8 waiting
[INFO] [Deactivate] voxel=8006 span=1 sleep=2/8 waiting
[INFO] [Deactivate] voxel=8007 span=1 sleep=2/8 waiting
[INFO] [Deactivate] voxel=8008 span=1 sleep=2/8 waiting
[INFO] [Deactivate] voxel=8009 span=1 sleep=2/8 waiting
[INFO] [Deactivate] voxel=8010 span=1 sleep=2/8 waiting
[INFO] [Deactivate] voxel=8011 span=1 sleep=2/8 waiting
[INFO] [Deactivate] voxel=8012 span=1 sleep=2/8 waiting
[INFO] [Deactivate] voxel=8013 span=1 sleep=2/8 waiting
[INFO] [Deactivate] voxel=8014 span=1 sleep=2/8 waiting
[INFO] [Deactivate] voxel=8015 span=1 sleep=2/8 waiting
[INFO] [Deactivate] voxel=8016 span=1 sleep=2/8 waiting
[INFO] [Deactivate] voxel=8017 span=1 sleep=2/8 waiting
[INFO] [Deactivate] voxel=8018 span=1 sleep=2/8 waiting
[INFO] [Deactivate] voxel=8019 span=1 sleep=1/8 waiting
[INFO] [Deactivate] voxel=8020 span=1 sleep=1/8 waiting
[INFO] [Deactivate] voxel=8021 span=1 sleep=1/8 waiting
[INFO] [Deactivate] voxel=8022 span=1 sleep=1/8 waiting
[INFO] [Deactivate] voxel=8023 span=1 sleep=1/8 waiting
[INFO] [Deactivate] voxel=8024 span=1 sleep=1/8 waiting
[INFO] [Deactivate] voxel=8025 span=1 sleep=1/8 waiting
[INFO] [Deactivate] voxel=8026 span=1 sleep=1/8 waiting
[INFO] [Deactivate] voxel=8027 span=1 sleep=1/8 waiting
[INFO] [Deactivate] voxel=8028 span=1 sleep=1/8 waiting
[INFO] [Deactivate] voxel=8029 span=1 sleep=1/8 waiting
[INFO] [Deactivate] voxel=8030 span=1 sleep=1/8 waiting
[INFO] [Deactivate] voxel=8031 span=1 sleep=1/8 waiting
[INFO] [Deactivate] voxel=8032 span=1 sleep=1/8 waiting
[INFO] VAO: [ID 41] Unloaded vertex array data from VRAM (GPU)
[INFO] VAO: [ID 42] Mesh uploaded successfully to VRAM (GPU)
[INFO] [RemoveVoxel] idx=8032 voxel_count_before=8034 moved_from=8033 voxel_count_after=8033
[INFO] [RemoveVoxel] idx=8031 voxel_count_before=8033 moved_from=8032 voxel_count_after=8032
[INFO] [RemoveVoxel] idx=8030 voxel_count_before=8032 moved_from=8031 voxel_count_after=8031
[INFO] [RemoveVoxel] idx=8029 voxel_count_before=8031 moved_from=8030 voxel_count_after=8030
[INFO] [RemoveVoxel] idx=8028 voxel_count_before=8030 moved_from=8029 voxel_count_after=8029
[INFO] [RemoveVoxel] idx=8027 voxel_count_before=8029 moved_from=8028 voxel_count_after=8028
[INFO] [RemoveVoxel] idx=8026 voxel_count_before=8028 moved_from=8027 voxel_count_after=8027
[INFO] [RemoveVoxel] idx=8025 voxel_count_before=8027 moved_from=8026 voxel_count_after=8026
[INFO] [RemoveVoxel] idx=8024 voxel_count_before=8026 moved_from=8025 voxel_count_after=8025
[INFO] [RemoveVoxel] idx=8023 voxel_count_before=8025 moved_from=8024 voxel_count_after=8024
[INFO] [RemoveVoxel] idx=8022 voxel_count_before=8024 moved_from=8023 voxel_count_after=8023
[INFO] [RemoveVoxel] idx=8021 voxel_count_before=8023 moved_from=8022 voxel_count_after=8022
[INFO] [RemoveVoxel] idx=8018 voxel_count_before=8022 moved_from=8021 voxel_count_after=8021
[INFO] [RemoveVoxel] idx=8017 voxel_count_before=8021 moved_from=8020 voxel_count_after=8020
[INFO] [RemoveVoxel] idx=8016 voxel_count_before=8020 moved_from=8019 voxel_count_after=8019
[INFO] [RemoveVoxel] idx=8015 voxel_count_before=8019 moved_from=8018 voxel_count_after=8018
[INFO] [RemoveVoxel] idx=8014 voxel_count_before=8018 moved_from=8017 voxel_count_after=8017
[INFO] [RemoveVoxel] idx=8013 voxel_count_before=8017 moved_from=8016 voxel_count_after=8016
[INFO] [RemoveVoxel] idx=8012 voxel_count_before=8016 moved_from=8015 voxel_count_after=8015
[INFO] [RemoveVoxel] idx=8011 voxel_count_before=8015 moved_from=8014 voxel_count_after=8014
[INFO] [RemoveVoxel] idx=8010 voxel_count_before=8014 moved_from=8013 voxel_count_after=8013
[INFO] [RemoveVoxel] idx=8009 voxel_count_before=8013 moved_from=8012 voxel_count_after=8012
[INFO] [RemoveVoxel] idx=8008 voxel_count_before=8012 moved_from=8011 voxel_count_after=8011
[INFO] [RemoveVoxel] idx=8007 voxel_count_before=8011 moved_from=8010 voxel_count_after=8010
[INFO] [RemoveVoxel] idx=8006 voxel_count_before=8010 moved_from=8009 voxel_count_after=8009
[INFO] [RemoveVoxel] idx=8005 voxel_count_before=8009 moved_from=8008 voxel_count_after=8008
[INFO] [RemoveVoxel] idx=8004 voxel_count_before=8008 moved_from=8007 voxel_count_after=8007
[INFO] [RemoveVoxel] idx=8003 voxel_count_before=8007 moved_from=8006 voxel_count_after=8006
[INFO] [RemoveVoxel] idx=8002 voxel_count_before=8006 moved_from=8005 voxel_count_after=8005
[INFO] [RemoveVoxel] idx=8001 voxel_count_before=8005 moved_from=8004 voxel_count_after=8004
[INFO] [RemoveVoxel] idx=8000 voxel_count_before=8004 moved_from=8003 voxel_count_after=8003
[INFO] [RemoveVoxel] idx=7999 voxel_count_before=8003 moved_from=8002 voxel_count_after=8002
[INFO] [RemoveVoxel] idx=7998 voxel_count_before=8002 moved_from=8001 voxel_count_after=8001
[INFO] [RemoveVoxel] idx=7997 voxel_count_before=8001 moved_from=8000 voxel_count_after=8000
[INFO] [RemoveVoxel] idx=7996 voxel_count_before=8000 moved_from=7999 voxel_count_after=7999
[INFO] [RemoveVoxel] idx=7918 voxel_count_before=7999 moved_from=7998 voxel_count_after=7998
[INFO] [RemoveVoxel] idx=7914 voxel_count_before=7998 moved_from=7997 voxel_count_after=7997
[INFO] [RemoveVoxel] idx=7899 voxel_count_before=7997 moved_from=7996 voxel_count_after=7996
[INFO] [RemoveVoxel] idx=7898 voxel_count_before=7996 moved_from=7995 voxel_count_after=7995
[INFO] [RemoveVoxel] idx=7897 voxel_count_before=7995 moved_from=7994 voxel_count_after=7994
[INFO] [RemoveVoxel] idx=7896 voxel_count_before=7994 moved_from=7993 voxel_count_after=7993
[INFO] [RemoveVoxel] idx=7892 voxel_count_before=7993 moved_from=7992 voxel_count_after=7992
[INFO] [RemoveVoxel] idx=7079 voxel_count_before=7992 moved_from=7991 voxel_count_after=7991
[INFO] [RemoveVoxel] idx=7072 voxel_count_before=7991 moved_from=7990 voxel_count_after=7990
[INFO] [RemoveVoxel] idx=7064 voxel_count_before=7990 moved_from=7989 voxel_count_after=7989
[INFO] [RemoveVoxel] idx=7061 voxel_count_before=7989 moved_from=7988 voxel_count_after=7988
[INFO] [RemoveVoxel] idx=7044 voxel_count_before=7988 moved_from=7987 voxel_count_after=7987
[INFO] [RemoveVoxel] idx=6994 voxel_count_before=7987 moved_from=7986 voxel_count_after=7986
[INFO] [RemoveVoxel] idx=6983 voxel_count_before=7986 moved_from=7985 voxel_count_after=7985
[INFO] [Multiscale] Emit span=1 grid=(3..3,5..5,2..2) pos=(1.75,2.75,1.25)
[INFO] [Multiscale] Emit span=2 grid=(-2..-1,4..5,3..4) pos=(-0.50,2.50,2.00)
[INFO] [Multiscale] Emit span=2 grid=(0..1,4..5,3..4) pos=(0.50,2.50,2.00)
[INFO] [Multiscale] Emit span=2 grid=(2..3,4..5,3..4) pos=(1.50,2.50,2.00)
[INFO] [Multiscale] Emit span=1 grid=(4..4,4..4,3..3) pos=(2.25,2.25,1.75)
[INFO] [Multiscale] Emit span=1 grid=(4..4,5..5,3..3) pos=(2.25,2.75,1.75)
[INFO] [Multiscale] Emit span=1 grid=(5..5,5..5,3..3) pos=(2.75,2.75,1.75)
[INFO] [Multiscale] Emit span=1 grid=(-3..-3,4..4,4..4) pos=(-1.25,2.25,2.25)
[INFO] [Multiscale] Emit span=1 grid=(4..4,4..4,4..4) pos=(2.25,2.25,2.25)
[INFO] [Multiscale] Emit span=1 grid=(-3..-3,5..5,4..4) pos=(-1.25,2.75,2.25)
[INFO] [Multiscale] Emit span=1 grid=(5..5,5..5,4..4) pos=(2.75,2.75,2.25)
[INFO] [Multiscale] Emit span=1 grid=(-3..-3,4..4,5..5) pos=(-1.25,2.25,2.75)
[INFO] [Multiscale] Emit span=1 grid=(-2..-2,4..4,5..5) pos=(-0.75,2.25,2.75)
[INFO] [Multiscale] Emit span=1 grid=(-1..-1,4..4,5..5) pos=(-0.25,2.25,2.75)
[INFO] [Multiscale] Emit span=1 grid=(0..0,4..4,5..5) pos=(0.25,2.25,2.75)
[INFO] [Multiscale] Emit span=1 grid=(1..1,4..4,5..5) pos=(0.75,2.25,2.75)
[INFO] [Multiscale] Emit span=1 grid=(2..2,4..4,5..5) pos=(1.25,2.25,2.75)
[INFO] [Multiscale] Emit span=1 grid=(3..3,4..4,5..5) pos=(1.75,2.25,2.75)
[INFO] [Multiscale] Emit span=1 grid=(4..4,4..4,5..5) pos=(2.25,2.25,2.75)
[INFO] [Multiscale] Emit span=1 grid=(-4..-4,5..5,5..5) pos=(-1.75,2.75,2.75)
[INFO] [Multiscale] Emit span=1 grid=(-3..-3,5..5,5..5) pos=(-1.25,2.75,2.75)
[INFO] [Multiscale] Emit span=1 grid=(-2..-2,5..5,5..5) pos=(-0.75,2.75,2.75)
[INFO] [Multiscale] Emit span=1 grid=(-1..-1,5..5,5..5) pos=(-0.25,2.75,2.75)
[INFO] [Multiscale] Emit span=1 grid=(0..0,5..5,5..5) pos=(0.25,2.75,2.75)
[INFO] [Multiscale] Emit span=1 grid=(1..1,5..5,5..5) pos=(0.75,2.75,2.75)
[INFO] [Multiscale] Emit span=1 grid=(3..3,5..5,5..5) pos=(1.75,2.75,2.75)
[INFO] [Multiscale] Emit span=1 grid=(4..4,5..5,5..5) pos=(2.25,2.75,2.75)
[INFO] [Multiscale] Emit span=1 grid=(5..5,5..5,5..5) pos=(2.75,2.75,2.75)
[INFO] [Multiscale] Converted 49 unit voxels into 28 span clusters
[INFO] [Deactivate] voxel=6990 span=1 sleep=4/8 waiting
[INFO] [Deactivate] voxel=7015 span=1 sleep=4/8 waiting
[INFO] [Deactivate] voxel=7019 span=1 sleep=4/8 waiting
[INFO] [Deactivate] voxel=7041 span=1 sleep=7/8 waiting
[INFO] [Deactivate] voxel=7062 span=1 sleep=4/8 waiting
[INFO] [Deactivate] voxel=7073 span=1 sleep=4/8 waiting
[INFO] [Support] no-static-connection pos=(-7.90,14.99,11.75) bounds=(-16..-16,29..29,23..23)
[INFO] [Deactivate] cluster_support=false count=1 checked=1 invalid=0 reason=no-static-connection
[INFO] [Deactivate] voxel=7107 cluster=1 lacks static support
[INFO] [Deactivate] voxel=7108 span=1 sleep=4/8 waiting
[INFO] [Deactivate] voxel=7736 span=1 sleep=4/8 waiting
[INFO] [Deactivate] voxel=7776 span=1 sleep=4/8 waiting
[INFO] [Deactivate] voxel=7778 span=1 sleep=4/8 waiting
[INFO] [Deactivate] voxel=7787 span=1 sleep=4/8 waiting
[INFO] [Deactivate] voxel=7794 span=1 sleep=4/8 waiting
[INFO] [Deactivate] voxel=7797 span=1 sleep=4/8 waiting
[INFO] [Deactivate] voxel=7812 span=1 sleep=4/8 waiting
[INFO] [Deactivate] voxel=7894 span=1 sleep=5/8 waiting
[INFO] [Deactivate] voxel=7895 span=1 sleep=5/8 waiting
[INFO] [Deactivate] voxel=7899 span=1 sleep=2/8 waiting
[INFO] [Deactivate] voxel=7900 span=1 sleep=5/8 waiting
[INFO] [Deactivate] voxel=7902 span=1 sleep=5/8 waiting
[INFO] [Deactivate] voxel=7903 span=1 sleep=6/8 waiting
[INFO] [Deactivate] voxel=7904 span=1 sleep=4/8 waiting
[INFO] [Deactivate] voxel=7905 span=1 sleep=5/8 waiting
[INFO] [Deactivate] voxel=7906 span=1 sleep=5/8 waiting
[INFO] [Deactivate] voxel=7907 span=1 sleep=4/8 waiting
[INFO] [Deactivate] voxel=7908 span=1 sleep=3/8 waiting
[INFO] [Deactivate] voxel=7909 span=1 sleep=3/8 waiting
[INFO] [Deactivate] voxel=7911 span=1 sleep=3/8 waiting
[INFO] [Deactivate] voxel=7913 span=1 sleep=3/8 waiting
[INFO] [Deactivate] voxel=7917 span=1 sleep=3/8 waiting
[INFO] [Deactivate] voxel=7918 span=1 sleep=2/8 waiting
[INFO] [Deactivate] voxel=7985 span=1 sleep=2/8 waiting
[INFO] [Deactivate] voxel=7986 span=1 sleep=1/8 waiting
[INFO] [Deactivate] voxel=7987 span=1 sleep=1/8 waiting
[INFO] [Deactivate] voxel=7988 span=1 sleep=1/8 waiting
[INFO] [Deactivate] voxel=7989 span=1 sleep=2/8 waiting
[INFO] [Deactivate] voxel=7990 span=1 sleep=2/8 waiting
[INFO] [Deactivate] voxel=7991 span=1 sleep=2/8 waiting
[INFO] [Deactivate] voxel=7992 span=1 sleep=2/8 waiting
[INFO] [Deactivate] voxel=7993 span=1 sleep=2/8 waiting
[INFO] [Deactivate] voxel=7994 span=1 sleep=2/8 waiting
[INFO] [Deactivate] voxel=7995 span=1 sleep=2/8 waiting
[INFO] [Deactivate] voxel=7996 span=1 sleep=2/8 waiting
[INFO] [Deactivate] voxel=7997 span=1 sleep=2/8 waiting
[INFO] [Deactivate] voxel=7998 span=1 sleep=2/8 waiting
[INFO] [Deactivate] voxel=7999 span=1 sleep=2/8 waiting
[INFO] [Deactivate] voxel=8000 span=1 sleep=2/8 waiting
[INFO] [Deactivate] voxel=8001 span=1 sleep=2/8 waiting
[INFO] [Deactivate] voxel=8002 span=1 sleep=2/8 waiting
[INFO] [Deactivate] voxel=8003 span=1 sleep=2/8 waiting
[INFO] [Deactivate] voxel=8004 span=1 sleep=2/8 waiting
[INFO] [Deactivate] voxel=8005 span=1 sleep=2/8 waiting
[INFO] [Deactivate] voxel=8006 span=1 sleep=2/8 waiting
[INFO] [Deactivate] voxel=8007 span=1 sleep=2/8 waiting
[INFO] [Deactivate] voxel=8008 span=1 sleep=2/8 waiting
[INFO] [Deactivate] voxel=8009 span=1 sleep=2/8 waiting
[INFO] [Deactivate] voxel=8010 span=1 sleep=2/8 waiting
[INFO] [Deactivate] voxel=8011 span=1 sleep=2/8 waiting
[INFO] [Deactivate] voxel=8012 span=1 sleep=2/8 waiting
[INFO] [Deactivate] voxel=8013 span=1 sleep=1/8 waiting
[INFO] [Deactivate] voxel=8014 span=1 sleep=1/8 waiting
[INFO] [Deactivate] voxel=8015 span=1 sleep=1/8 waiting
[INFO] [Deactivate] voxel=8016 span=1 sleep=1/8 waiting
[INFO] [Deactivate] voxel=8017 span=1 sleep=1/8 waiting
[INFO] [Deactivate] voxel=8018 span=1 sleep=1/8 waiting
[INFO] [Deactivate] voxel=8019 span=1 sleep=1/8 waiting
[INFO] [Deactivate] voxel=8020 span=1 sleep=1/8 waiting
[INFO] [Deactivate] voxel=8021 span=1 sleep=1/8 waiting
[INFO] [Deactivate] voxel=8022 span=1 sleep=1/8 waiting
[INFO] [Deactivate] voxel=8023 span=1 sleep=1/8 waiting
[INFO] [Deactivate] voxel=8024 span=1 sleep=1/8 waiting
[INFO] [Deactivate] voxel=8025 span=1 sleep=1/8 waiting
[INFO] [Deactivate] voxel=8026 span=1 sleep=1/8 waiting
[INFO] [Deactivate] voxel=8027 span=1 sleep=1/8 waiting
[INFO] [Deactivate] voxel=8028 span=1 sleep=1/8 waiting
[INFO] [Deactivate] voxel=8029 span=1 sleep=1/8 waiting
[INFO] [Deactivate] voxel=8030 span=1 sleep=1/8 waiting
[INFO] [Deactivate] voxel=8031 span=1 sleep=1/8 waiting
[INFO] [Deactivate] voxel=8032 span=1 sleep=1/8 waiting
[INFO] [Deactivate] voxel=8033 span=1 sleep=1/8 waiting
[INFO] VAO: [ID 42] Unloaded vertex array data from VRAM (GPU)
[INFO] VAO: [ID 43] Mesh uploaded successfully to VRAM (GPU)
[INFO] [RemoveVoxel] idx=7892 voxel_count_before=8034 moved_from=8033 voxel_count_after=8033
[INFO] [RemoveVoxel] idx=7881 voxel_count_before=8033 moved_from=8032 voxel_count_after=8032
[INFO] [RemoveVoxel] idx=7880 voxel_count_before=8032 moved_from=8031 voxel_count_after=8031
[INFO] [RemoveVoxel] idx=7879 voxel_count_before=8031 moved_from=8030 voxel_count_after=8030
[INFO] [RemoveVoxel] idx=7817 voxel_count_before=8030 moved_from=8029 voxel_count_after=8029
[INFO] [RemoveVoxel] idx=7078 voxel_count_before=8029 moved_from=8028 voxel_count_after=8028
[INFO] [RemoveVoxel] idx=7077 voxel_count_before=8028 moved_from=8027 voxel_count_after=8027
[INFO] [RemoveVoxel] idx=7070 voxel_count_before=8027 moved_from=8026 voxel_count_after=8026
[INFO] [RemoveVoxel] idx=7063 voxel_count_before=8026 moved_from=8025 voxel_count_after=8025
[INFO] [RemoveVoxel] idx=7043 voxel_count_before=8025 moved_from=8024 voxel_count_after=8024
[INFO] [RemoveVoxel] idx=7042 voxel_count_before=8024 moved_from=8023 voxel_count_after=8023
[INFO] [RemoveVoxel] idx=7033 voxel_count_before=8023 moved_from=8022 voxel_count_after=8022
[INFO] [RemoveVoxel] idx=7014 voxel_count_before=8022 moved_from=8021 voxel_count_after=8021
[INFO] [RemoveVoxel] idx=6995 voxel_count_before=8021 moved_from=8020 voxel_count_after=8020
[INFO] [RemoveVoxel] idx=6989 voxel_count_before=8020 moved_from=8019 voxel_count_after=8019
[INFO] [RemoveVoxel] idx=6988 voxel_count_before=8019 moved_from=8018 voxel_count_after=8018
[INFO] [RemoveVoxel] idx=6987 voxel_count_before=8018 moved_from=8017 voxel_count_after=8017
[INFO] [RemoveVoxel] idx=6982 voxel_count_before=8017 moved_from=8016 voxel_count_after=8016
[INFO] [RemoveVoxel] idx=6979 voxel_count_before=8016 moved_from=8015 voxel_count_after=8015
[INFO] [RemoveVoxel] idx=6976 voxel_count_before=8015 moved_from=8014 voxel_count_after=8014
[INFO] [RemoveVoxel] idx=6974 voxel_count_before=8014 moved_from=8013 voxel_count_after=8013
[INFO] [RemoveVoxel] idx=6953 voxel_count_before=8013 moved_from=8012 voxel_count_after=8012
[INFO] [RemoveVoxel] idx=6951 voxel_count_before=8012 moved_from=8011 voxel_count_after=8011
[INFO] [RemoveVoxel] idx=6946 voxel_count_before=8011 moved_from=8010 voxel_count_after=8010
[INFO] [RemoveVoxel] idx=6945 voxel_count_before=8010 moved_from=8009 voxel_count_after=8009
[INFO] [RemoveVoxel] idx=6934 voxel_count_before=8009 moved_from=8008 voxel_count_after=8008
[INFO] [Multiscale] Emit span=1 grid=(4..4,3..3,-5..-5) pos=(2.25,1.75,-2.25)
[INFO] [Multiscale] Emit span=1 grid=(-1..-1,4..4,1..1) pos=(-0.25,2.25,0.75)
[INFO] [Multiscale] Emit span=1 grid=(0..0,4..4,1..1) pos=(0.25,2.25,0.75)
[INFO] [Multiscale] Emit span=1 grid=(1..1,4..4,1..1) pos=(0.75,2.25,0.75)
[INFO] [Multiscale] Emit span=1 grid=(2..2,4..4,1..1) pos=(1.25,2.25,0.75)
[INFO] [Multiscale] Emit span=1 grid=(3..3,4..4,1..1) pos=(1.75,2.25,0.75)
[INFO] [Multiscale] Emit span=1 grid=(-2..-2,3..3,2..2) pos=(-0.75,1.75,1.25)
[INFO] [Multiscale] Emit span=1 grid=(-1..-1,3..3,2..2) pos=(-0.25,1.75,1.25)
[INFO] [Multiscale] Emit span=1 grid=(0..0,3..3,2..2) pos=(0.25,1.75,1.25)
[INFO] [Multiscale] Emit span=1 grid=(1..1,3..3,2..2) pos=(0.75,1.75,1.25)
[INFO] [Multiscale] Emit span=1 grid=(2..2,3..3,2..2) pos=(1.25,1.75,1.25)
[INFO] [Multiscale] Emit span=1 grid=(-3..-3,4..4,2..2) pos=(-1.25,2.25,1.25)
[INFO] [Multiscale] Emit span=1 grid=(-2..-2,4..4,2..2) pos=(-0.75,2.25,1.25)
[INFO] [Multiscale] Emit span=1 grid=(-1..-1,4..4,2..2) pos=(-0.25,2.25,1.25)
[INFO] [Multiscale] Emit span=1 grid=(0..0,4..4,2..2) pos=(0.25,2.25,1.25)
[INFO] [Multiscale] Emit span=1 grid=(1..1,4..4,2..2) pos=(0.75,2.25,1.25)
[INFO] [Multiscale] Emit span=1 grid=(2..2,4..4,2..2) pos=(1.25,2.25,1.25)
[INFO] [Multiscale] Emit span=1 grid=(3..3,4..4,2..2) pos=(1.75,2.25,1.25)
[INFO] [Multiscale] Emit span=1 grid=(4..4,4..4,2..2) pos=(2.25,2.25,1.25)
[INFO] [Multiscale] Emit span=1 grid=(-3..-3,5..5,2..2) pos=(-1.25,2.75,1.25)
[INFO] [Multiscale] Emit span=1 grid=(4..4,5..5,2..2) pos=(2.25,2.75,1.25)
[INFO] [Multiscale] Emit span=1 grid=(-3..-3,4..4,3..3) pos=(-1.25,2.25,1.75)
[INFO] [Multiscale] Emit span=1 grid=(5..5,4..4,3..3) pos=(2.75,2.25,1.75)
[INFO] [Multiscale] Emit span=1 grid=(-4..-4,5..5,3..3) pos=(-1.75,2.75,1.75)
[INFO] [Multiscale] Emit span=1 grid=(-3..-3,5..5,3..3) pos=(-1.25,2.75,1.75)
[INFO] [Multiscale] Emit span=1 grid=(-4..-4,5..5,4..4) pos=(-1.75,2.75,2.25)
[INFO] [Multiscale] Converted 26 unit voxels into 26 span clusters
[INFO] [Activation] static->dynamic units=26 spawned=26 base=8008 after=8034
[INFO] [RemoveVoxel] idx=7918 voxel_count_before=8034 moved_from=8033 voxel_count_after=8033
[INFO] [RemoveVoxel] idx=7917 voxel_count_before=8033 moved_from=8032 voxel_count_after=8032
[INFO] [RemoveVoxel] idx=7913 voxel_count_before=8032 moved_from=8031 voxel_count_after=8031
[INFO] [RemoveVoxel] idx=7911 voxel_count_before=8031 moved_from=8030 voxel_count_after=8030
[INFO] [RemoveVoxel] idx=7909 voxel_count_before=8030 moved_from=8029 voxel_count_after=8029
[INFO] [RemoveVoxel] idx=7908 voxel_count_before=8029 moved_from=8028 voxel_count_after=8028
[INFO] [RemoveVoxel] idx=7907 voxel_count_before=8028 moved_from=8027 voxel_count_after=8027
[INFO] [RemoveVoxel] idx=7906 voxel_count_before=8027 moved_from=8026 voxel_count_after=8026
[INFO] [RemoveVoxel] idx=7905 voxel_count_before=8026 moved_from=8025 voxel_count_after=8025
[INFO] [RemoveVoxel] idx=7904 voxel_count_before=8025 moved_from=8024 voxel_count_after=8024
[INFO] [RemoveVoxel] idx=7902 voxel_count_before=8024 moved_from=8023 voxel_count_after=8023
[INFO] [RemoveVoxel] idx=7900 voxel_count_before=8023 moved_from=8022 voxel_count_after=8022
[INFO] [RemoveVoxel] idx=7899 voxel_count_before=8022 moved_from=8021 voxel_count_after=8021
[INFO] [RemoveVoxel] idx=7895 voxel_count_before=8021 moved_from=8020 voxel_count_after=8020
[INFO] [RemoveVoxel] idx=7894 voxel_count_before=8020 moved_from=8019 voxel_count_after=8019
[INFO] [RemoveVoxel] idx=7812 voxel_count_before=8019 moved_from=8018 voxel_count_after=8018
[INFO] [RemoveVoxel] idx=7797 voxel_count_before=8018 moved_from=8017 voxel_count_after=8017
[INFO] [RemoveVoxel] idx=7794 voxel_count_before=8017 moved_from=8016 voxel_count_after=8016
[INFO] [RemoveVoxel] idx=7787 voxel_count_before=8016 moved_from=8015 voxel_count_after=8015
[INFO] [RemoveVoxel] idx=7776 voxel_count_before=8015 moved_from=8014 voxel_count_after=8014
[INFO] [RemoveVoxel] idx=7736 voxel_count_before=8014 moved_from=8013 voxel_count_after=8013
[INFO] [RemoveVoxel] idx=7108 voxel_count_before=8013 moved_from=8012 voxel_count_after=8012
[INFO] [RemoveVoxel] idx=7073 voxel_count_before=8012 moved_from=8011 voxel_count_after=8011
[INFO] [RemoveVoxel] idx=7062 voxel_count_before=8011 moved_from=8010 voxel_count_after=8010
[INFO] [RemoveVoxel] idx=7019 voxel_count_before=8010 moved_from=8009 voxel_count_after=8009
[INFO] [RemoveVoxel] idx=7015 voxel_count_before=8009 moved_from=8008 voxel_count_after=8008
[INFO] [RemoveVoxel] idx=6990 voxel_count_before=8008 moved_from=8007 voxel_count_after=8007
[INFO] [Multiscale] Emit span=2 grid=(2..3,4..5,-5..-4) pos=(1.50,2.50,-2.00)
[INFO] [Multiscale] Emit span=1 grid=(5..5,4..4,-5..-5) pos=(2.75,2.25,-2.25)
[INFO] [Multiscale] Emit span=1 grid=(1..1,5..5,-5..-5) pos=(0.75,2.75,-2.25)
[INFO] [Multiscale] Emit span=1 grid=(4..4,5..5,-5..-5) pos=(2.25,2.75,-2.25)
[INFO] [Multiscale] Emit span=1 grid=(5..5,5..5,-5..-5) pos=(2.75,2.75,-2.25)
[INFO] [Multiscale] Emit span=2 grid=(4..5,4..5,-4..-3) pos=(2.50,2.50,-1.50)
[INFO] [Multiscale] Emit span=1 grid=(3..3,4..4,-3..-3) pos=(1.75,2.25,-1.25)
[INFO] [Multiscale] Emit span=1 grid=(3..3,5..5,-3..-3) pos=(1.75,2.75,-1.25)
[INFO] [Multiscale] Emit span=1 grid=(5..5,4..4,-2..-2) pos=(2.75,2.25,-0.75)
[INFO] [Multiscale] Emit span=1 grid=(4..4,5..5,-2..-2) pos=(2.25,2.75,-0.75)
[INFO] [Multiscale] Emit span=1 grid=(5..5,5..5,-2..-2) pos=(2.75,2.75,-0.75)
[INFO] [Multiscale] Emit span=1 grid=(5..5,4..4,-1..-1) pos=(2.75,2.25,-0.25)
[INFO] [Multiscale] Emit span=1 grid=(5..5,5..5,-1..-1) pos=(2.75,2.75,-0.25)
[INFO] [Multiscale] Converted 27 unit voxels into 13 span clusters
[INFO] [Deactivate] voxel=6934 span=1 sleep=3/8 waiting
[INFO] [Deactivate] voxel=6945 span=1 sleep=3/8 waiting
[INFO] [Deactivate] voxel=6946 span=1 sleep=3/8 waiting
[INFO] [Deactivate] voxel=6951 span=1 sleep=3/8 waiting
[INFO] [Deactivate] voxel=6953 span=1 sleep=3/8 waiting
[INFO] [Deactivate] voxel=6974 span=1 sleep=2/8 waiting
[INFO] [Deactivate] voxel=6976 span=1 sleep=2/8 waiting
[INFO] [Deactivate] voxel=6979 span=1 sleep=2/8 waiting
[INFO] [Deactivate] voxel=6982 span=1 sleep=2/8 waiting
[INFO] [Deactivate] voxel=6987 span=1 sleep=2/8 waiting
[INFO] [Deactivate] voxel=6988 span=1 sleep=2/8 waiting
[INFO] [Deactivate] voxel=6989 span=1 sleep=2/8 waiting
[INFO] [Deactivate] voxel=6990 span=1 sleep=3/8 waiting
[INFO] [Deactivate] voxel=6995 span=1 sleep=2/8 waiting
[INFO] [Deactivate] voxel=7014 span=1 sleep=2/8 waiting
[INFO] [Deactivate] voxel=7015 span=1 sleep=1/8 waiting
[INFO] [Deactivate] voxel=7019 span=1 sleep=1/8 waiting
[INFO] [Deactivate] voxel=7033 span=1 sleep=2/8 waiting
[INFO] [Support] no-static-connection pos=(2.93,6.60,1.53) bounds=(5..5,13..13,3..3)
[INFO] [Deactivate] cluster_support=false count=1 checked=1 invalid=0 reason=no-static-connection
[INFO] [Deactivate] voxel=7041 cluster=1 lacks static support
[INFO] [Deactivate] voxel=7042 span=1 sleep=2/8 waiting
[INFO] [Deactivate] voxel=7043 span=1 sleep=2/8 waiting
[INFO] [Deactivate] voxel=7062 span=1 sleep=1/8 waiting
[INFO] [Deactivate] voxel=7063 span=1 sleep=2/8 waiting
[INFO] [Deactivate] voxel=7070 span=1 sleep=2/8 waiting
[INFO] [Deactivate] voxel=7073 span=1 sleep=1/8 waiting
[INFO] [Deactivate] voxel=7077 span=1 sleep=2/8 waiting
[INFO] [Deactivate] voxel=7078 span=1 sleep=2/8 waiting
[INFO] [Support] no-static-connection pos=(-8.50,15.24,10.80) bounds=(-18..-18,30..30,21..21)
[INFO] [Deactivate] cluster_support=false count=1 checked=1 invalid=0 reason=no-static-connection
[INFO] [Deactivate] voxel=7107 cluster=1 lacks static support
[INFO] [Deactivate] voxel=7108 span=1 sleep=1/8 waiting
[INFO] [Deactivate] voxel=7736 span=1 sleep=1/8 waiting
[INFO] [Deactivate] voxel=7776 span=1 sleep=1/8 waiting
[INFO] [Deactivate] voxel=7778 span=1 sleep=5/8 waiting
[INFO] [Deactivate] voxel=7787 span=1 sleep=1/8 waiting
[INFO] [Deactivate] voxel=7794 span=1 sleep=1/8 waiting
[INFO] [Deactivate] voxel=7797 span=1 sleep=1/8 waiting
[INFO] [Deactivate] voxel=7812 span=1 sleep=1/8 waiting
[INFO] [Deactivate] voxel=7817 span=1 sleep=2/8 waiting
[INFO] [Deactivate] voxel=7879 span=1 sleep=2/8 waiting
[INFO] [Deactivate] voxel=7880 span=1 sleep=2/8 waiting
[INFO] [Deactivate] voxel=7881 span=1 sleep=2/8 waiting
[INFO] [Deactivate] voxel=7892 span=1 sleep=2/8 waiting
[INFO] [Deactivate] voxel=7894 span=1 sleep=1/8 waiting
[INFO] [Deactivate] voxel=7895 span=1 sleep=1/8 waiting
[INFO] [Deactivate] voxel=7899 span=1 sleep=1/8 waiting
[INFO] [Deactivate] voxel=7900 span=1 sleep=1/8 waiting
[INFO] [Deactivate] voxel=7902 span=1 sleep=1/8 waiting
[INFO] [Deactivate] voxel=7903 span=1 sleep=7/8 waiting
[INFO] [Deactivate] voxel=7904 span=1 sleep=1/8 waiting
[INFO] [Deactivate] voxel=7905 span=1 sleep=1/8 waiting
[INFO] [Deactivate] voxel=7906 span=1 sleep=1/8 waiting
[INFO] [Deactivate] voxel=7907 span=1 sleep=1/8 waiting
[INFO] [Deactivate] voxel=7908 span=1 sleep=1/8 waiting
[INFO] [Deactivate] voxel=7909 span=1 sleep=1/8 waiting
[INFO] [Deactivate] voxel=7911 span=1 sleep=1/8 waiting
[INFO] [Deactivate] voxel=7913 span=1 sleep=1/8 waiting
[INFO] [Deactivate] voxel=7917 span=1 sleep=1/8 waiting
[INFO] [Deactivate] voxel=7918 span=1 sleep=1/8 waiting
[INFO] [Deactivate] voxel=7985 span=1 sleep=3/8 waiting
[INFO] [Deactivate] voxel=7986 span=1 sleep=2/8 waiting
[INFO] [Deactivate] voxel=7987 span=1 sleep=2/8 waiting
[INFO] [Deactivate] voxel=7988 span=1 sleep=2/8 waiting
[INFO] [Deactivate] voxel=7989 span=1 sleep=3/8 waiting
[INFO] [Deactivate] voxel=7990 span=1 sleep=3/8 waiting
[INFO] [Deactivate] voxel=7991 span=1 sleep=3/8 waiting
[INFO] [Deactivate] voxel=7992 span=1 sleep=3/8 waiting
[INFO] [Deactivate] voxel=7993 span=1 sleep=3/8 waiting
[INFO] [Deactivate] voxel=7994 span=1 sleep=3/8 waiting
[INFO] [Deactivate] voxel=7995 span=1 sleep=3/8 waiting
[INFO] [Deactivate] voxel=7996 span=1 sleep=3/8 waiting
[INFO] [Deactivate] voxel=7997 span=1 sleep=3/8 waiting
[INFO] [Deactivate] voxel=7998 span=1 sleep=3/8 waiting
[INFO] [Deactivate] voxel=7999 span=1 sleep=3/8 waiting
[INFO] [Deactivate] voxel=8000 span=1 sleep=3/8 waiting
[INFO] [Deactivate] voxel=8001 span=1 sleep=3/8 waiting
[INFO] [Deactivate] voxel=8002 span=1 sleep=3/8 waiting
[INFO] [Deactivate] voxel=8003 span=1 sleep=3/8 waiting
[INFO] [Deactivate] voxel=8004 span=1 sleep=3/8 waiting
[INFO] [Deactivate] voxel=8005 span=1 sleep=3/8 waiting
[INFO] [Deactivate] voxel=8006 span=1 sleep=3/8 waiting
[INFO] [Deactivate] voxel=8007 span=2 sleep=3/8 waiting
[INFO] [Deactivate] voxel=8008 span=1 sleep=3/8 waiting
[INFO] [Deactivate] voxel=8009 span=1 sleep=3/8 waiting
[INFO] [Deactivate] voxel=8010 span=1 sleep=3/8 waiting
[INFO] [Deactivate] voxel=8011 span=1 sleep=3/8 waiting
[INFO] [Deactivate] voxel=8012 span=2 sleep=3/8 waiting
[INFO] [Deactivate] voxel=8013 span=1 sleep=3/8 waiting
[INFO] [Deactivate] voxel=8014 span=1 sleep=3/8 waiting
[INFO] [Deactivate] voxel=8015 span=1 sleep=3/8 waiting
[INFO] [Deactivate] voxel=8016 span=1 sleep=3/8 waiting
[INFO] [Deactivate] voxel=8017 span=1 sleep=3/8 waiting
[INFO] [Deactivate] voxel=8018 span=1 sleep=3/8 waiting
[INFO] [Deactivate] voxel=8019 span=1 sleep=3/8 waiting
[INFO] VAO: [ID 43] Unloaded vertex array data from VRAM (GPU)
[INFO] VAO: [ID 44] Mesh uploaded successfully to VRAM (GPU)
[INFO] [RemoveVoxel] idx=7978 voxel_count_before=8021 moved_from=8020 voxel_count_after=8020
[INFO] [RemoveVoxel] idx=7878 voxel_count_before=8020 moved_from=8019 voxel_count_after=8019
[INFO] [RemoveVoxel] idx=7877 voxel_count_before=8019 moved_from=8018 voxel_count_after=8018
[INFO] [RemoveVoxel] idx=7876 voxel_count_before=8018 moved_from=8017 voxel_count_after=8017
[INFO] [RemoveVoxel] idx=7875 voxel_count_before=8017 moved_from=8016 voxel_count_after=8016
[INFO] [RemoveVoxel] idx=7874 voxel_count_before=8016 moved_from=8015 voxel_count_after=8015
[INFO] [RemoveVoxel] idx=7872 voxel_count_before=8015 moved_from=8014 voxel_count_after=8014
[INFO] [RemoveVoxel] idx=7861 voxel_count_before=8014 moved_from=8013 voxel_count_after=8013
[INFO] [RemoveVoxel] idx=7860 voxel_count_before=8013 moved_from=8012 voxel_count_after=8012
[INFO] [RemoveVoxel] idx=7858 voxel_count_before=8012 moved_from=8011 voxel_count_after=8011
[INFO] [RemoveVoxel] idx=7857 voxel_count_before=8011 moved_from=8010 voxel_count_after=8010
[INFO] [RemoveVoxel] idx=7852 voxel_count_before=8010 moved_from=8009 voxel_count_after=8009
[INFO] [RemoveVoxel] idx=7079 voxel_count_before=8009 moved_from=8008 voxel_count_after=8008
[INFO] [RemoveVoxel] idx=7038 voxel_count_before=8008 moved_from=8007 voxel_count_after=8007
[INFO] [RemoveVoxel] idx=7035 voxel_count_before=8007 moved_from=8006 voxel_count_after=8006
[INFO] [RemoveVoxel] idx=7032 voxel_count_before=8006 moved_from=8005 voxel_count_after=8005
[INFO] [RemoveVoxel] idx=7029 voxel_count_before=8005 moved_from=8004 voxel_count_after=8004
[INFO] [RemoveVoxel] idx=7028 voxel_count_before=8004 moved_from=8003 voxel_count_after=8003
[INFO] [RemoveVoxel] idx=6992 voxel_count_before=8003 moved_from=8002 voxel_count_after=8002
[INFO] [RemoveVoxel] idx=6991 voxel_count_before=8002 moved_from=8001 voxel_count_after=8001
[INFO] [RemoveVoxel] idx=6986 voxel_count_before=8001 moved_from=8000 voxel_count_after=8000
[INFO] [RemoveVoxel] idx=6983 voxel_count_before=8000 moved_from=7999 voxel_count_after=7999
[INFO] [RemoveVoxel] idx=6980 voxel_count_before=7999 moved_from=7998 voxel_count_after=7998
[INFO] [RemoveVoxel] idx=6970 voxel_count_before=7998 moved_from=7997 voxel_count_after=7997
[INFO] [RemoveVoxel] idx=6952 voxel_count_before=7997 moved_from=7996 voxel_count_after=7996
[INFO] [Multiscale] Emit span=1 grid=(-1..-1,4..4,-1..-1) pos=(-0.25,2.25,-0.25)
[INFO] [Multiscale] Emit span=1 grid=(1..1,4..4,-1..-1) pos=(0.75,2.25,-0.25)
[INFO] [Multiscale] Emit span=1 grid=(2..2,4..4,-1..-1) pos=(1.25,2.25,-0.25)
[INFO] [Multiscale] Emit span=1 grid=(-2..-2,3..3,0..0) pos=(-0.75,1.75,0.25)
[INFO] [Multiscale] Emit span=1 grid=(-1..-1,3..3,0..0) pos=(-0.25,1.75,0.25)
[INFO] [Multiscale] Emit span=1 grid=(0..0,3..3,0..0) pos=(0.25,1.75,0.25)
[INFO] [Multiscale] Emit span=1 grid=(1..1,3..3,0..0) pos=(0.75,1.75,0.25)
[INFO] [Multiscale] Emit span=1 grid=(2..2,3..3,0..0) pos=(1.25,1.75,0.25)
[INFO] [Multiscale] Emit span=1 grid=(3..3,3..3,0..0) pos=(1.75,1.75,0.25)
[INFO] [Multiscale] Emit span=1 grid=(-2..-2,4..4,0..0) pos=(-0.75,2.25,0.25)
[INFO] [Multiscale] Emit span=1 grid=(-1..-1,4..4,0..0) pos=(-0.25,2.25,0.25)
[INFO] [Multiscale] Emit span=1 grid=(0..0,4..4,0..0) pos=(0.25,2.25,0.25)
[INFO] [Multiscale] Emit span=1 grid=(1..1,4..4,0..0) pos=(0.75,2.25,0.25)
[INFO] [Multiscale] Emit span=1 grid=(2..2,4..4,0..0) pos=(1.25,2.25,0.25)
[INFO] [Multiscale] Emit span=1 grid=(3..3,4..4,0..0) pos=(1.75,2.25,0.25)
[INFO] [Multiscale] Emit span=1 grid=(-2..-2,3..3,1..1) pos=(-0.75,1.75,0.75)
[INFO] [Multiscale] Emit span=1 grid=(-1..-1,3..3,1..1) pos=(-0.25,1.75,0.75)
[INFO] [Multiscale] Emit span=1 grid=(0..0,3..3,1..1) pos=(0.25,1.75,0.75)
[INFO] [Multiscale] Emit span=1 grid=(1..1,3..3,1..1) pos=(0.75,1.75,0.75)
[INFO] [Multiscale] Emit span=1 grid=(2..2,3..3,1..1) pos=(1.25,1.75,0.75)
[INFO] [Multiscale] Emit span=1 grid=(-3..-3,4..4,1..1) pos=(-1.25,2.25,0.75)
[INFO] [Multiscale] Emit span=1 grid=(-2..-2,4..4,1..1) pos=(-0.75,2.25,0.75)
[INFO] [Multiscale] Emit span=1 grid=(4..4,4..4,1..1) pos=(2.25,2.25,0.75)
[INFO] [Multiscale] Emit span=1 grid=(4..4,5..5,1..1) pos=(2.25,2.75,0.75)
[INFO] [Multiscale] Emit span=1 grid=(5..5,5..5,2..2) pos=(2.75,2.75,1.25)
[INFO] [Multiscale] Converted 25 unit voxels into 25 span clusters
[INFO] [Activation] static->dynamic units=25 spawned=25 base=7996 after=8021
[INFO] [Deactivate] voxel=6934 span=1 sleep=4/8 waiting
[INFO] [Deactivate] voxel=6945 span=1 sleep=4/8 waiting
[INFO] [Deactivate] voxel=6946 span=1 sleep=4/8 waiting
[INFO] [Deactivate] voxel=6951 span=1 sleep=4/8 waiting
[INFO] [Deactivate] voxel=6952 span=1 sleep=4/8 waiting
[INFO] [Deactivate] voxel=6953 span=1 sleep=4/8 waiting
[INFO] [Deactivate] voxel=6970 span=1 sleep=4/8 waiting
[INFO] [Deactivate] voxel=6974 span=1 sleep=3/8 waiting
[INFO] [Deactivate] voxel=6976 span=1 sleep=3/8 waiting
[INFO] [Deactivate] voxel=6979 span=1 sleep=3/8 waiting
[INFO] [Deactivate] voxel=6980 span=1 sleep=4/8 waiting
[INFO] [Deactivate] voxel=6982 span=1 sleep=3/8 waiting
[INFO] [Deactivate] voxel=6983 span=1 sleep=4/8 waiting
[INFO] [Deactivate] voxel=6986 span=1 sleep=4/8 waiting
[INFO] [Deactivate] voxel=6987 span=1 sleep=3/8 waiting
[INFO] [Deactivate] voxel=6988 span=1 sleep=3/8 waiting
[INFO] [Deactivate] voxel=6989 span=1 sleep=3/8 waiting
[INFO] [Deactivate] voxel=6990 span=1 sleep=4/8 waiting
[INFO] [Deactivate] voxel=6991 span=1 sleep=4/8 waiting
[INFO] [Deactivate] voxel=6992 span=1 sleep=4/8 waiting
[INFO] [Deactivate] voxel=6995 span=1 sleep=3/8 waiting
[INFO] [Deactivate] voxel=7014 span=1 sleep=3/8 waiting
[INFO] [Deactivate] voxel=7015 span=1 sleep=2/8 waiting
[INFO] [Deactivate] voxel=7019 span=1 sleep=2/8 waiting
[INFO] [Deactivate] voxel=7023 span=1 sleep=1/8 waiting
[INFO] [Deactivate] voxel=7028 span=1 sleep=4/8 waiting
[INFO] [Deactivate] voxel=7029 span=1 sleep=4/8 waiting
[INFO] [Deactivate] voxel=7032 span=1 sleep=4/8 waiting
[INFO] [Deactivate] voxel=7033 span=1 sleep=3/8 waiting
[INFO] [Deactivate] voxel=7035 span=1 sleep=4/8 waiting
[INFO] [Deactivate] voxel=7038 span=1 sleep=1/8 waiting
[INFO] [Support] no-static-connection pos=(3.21,6.78,1.32) bounds=(6..6,13..13,2..2)
[INFO] [Deactivate] cluster_support=false count=1 checked=1 invalid=0 reason=no-static-connection
[INFO] [Deactivate] voxel=7041 cluster=1 lacks static support
[INFO] [Deactivate] voxel=7042 span=1 sleep=3/8 waiting
[INFO] [Deactivate] voxel=7043 span=1 sleep=3/8 waiting
[INFO] [Deactivate] voxel=7062 span=1 sleep=2/8 waiting
[INFO] [Deactivate] voxel=7063 span=1 sleep=3/8 waiting
[INFO] [Deactivate] voxel=7070 span=1 sleep=3/8 waiting
[INFO] [Deactivate] voxel=7073 span=1 sleep=2/8 waiting
[INFO] [Deactivate] voxel=7077 span=1 sleep=3/8 waiting
[INFO] [Deactivate] voxel=7078 span=1 sleep=3/8 waiting
[INFO] [Deactivate] voxel=7079 span=1 sleep=4/8 waiting
[INFO] [Support] no-static-connection pos=(-9.16,15.39,9.76) bounds=(-19..-19,30..30,19..19)
[INFO] [Deactivate] cluster_support=false count=1 checked=1 invalid=0 reason=no-static-connection
[INFO] [Deactivate] voxel=7107 cluster=1 lacks static support
[INFO] [Deactivate] voxel=7108 span=1 sleep=2/8 waiting
[INFO] [Deactivate] voxel=7736 span=1 sleep=2/8 waiting
[INFO] [Deactivate] voxel=7776 span=1 sleep=2/8 waiting
[INFO] [Deactivate] voxel=7778 span=1 sleep=6/8 waiting
[INFO] [Deactivate] voxel=7787 span=1 sleep=2/8 waiting
[INFO] [Deactivate] voxel=7794 span=1 sleep=2/8 waiting
[INFO] [Deactivate] voxel=7797 span=1 sleep=2/8 waiting
[INFO] [Deactivate] voxel=7812 span=1 sleep=2/8 waiting
[INFO] [Deactivate] voxel=7817 span=1 sleep=3/8 waiting
[INFO] [Deactivate] voxel=7852 span=1 sleep=4/8 waiting
[INFO] [Deactivate] voxel=7857 span=1 sleep=4/8 waiting
[INFO] [Deactivate] voxel=7858 span=1 sleep=4/8 waiting
[INFO] [Deactivate] voxel=7860 span=2 sleep=4/8 waiting
[INFO] [Deactivate] voxel=7861 span=1 sleep=4/8 waiting
[INFO] [Deactivate] voxel=7872 span=1 sleep=4/8 waiting
[INFO] [Deactivate] voxel=7874 span=1 sleep=4/8 waiting
[INFO] [Deactivate] voxel=7875 span=1 sleep=4/8 waiting
[INFO] [Deactivate] voxel=7876 span=1 sleep=4/8 waiting
[INFO] [Deactivate] voxel=7877 span=1 sleep=4/8 waiting
[INFO] [Deactivate] voxel=7878 span=1 sleep=4/8 waiting
[INFO] [Deactivate] voxel=7879 span=1 sleep=3/8 waiting
[INFO] [Deactivate] voxel=7880 span=1 sleep=3/8 waiting
[INFO] [Deactivate] voxel=7881 span=1 sleep=3/8 waiting
[INFO] [Deactivate] voxel=7892 span=1 sleep=3/8 waiting
[INFO] [Deactivate] voxel=7894 span=1 sleep=2/8 waiting
[INFO] [Deactivate] voxel=7895 span=1 sleep=2/8 waiting
[INFO] [Deactivate] voxel=7899 span=1 sleep=2/8 waiting
[INFO] [Deactivate] voxel=7900 span=1 sleep=2/8 waiting
[INFO] [Deactivate] voxel=7902 span=1 sleep=2/8 waiting
[INFO] [Support] no-static-connection pos=(2.31,1.95,-3.03) bounds=(4..4,3..3,-7..-7)
[INFO] [Deactivate] cluster_support=false count=1 checked=1 invalid=0 reason=no-static-connection
[INFO] [Deactivate] voxel=7903 cluster=1 lacks static support
[INFO] [Deactivate] voxel=7904 span=1 sleep=2/8 waiting
[INFO] [Deactivate] voxel=7905 span=1 sleep=2/8 waiting
[INFO] [Deactivate] voxel=7906 span=1 sleep=2/8 waiting
[INFO] [Deactivate] voxel=7907 span=1 sleep=2/8 waiting
[INFO] [Deactivate] voxel=7908 span=1 sleep=2/8 waiting
[INFO] [Deactivate] voxel=7909 span=1 sleep=2/8 waiting
[INFO] [Deactivate] voxel=7911 span=1 sleep=2/8 waiting
[INFO] [Deactivate] voxel=7913 span=1 sleep=2/8 waiting
[INFO] [Deactivate] voxel=7917 span=1 sleep=2/8 waiting
[INFO] [Deactivate] voxel=7918 span=1 sleep=2/8 waiting
[INFO] [Deactivate] voxel=7985 span=1 sleep=4/8 waiting
[INFO] [Deactivate] voxel=7986 span=1 sleep=3/8 waiting
[INFO] [Deactivate] voxel=7987 span=1 sleep=3/8 waiting
[INFO] [Deactivate] voxel=7988 span=1 sleep=3/8 waiting
[INFO] [Deactivate] voxel=7989 span=1 sleep=4/8 waiting
[INFO] [Deactivate] voxel=7990 span=1 sleep=4/8 waiting
[INFO] [Deactivate] voxel=7991 span=1 sleep=4/8 waiting
[INFO] [Deactivate] voxel=7992 span=1 sleep=4/8 waiting
[INFO] [Deactivate] voxel=7993 span=1 sleep=4/8 waiting
[INFO] [Deactivate] voxel=7994 span=1 sleep=4/8 waiting
[INFO] [Deactivate] voxel=7995 span=1 sleep=4/8 waiting
[INFO] [Deactivate] voxel=7996 span=1 sleep=1/8 waiting
[INFO] [Deactivate] voxel=7997 span=1 sleep=1/8 waiting
[INFO] [Deactivate] voxel=7998 span=1 sleep=1/8 waiting
[INFO] [Deactivate] voxel=7999 span=1 sleep=1/8 waiting
[INFO] [Deactivate] voxel=8000 span=1 sleep=1/8 waiting
[INFO] [Deactivate] voxel=8001 span=1 sleep=1/8 waiting
[INFO] [Deactivate] voxel=8002 span=1 sleep=1/8 waiting
[INFO] [Deactivate] voxel=8003 span=1 sleep=1/8 waiting
[INFO] [Deactivate] voxel=8004 span=1 sleep=1/8 waiting
[INFO] [Deactivate] voxel=8005 span=1 sleep=1/8 waiting
[INFO] [Deactivate] voxel=8006 span=1 sleep=1/8 waiting
[INFO] [Deactivate] voxel=8007 span=1 sleep=1/8 waiting
[INFO] [Deactivate] voxel=8008 span=1 sleep=1/8 waiting
[INFO] [Deactivate] voxel=8009 span=1 sleep=1/8 waiting
[INFO] [Deactivate] voxel=8010 span=1 sleep=1/8 waiting
[INFO] [Deactivate] voxel=8011 span=1 sleep=1/8 waiting
[INFO] [Deactivate] voxel=8012 span=1 sleep=1/8 waiting
[INFO] [Deactivate] voxel=8013 span=1 sleep=1/8 waiting
[INFO] [Deactivate] voxel=8014 span=1 sleep=1/8 waiting
[INFO] [Deactivate] voxel=8015 span=1 sleep=1/8 waiting
[INFO] [Deactivate] voxel=8016 span=1 sleep=1/8 waiting
[INFO] [Deactivate] voxel=8017 span=1 sleep=1/8 waiting
[INFO] [Deactivate] voxel=8018 span=1 sleep=1/8 waiting
[INFO] [Deactivate] voxel=8019 span=1 sleep=1/8 waiting
[INFO] [Deactivate] voxel=8020 span=1 sleep=1/8 waiting
[INFO] [Deactivate] voxel=8021 span=1 sleep=1/8 waiting
[INFO] [Deactivate] voxel=8022 span=1 sleep=1/8 waiting
[INFO] [Deactivate] voxel=8023 span=1 sleep=1/8 waiting
[INFO] [Deactivate] voxel=8024 span=1 sleep=1/8 waiting
[INFO] [Deactivate] voxel=8025 span=1 sleep=1/8 waiting
[INFO] [Deactivate] voxel=8026 span=1 sleep=1/8 waiting
[INFO] [Deactivate] voxel=8027 span=1 sleep=1/8 waiting
[INFO] VAO: [ID 44] Unloaded vertex array data from VRAM (GPU)
[INFO] VAO: [ID 45] Mesh uploaded successfully to VRAM (GPU)
[INFO] [RemoveVoxel] idx=7921 voxel_count_before=8028 moved_from=8027 voxel_count_after=8027
[INFO] [RemoveVoxel] idx=7916 voxel_count_before=8027 moved_from=8026 voxel_count_after=8026
[INFO] [RemoveVoxel] idx=7910 voxel_count_before=8026 moved_from=8025 voxel_count_after=8025
[INFO] [RemoveVoxel] idx=7898 voxel_count_before=8025 moved_from=8024 voxel_count_after=8024
[INFO] [RemoveVoxel] idx=7868 voxel_count_before=8024 moved_from=8023 voxel_count_after=8023
[INFO] [RemoveVoxel] idx=7856 voxel_count_before=8023 moved_from=8022 voxel_count_after=8022
[INFO] [RemoveVoxel] idx=7844 voxel_count_before=8022 moved_from=8021 voxel_count_after=8021
[INFO] [RemoveVoxel] idx=7843 voxel_count_before=8021 moved_from=8020 voxel_count_after=8020
[INFO] [RemoveVoxel] idx=7840 voxel_count_before=8020 moved_from=8019 voxel_count_after=8019
[INFO] [RemoveVoxel] idx=7839 voxel_count_before=8019 moved_from=8018 voxel_count_after=8018
[INFO] [RemoveVoxel] idx=7834 voxel_count_before=8018 moved_from=8017 voxel_count_after=8017
[INFO] [RemoveVoxel] idx=7833 voxel_count_before=8017 moved_from=8016 voxel_count_after=8016
[INFO] [RemoveVoxel] idx=7832 voxel_count_before=8016 moved_from=8015 voxel_count_after=8015
[INFO] [RemoveVoxel] idx=7823 voxel_count_before=8015 moved_from=8014 voxel_count_after=8014
[INFO] [RemoveVoxel] idx=7818 voxel_count_before=8014 moved_from=8013 voxel_count_after=8013
[INFO] [RemoveVoxel] idx=7814 voxel_count_before=8013 moved_from=8012 voxel_count_after=8012
[INFO] [RemoveVoxel] idx=7800 voxel_count_before=8012 moved_from=8011 voxel_count_after=8011
[INFO] [RemoveVoxel] idx=7790 voxel_count_before=8011 moved_from=8010 voxel_count_after=8010
[INFO] [RemoveVoxel] idx=7739 voxel_count_before=8010 moved_from=8009 voxel_count_after=8009
[INFO] [RemoveVoxel] idx=7067 voxel_count_before=8009 moved_from=8008 voxel_count_after=8008
[INFO] [RemoveVoxel] idx=7024 voxel_count_before=8008 moved_from=8007 voxel_count_after=8007
[INFO] [RemoveVoxel] idx=7018 voxel_count_before=8007 moved_from=8006 voxel_count_after=8006
[INFO] [RemoveVoxel] idx=6993 voxel_count_before=8006 moved_from=8005 voxel_count_after=8005
[INFO] [RemoveVoxel] idx=6981 voxel_count_before=8005 moved_from=8004 voxel_count_after=8004
[INFO] [RemoveVoxel] idx=6964 voxel_count_before=8004 moved_from=8003 voxel_count_after=8003
[INFO] [RemoveVoxel] idx=6947 voxel_count_before=8003 moved_from=8002 voxel_count_after=8002
[INFO] [Multiscale] Emit span=1 grid=(5..5,3..3,-5..-5) pos=(2.75,1.75,-2.25)
[INFO] [Multiscale] Emit span=1 grid=(5..5,2..2,-4..-4) pos=(2.75,1.25,-1.75)
[INFO] [Multiscale] Emit span=1 grid=(4..4,3..3,-4..-4) pos=(2.25,1.75,-1.75)
[INFO] [Multiscale] Emit span=1 grid=(5..5,3..3,-4..-4) pos=(2.75,1.75,-1.75)
[INFO] [Multiscale] Emit span=1 grid=(1..1,4..4,-3..-3) pos=(0.75,2.25,-1.25)
[INFO] [Multiscale] Emit span=1 grid=(2..2,4..4,-3..-3) pos=(1.25,2.25,-1.25)
[INFO] [Multiscale] Emit span=1 grid=(0..0,3..3,-2..-2) pos=(0.25,1.75,-0.75)
[INFO] [Multiscale] Emit span=1 grid=(1..1,3..3,-2..-2) pos=(0.75,1.75,-0.75)
[INFO] [Multiscale] Emit span=1 grid=(2..2,3..3,-2..-2) pos=(1.25,1.75,-0.75)
[INFO] [Multiscale] Emit span=1 grid=(0..0,4..4,-2..-2) pos=(0.25,2.25,-0.75)
[INFO] [Multiscale] Emit span=1 grid=(1..1,4..4,-2..-2) pos=(0.75,2.25,-0.75)
[INFO] [Multiscale] Emit span=1 grid=(2..2,4..4,-2..-2) pos=(1.25,2.25,-0.75)
[INFO] [Multiscale] Emit span=1 grid=(3..3,4..4,-2..-2) pos=(1.75,2.25,-0.75)
[INFO] [Multiscale] Emit span=1 grid=(-1..-1,3..3,-1..-1) pos=(-0.25,1.75,-0.25)
[INFO] [Multiscale] Emit span=1 grid=(0..0,3..3,-1..-1) pos=(0.25,1.75,-0.25)
[INFO] [Multiscale] Emit span=1 grid=(1..1,3..3,-1..-1) pos=(0.75,1.75,-0.25)
[INFO] [Multiscale] Emit span=1 grid=(2..2,3..3,-1..-1) pos=(1.25,1.75,-0.25)
[INFO] [Multiscale] Emit span=1 grid=(3..3,3..3,-1..-1) pos=(1.75,1.75,-0.25)
[INFO] [Multiscale] Emit span=1 grid=(0..0,4..4,-1..-1) pos=(0.25,2.25,-0.25)
[INFO] [Multiscale] Emit span=1 grid=(3..3,4..4,-1..-1) pos=(1.75,2.25,-0.25)
[INFO] [Multiscale] Emit span=1 grid=(4..4,4..4,-1..-1) pos=(2.25,2.25,-0.25)
[INFO] [Multiscale] Emit span=1 grid=(-4..-4,4..4,2..2) pos=(-1.75,2.25,1.25)
[INFO] [Multiscale] Emit span=1 grid=(-4..-4,5..5,2..2) pos=(-1.75,2.75,1.25)
[INFO] [Multiscale] Emit span=1 grid=(-4..-4,4..4,3..3) pos=(-1.75,2.25,1.75)
[INFO] [Multiscale] Emit span=1 grid=(-5..-5,5..5,3..3) pos=(-2.25,2.75,1.75)
[INFO] [Multiscale] Emit span=1 grid=(-4..-4,4..4,4..4) pos=(-1.75,2.25,2.25)
[INFO] [Multiscale] Converted 26 unit voxels into 26 span clusters
[INFO] [Activation] static->dynamic units=26 spawned=26 base=8002 after=8028
[INFO] [Activation] glue build mismatch pair=(7860,8022) spans=(2,1) dir=(0,0,1) rawUV=(0.000,0.000) uv=(0.000,0.000) weights=(1.000,0.000,0.000,0.000) coarseCenter=(2.50,2.50,-1.50) fineCenter=(2.25,2.25,-0.25)
[INFO] [Activation] glue build mismatch pair=(7860,8022) spans=(2,1) dir=(0,0,1) rawUV=(0.500,0.000) uv=(0.500,0.000) weights=(0.500,0.500,0.000,0.000) coarseCenter=(2.50,2.50,-1.50) fineCenter=(2.25,2.25,-0.25)
[INFO] [Activation] glue build mismatch pair=(7860,8022) spans=(2,1) dir=(0,0,1) rawUV=(0.000,0.500) uv=(0.000,0.500) weights=(0.500,0.000,0.500,0.000) coarseCenter=(2.50,2.50,-1.50) fineCenter=(2.25,2.25,-0.25)
[INFO] [Activation] glue build mismatch pair=(7860,8022) spans=(2,1) dir=(0,0,1) rawUV=(0.500,0.500) uv=(0.500,0.500) weights=(0.250,0.250,0.250,0.250) coarseCenter=(2.50,2.50,-1.50) fineCenter=(2.25,2.25,-0.25)
[INFO] [Activation] glue build mismatch pair=(7860,8004) spans=(2,1) dir=(0,1,0) rawUV=(0.000,0.000) uv=(0.000,0.000) weights=(1.000,0.000,0.000,0.000) coarseCenter=(2.50,2.50,-1.50) fineCenter=(2.25,1.75,-1.75)
[INFO] [Activation] glue build mismatch pair=(7860,8004) spans=(2,1) dir=(0,1,0) rawUV=(0.500,0.000) uv=(0.500,0.000) weights=(0.500,0.500,0.000,0.000) coarseCenter=(2.50,2.50,-1.50) fineCenter=(2.25,1.75,-1.75)
[INFO] [Activation] glue build mismatch pair=(7860,8004) spans=(2,1) dir=(0,1,0) rawUV=(0.000,0.500) uv=(0.000,0.500) weights=(0.500,0.000,0.500,0.000) coarseCenter=(2.50,2.50,-1.50) fineCenter=(2.25,1.75,-1.75)
[INFO] [Activation] glue build mismatch pair=(7860,8004) spans=(2,1) dir=(0,1,0) rawUV=(0.500,0.500) uv=(0.500,0.500) weights=(0.250,0.250,0.250,0.250) coarseCenter=(2.50,2.50,-1.50) fineCenter=(2.25,1.75,-1.75)
[INFO] [Activation] glue build mismatch pair=(7860,8014) spans=(2,1) dir=(1,0,0) rawUV=(0.000,1.000) uv=(0.000,1.000) weights=(0.000,0.000,1.000,0.000) coarseCenter=(2.50,2.50,-1.50) fineCenter=(1.75,2.25,-0.75)
[INFO] [Activation] glue build mismatch pair=(7860,8014) spans=(2,1) dir=(1,0,0) rawUV=(0.500,1.000) uv=(0.500,1.000) weights=(0.000,0.000,0.500,0.500) coarseCenter=(2.50,2.50,-1.50) fineCenter=(1.75,2.25,-0.75)
[INFO] [Activation] glue build mismatch pair=(7860,8014) spans=(2,1) dir=(1,0,0) rawUV=(0.000,1.500) uv=(0.000,1.000) weights=(0.000,0.000,1.000,0.000) coarseCenter=(2.50,2.50,-1.50) fineCenter=(1.75,2.25,-0.75)
[INFO] [Activation] glue build mismatch pair=(7860,8014) spans=(2,1) dir=(1,0,0) rawUV=(0.500,1.500) uv=(0.500,1.000) weights=(0.000,0.000,0.500,0.500) coarseCenter=(2.50,2.50,-1.50) fineCenter=(1.75,2.25,-0.75)
[INFO] [Activation] glue span mismatch a=8004 span=1 b=7860 span=2 posA=(2.25,1.75,-1.75) posB=(2.50,2.50,-1.50)
[INFO] [Activation] glue span mismatch a=8014 span=1 b=7860 span=2 posA=(1.75,2.25,-0.75) posB=(2.50,2.50,-1.50)
[INFO] [Activation] glue span mismatch a=8022 span=1 b=7860 span=2 posA=(2.25,2.25,-0.25) posB=(2.50,2.50,-1.50)
[INFO] [Deactivate] voxel=6934 span=1 sleep=5/8 waiting
[INFO] [Deactivate] voxel=6945 span=1 sleep=5/8 waiting
[INFO] [Deactivate] voxel=6946 span=1 sleep=5/8 waiting
[INFO] [Deactivate] voxel=6947 span=1 sleep=2/8 waiting
[INFO] [Deactivate] voxel=6951 span=1 sleep=5/8 waiting
[INFO] [Deactivate] voxel=6952 span=1 sleep=5/8 waiting
[INFO] [Deactivate] voxel=6953 span=1 sleep=5/8 waiting
[INFO] [Deactivate] voxel=6964 span=1 sleep=2/8 waiting
[INFO] [Deactivate] voxel=6970 span=1 sleep=5/8 waiting
[INFO] [Deactivate] voxel=6974 span=1 sleep=4/8 waiting
[INFO] [Deactivate] voxel=6976 span=1 sleep=4/8 waiting
[INFO] [Deactivate] voxel=6979 span=1 sleep=4/8 waiting
[INFO] [Deactivate] voxel=6980 span=1 sleep=5/8 waiting
[INFO] [Deactivate] voxel=6981 span=1 sleep=2/8 waiting
[INFO] [Deactivate] voxel=6982 span=1 sleep=4/8 waiting
[INFO] [Deactivate] voxel=6983 span=1 sleep=5/8 waiting
[INFO] [Deactivate] voxel=6986 span=1 sleep=5/8 waiting
[INFO] [Deactivate] voxel=6987 span=1 sleep=4/8 waiting
[INFO] [Deactivate] voxel=6988 span=1 sleep=4/8 waiting
[INFO] [Deactivate] voxel=6989 span=1 sleep=4/8 waiting
[INFO] [Deactivate] voxel=6990 span=1 sleep=5/8 waiting
[INFO] [Deactivate] voxel=6991 span=1 sleep=5/8 waiting
[INFO] [Deactivate] voxel=6992 span=1 sleep=5/8 waiting
[INFO] [Deactivate] voxel=6993 span=1 sleep=2/8 waiting
[INFO] [Deactivate] voxel=6995 span=1 sleep=4/8 waiting
[INFO] [Deactivate] voxel=7014 span=1 sleep=4/8 waiting
[INFO] [Deactivate] voxel=7015 span=1 sleep=3/8 waiting
[INFO] [Deactivate] voxel=7018 span=1 sleep=2/8 waiting
[INFO] [Deactivate] voxel=7019 span=1 sleep=3/8 waiting
[INFO] [Deactivate] voxel=7023 span=1 sleep=2/8 waiting
[INFO] [Deactivate] voxel=7024 span=1 sleep=2/8 waiting
[INFO] [Deactivate] voxel=7028 span=1 sleep=5/8 waiting
[INFO] [Deactivate] voxel=7029 span=1 sleep=5/8 waiting
[INFO] [Deactivate] voxel=7032 span=1 sleep=5/8 waiting
[INFO] [Deactivate] voxel=7033 span=1 sleep=4/8 waiting
[INFO] [Deactivate] voxel=7035 span=1 sleep=5/8 waiting
[INFO] [Deactivate] voxel=7038 span=1 sleep=2/8 waiting
[INFO] [Support] no-static-connection pos=(3.47,6.82,1.13) bounds=(6..6,13..13,2..2)
[INFO] [Deactivate] cluster_support=false count=1 checked=1 invalid=0 reason=no-static-connection
[INFO] [Deactivate] voxel=7041 cluster=1 lacks static support
[INFO] [Deactivate] voxel=7042 span=1 sleep=4/8 waiting
[INFO] [Deactivate] voxel=7043 span=1 sleep=4/8 waiting
[INFO] [Deactivate] voxel=7062 span=1 sleep=3/8 waiting
[INFO] [Deactivate] voxel=7063 span=1 sleep=4/8 waiting
[INFO] [Deactivate] voxel=7067 span=1 sleep=2/8 waiting
[INFO] [Deactivate] voxel=7070 span=1 sleep=4/8 waiting
[INFO] [Deactivate] voxel=7073 span=1 sleep=3/8 waiting
[INFO] [Deactivate] voxel=7077 span=1 sleep=4/8 waiting
[INFO] [Deactivate] voxel=7078 span=1 sleep=4/8 waiting
[INFO] [Deactivate] voxel=7079 span=1 sleep=5/8 waiting
[INFO] [Support] no-static-connection pos=(-9.80,15.40,8.75) bounds=(-20..-20,30..30,17..17)
[INFO] [Deactivate] cluster_support=false count=1 checked=1 invalid=0 reason=no-static-connection
[INFO] [Deactivate] voxel=7107 cluster=1 lacks static support
[INFO] [Deactivate] voxel=7108 span=1 sleep=3/8 waiting
[INFO] [Deactivate] voxel=7736 span=1 sleep=3/8 waiting
[INFO] [Deactivate] voxel=7739 span=1 sleep=2/8 waiting
[INFO] [Deactivate] voxel=7776 span=1 sleep=3/8 waiting
[INFO] [Deactivate] voxel=7778 span=1 sleep=7/8 waiting
[INFO] [Deactivate] voxel=7787 span=1 sleep=3/8 waiting
[INFO] [Deactivate] voxel=7790 span=1 sleep=2/8 waiting
[INFO] [Deactivate] voxel=7794 span=1 sleep=3/8 waiting
[INFO] [Deactivate] voxel=7797 span=1 sleep=3/8 waiting
[INFO] [Deactivate] voxel=7800 span=1 sleep=2/8 waiting
[INFO] [Deactivate] voxel=7812 span=1 sleep=3/8 waiting
[INFO] [Deactivate] voxel=7814 span=1 sleep=2/8 waiting
[INFO] [Deactivate] voxel=7817 span=1 sleep=4/8 waiting
[INFO] [Deactivate] voxel=7818 span=1 sleep=2/8 waiting
[INFO] [Deactivate] voxel=7823 span=1 sleep=2/8 waiting
[INFO] [Deactivate] voxel=7832 span=1 sleep=2/8 waiting
[INFO] [Deactivate] voxel=7833 span=1 sleep=2/8 waiting
[INFO] [Deactivate] voxel=7834 span=1 sleep=2/8 waiting
[INFO] [Deactivate] voxel=7839 span=1 sleep=2/8 waiting
[INFO] [Deactivate] voxel=7840 span=1 sleep=2/8 waiting
[INFO] [Deactivate] voxel=7843 span=1 sleep=2/8 waiting
[INFO] [Deactivate] voxel=7844 span=1 sleep=2/8 waiting
[INFO] [Deactivate] voxel=7852 span=1 sleep=5/8 waiting
[INFO] [Deactivate] voxel=7856 span=1 sleep=2/8 waiting
[INFO] [Deactivate] voxel=7857 span=1 sleep=5/8 waiting
[INFO] [Deactivate] voxel=7858 span=1 sleep=5/8 waiting
[INFO] [Deactivate] voxel=7860 span=2 sleep=5/8 waiting
[INFO] [Deactivate] voxel=7861 span=1 sleep=5/8 waiting
[INFO] [Deactivate] voxel=7868 span=1 sleep=2/8 waiting
[INFO] [Deactivate] voxel=7872 span=1 sleep=5/8 waiting
[INFO] [Deactivate] voxel=7874 span=1 sleep=5/8 waiting
[INFO] [Deactivate] voxel=7875 span=1 sleep=5/8 waiting
[INFO] [Deactivate] voxel=7876 span=1 sleep=5/8 waiting
[INFO] [Deactivate] voxel=7877 span=1 sleep=5/8 waiting
[INFO] [Deactivate] voxel=7878 span=1 sleep=5/8 waiting
[INFO] [Deactivate] voxel=7879 span=1 sleep=4/8 waiting
[INFO] [Deactivate] voxel=7880 span=1 sleep=4/8 waiting
[INFO] [Deactivate] voxel=7881 span=1 sleep=4/8 waiting
[INFO] [Deactivate] voxel=7892 span=1 sleep=4/8 waiting
[INFO] [Deactivate] voxel=7894 span=1 sleep=3/8 waiting
[INFO] [Deactivate] voxel=7895 span=1 sleep=3/8 waiting
[INFO] [Deactivate] voxel=7898 span=1 sleep=2/8 waiting
[INFO] [Deactivate] voxel=7899 span=1 sleep=3/8 waiting
[INFO] [Deactivate] voxel=7900 span=1 sleep=3/8 waiting
[INFO] [Deactivate] voxel=7902 span=1 sleep=3/8 waiting
[INFO] [Support] no-static-connection pos=(2.46,1.53,-3.19) bounds=(4..4,3..3,-7..-7)
[INFO] [Deactivate] cluster_support=false count=1 checked=1 invalid=0 reason=no-static-connection
[INFO] [Deactivate] voxel=7903 cluster=1 lacks static support
[INFO] [Deactivate] voxel=7904 span=1 sleep=3/8 waiting
[INFO] [Deactivate] voxel=7905 span=1 sleep=3/8 waiting
[INFO] [Deactivate] voxel=7906 span=1 sleep=3/8 waiting
[INFO] [Deactivate] voxel=7907 span=1 sleep=3/8 waiting
[INFO] [Deactivate] voxel=7908 span=1 sleep=3/8 waiting
[INFO] [Deactivate] voxel=7909 span=1 sleep=3/8 waiting
[INFO] [Deactivate] voxel=7910 span=1 sleep=2/8 waiting
[INFO] [Deactivate] voxel=7911 span=1 sleep=3/8 waiting
[INFO] [Deactivate] voxel=7913 span=1 sleep=3/8 waiting
[INFO] [Deactivate] voxel=7916 span=1 sleep=2/8 waiting
[INFO] [Deactivate] voxel=7917 span=1 sleep=3/8 waiting
[INFO] [Deactivate] voxel=7918 span=1 sleep=3/8 waiting
[INFO] [Deactivate] voxel=7921 span=1 sleep=2/8 waiting
[INFO] [Deactivate] voxel=7985 span=1 sleep=5/8 waiting
[INFO] [Deactivate] voxel=7986 span=1 sleep=4/8 waiting
[INFO] [Deactivate] voxel=7987 span=1 sleep=4/8 waiting
[INFO] [Deactivate] voxel=7988 span=1 sleep=4/8 waiting
[INFO] [Deactivate] voxel=7989 span=1 sleep=5/8 waiting
[INFO] [Deactivate] voxel=7990 span=1 sleep=5/8 waiting
[INFO] [Deactivate] voxel=7991 span=1 sleep=5/8 waiting
[INFO] [Deactivate] voxel=7992 span=1 sleep=5/8 waiting
[INFO] [Deactivate] voxel=7993 span=1 sleep=5/8 waiting
[INFO] [Deactivate] voxel=7994 span=1 sleep=5/8 waiting
[INFO] [Deactivate] voxel=7995 span=1 sleep=5/8 waiting
[INFO] [Deactivate] voxel=7996 span=1 sleep=2/8 waiting
[INFO] [Deactivate] voxel=7997 span=1 sleep=2/8 waiting
[INFO] [Deactivate] voxel=7998 span=1 sleep=2/8 waiting
[INFO] [Deactivate] voxel=7999 span=1 sleep=2/8 waiting
[INFO] [Deactivate] voxel=8000 span=1 sleep=2/8 waiting
[INFO] [Deactivate] voxel=8001 span=1 sleep=2/8 waiting
[INFO] [Deactivate] voxel=8002 span=1 sleep=1/8 waiting
[INFO] [Deactivate] voxel=8003 span=1 sleep=1/8 waiting
[INFO] [Deactivate] voxel=8004 span=1 sleep=1/8 waiting
[INFO] [Deactivate] voxel=8005 span=1 sleep=1/8 waiting
[INFO] [Deactivate] voxel=8006 span=1 sleep=1/8 waiting
[INFO] [Deactivate] voxel=8007 span=1 sleep=1/8 waiting
[INFO] [Deactivate] voxel=8008 span=1 sleep=1/8 waiting
[INFO] [Deactivate] voxel=8009 span=1 sleep=1/8 waiting
[INFO] [Deactivate] voxel=8010 span=1 sleep=1/8 waiting
[INFO] [Deactivate] voxel=8011 span=1 sleep=1/8 waiting
[INFO] [Deactivate] voxel=8012 span=1 sleep=1/8 waiting
[INFO] [Deactivate] voxel=8013 span=1 sleep=1/8 waiting
[INFO] [Deactivate] voxel=8014 span=1 sleep=1/8 waiting
[INFO] [Deactivate] voxel=8015 span=1 sleep=1/8 waiting
[INFO] [Deactivate] voxel=8016 span=1 sleep=1/8 waiting
[INFO] [Deactivate] voxel=8017 span=1 sleep=1/8 waiting
[INFO] [Deactivate] voxel=8018 span=1 sleep=1/8 waiting
[INFO] [Deactivate] voxel=8019 span=1 sleep=1/8 waiting
[INFO] [Deactivate] voxel=8020 span=1 sleep=1/8 waiting
[INFO] [Deactivate] voxel=8021 span=1 sleep=1/8 waiting
[INFO] [Deactivate] voxel=8022 span=1 sleep=1/8 waiting
[INFO] [Deactivate] voxel=8023 span=1 sleep=1/8 waiting
[INFO] [Deactivate] voxel=8024 span=1 sleep=1/8 waiting
[INFO] [Deactivate] voxel=8025 span=1 sleep=1/8 waiting
[INFO] [Deactivate] voxel=8026 span=1 sleep=1/8 waiting
[INFO] [Deactivate] voxel=8027 span=1 sleep=1/8 waiting
[INFO] VAO: [ID 45] Unloaded vertex array data from VRAM (GPU)
[INFO] VAO: [ID 46] Mesh uploaded successfully to VRAM (GPU)
[INFO] [RemoveVoxel] idx=7897 voxel_count_before=8028 moved_from=8027 voxel_count_after=8027
[INFO] [RemoveVoxel] idx=7896 voxel_count_before=8027 moved_from=8026 voxel_count_after=8026
[INFO] [RemoveVoxel] idx=7854 voxel_count_before=8026 moved_from=8025 voxel_count_after=8025
[INFO] [RemoveVoxel] idx=7841 voxel_count_before=8025 moved_from=8024 voxel_count_after=8024
[INFO] [RemoveVoxel] idx=7837 voxel_count_before=8024 moved_from=8023 voxel_count_after=8023
[INFO] [RemoveVoxel] idx=7829 voxel_count_before=8023 moved_from=8022 voxel_count_after=8022
[INFO] [RemoveVoxel] idx=7816 voxel_count_before=8022 moved_from=8021 voxel_count_after=8021
[INFO] [RemoveVoxel] idx=7815 voxel_count_before=8021 moved_from=8020 voxel_count_after=8020
[INFO] [RemoveVoxel] idx=7104 voxel_count_before=8020 moved_from=8019 voxel_count_after=8019
[INFO] [RemoveVoxel] idx=7061 voxel_count_before=8019 moved_from=8018 voxel_count_after=8018
[INFO] [RemoveVoxel] idx=7049 voxel_count_before=8018 moved_from=8017 voxel_count_after=8017
[INFO] [RemoveVoxel] idx=6966 voxel_count_before=8017 moved_from=8016 voxel_count_after=8016
[INFO] [RemoveVoxel] idx=6958 voxel_count_before=8016 moved_from=8015 voxel_count_after=8015
[INFO] [RemoveVoxel] idx=6957 voxel_count_before=8015 moved_from=8014 voxel_count_after=8014
[INFO] [Multiscale] Emit span=1 grid=(1..1,3..3,-3..-3) pos=(0.75,1.75,-1.25)
[INFO] [Multiscale] Emit span=1 grid=(2..2,3..3,-3..-3) pos=(1.25,1.75,-1.25)
[INFO] [Multiscale] Emit span=1 grid=(4..4,5..5,-1..-1) pos=(2.25,2.75,-0.25)
[INFO] [Multiscale] Emit span=1 grid=(4..4,4..4,0..0) pos=(2.25,2.25,0.25)
[INFO] [Multiscale] Emit span=1 grid=(5..5,4..4,0..0) pos=(2.75,2.25,0.25)
[INFO] [Multiscale] Emit span=1 grid=(4..4,5..5,0..0) pos=(2.25,2.75,0.25)
[INFO] [Multiscale] Emit span=1 grid=(-5..-5,5..5,1..1) pos=(-2.25,2.75,0.75)
[INFO] [Multiscale] Emit span=1 grid=(-4..-4,5..5,1..1) pos=(-1.75,2.75,0.75)
[INFO] [Multiscale] Emit span=1 grid=(-5..-5,4..4,2..2) pos=(-2.25,2.25,1.25)
[INFO] [Multiscale] Emit span=1 grid=(-5..-5,5..5,2..2) pos=(-2.25,2.75,1.25)
[INFO] [Multiscale] Emit span=1 grid=(-5..-5,4..4,3..3) pos=(-2.25,2.25,1.75)
[INFO] [Multiscale] Emit span=1 grid=(-5..-5,4..4,4..4) pos=(-2.25,2.25,2.25)
[INFO] [Multiscale] Emit span=1 grid=(-5..-5,5..5,4..4) pos=(-2.25,2.75,2.25)
[INFO] [Multiscale] Emit span=1 grid=(-5..-5,5..5,5..5) pos=(-2.25,2.75,2.75)
[INFO] [Multiscale] Converted 14 unit voxels into 14 span clusters
[INFO] [Activation] static->dynamic units=14 spawned=14 base=8014 after=8028
[INFO] [Activation] glue build mismatch pair=(7860,8016) spans=(2,1) dir=(0,0,1) rawUV=(0.000,0.500) uv=(0.000,0.500) weights=(0.500,0.000,0.500,0.000) coarseCenter=(2.53,2.49,-1.49) fineCenter=(2.25,2.75,-0.25)
[INFO] [Activation] glue build mismatch pair=(7860,8016) spans=(2,1) dir=(0,0,1) rawUV=(0.500,0.500) uv=(0.500,0.500) weights=(0.250,0.250,0.250,0.250) coarseCenter=(2.53,2.49,-1.49) fineCenter=(2.25,2.75,-0.25)
[INFO] [Activation] glue build mismatch pair=(7860,8016) spans=(2,1) dir=(0,0,1) rawUV=(0.000,1.000) uv=(0.000,1.000) weights=(0.000,0.000,1.000,0.000) coarseCenter=(2.53,2.49,-1.49) fineCenter=(2.25,2.75,-0.25)
[INFO] [Activation] glue build mismatch pair=(7860,8016) spans=(2,1) dir=(0,0,1) rawUV=(0.500,1.000) uv=(0.500,1.000) weights=(0.000,0.000,0.500,0.500) coarseCenter=(2.53,2.49,-1.49) fineCenter=(2.25,2.75,-0.25)
[INFO] [Activation] glue span mismatch a=8016 span=1 b=7860 span=2 posA=(2.25,2.75,-0.25) posB=(2.53,2.49,-1.49)
[INFO] [Deactivate] voxel=6934 span=1 sleep=6/8 waiting
[INFO] [Deactivate] voxel=6945 span=1 sleep=6/8 waiting
[INFO] [Deactivate] voxel=6946 span=1 sleep=6/8 waiting
[INFO] [Deactivate] voxel=6947 span=1 sleep=3/8 waiting
[INFO] [Deactivate] voxel=6951 span=1 sleep=6/8 waiting
[INFO] [Deactivate] voxel=6952 span=1 sleep=6/8 waiting
[INFO] [Deactivate] voxel=6953 span=1 sleep=6/8 waiting
[INFO] [Deactivate] voxel=6957 span=1 sleep=2/8 waiting
[INFO] [Deactivate] voxel=6958 span=1 sleep=2/8 waiting
[INFO] [Deactivate] voxel=6964 span=1 sleep=3/8 waiting
[INFO] [Deactivate] voxel=6966 span=1 sleep=2/8 waiting
[INFO] [Deactivate] voxel=6970 span=1 sleep=6/8 waiting
[INFO] [Deactivate] voxel=6974 span=1 sleep=5/8 waiting
[INFO] [Deactivate] voxel=6976 span=1 sleep=5/8 waiting
[INFO] [Deactivate] voxel=6979 span=1 sleep=5/8 waiting
[INFO] [Deactivate] voxel=6980 span=1 sleep=6/8 waiting
[INFO] [Deactivate] voxel=6981 span=1 sleep=3/8 waiting
[INFO] [Deactivate] voxel=6982 span=1 sleep=5/8 waiting
[INFO] [Deactivate] voxel=6983 span=1 sleep=6/8 waiting
[INFO] [Deactivate] voxel=6986 span=1 sleep=6/8 waiting
[INFO] [Deactivate] voxel=6987 span=1 sleep=5/8 waiting
[INFO] [Deactivate] voxel=6988 span=1 sleep=5/8 waiting
[INFO] [Deactivate] voxel=6989 span=1 sleep=5/8 waiting
[INFO] [Deactivate] voxel=6990 span=1 sleep=6/8 waiting
[INFO] [Deactivate] voxel=6991 span=1 sleep=6/8 waiting
[INFO] [Deactivate] voxel=6992 span=1 sleep=6/8 waiting
[INFO] [Deactivate] voxel=6993 span=1 sleep=3/8 waiting
[INFO] [Deactivate] voxel=6995 span=1 sleep=5/8 waiting
[INFO] [Deactivate] voxel=7014 span=1 sleep=5/8 waiting
[INFO] [Deactivate] voxel=7015 span=1 sleep=4/8 waiting
[INFO] [Deactivate] voxel=7018 span=1 sleep=3/8 waiting
[INFO] [Deactivate] voxel=7019 span=1 sleep=4/8 waiting
[INFO] [Deactivate] voxel=7023 span=1 sleep=3/8 waiting
[INFO] [Deactivate] voxel=7024 span=1 sleep=3/8 waiting
[INFO] [Deactivate] voxel=7028 span=1 sleep=6/8 waiting
[INFO] [Deactivate] voxel=7029 span=1 sleep=6/8 waiting
[INFO] [Deactivate] voxel=7032 span=1 sleep=6/8 waiting
[INFO] [Deactivate] voxel=7033 span=1 sleep=5/8 waiting
[INFO] [Deactivate] voxel=7035 span=1 sleep=6/8 waiting
[INFO] [Deactivate] voxel=7038 span=1 sleep=3/8 waiting
[INFO] [Support] no-static-connection pos=(3.84,6.65,0.85) bounds=(7..7,13..13,1..1)
[INFO] [Deactivate] cluster_support=false count=1 checked=1 invalid=0 reason=no-static-connection
[INFO] [Deactivate] voxel=7041 cluster=1 lacks static support
[INFO] [Deactivate] voxel=7042 span=1 sleep=5/8 waiting
[INFO] [Deactivate] voxel=7043 span=1 sleep=5/8 waiting
[INFO] [Deactivate] voxel=7049 span=1 sleep=2/8 waiting
[INFO] [Deactivate] voxel=7061 span=1 sleep=2/8 waiting
[INFO] [Deactivate] voxel=7062 span=1 sleep=4/8 waiting
[INFO] [Deactivate] voxel=7063 span=1 sleep=5/8 waiting
[INFO] [Deactivate] voxel=7067 span=1 sleep=3/8 waiting
[INFO] [Deactivate] voxel=7070 span=1 sleep=5/8 waiting
[INFO] [Deactivate] voxel=7073 span=1 sleep=4/8 waiting
[INFO] [Deactivate] voxel=7077 span=1 sleep=5/8 waiting
[INFO] [Deactivate] voxel=7078 span=1 sleep=5/8 waiting
[INFO] [Deactivate] voxel=7079 span=1 sleep=6/8 waiting
[INFO] [Deactivate] voxel=7104 span=1 sleep=2/8 waiting
[INFO] [Support] no-static-connection pos=(-10.69,15.18,7.33) bounds=(-22..-22,30..30,14..14)
[INFO] [Deactivate] cluster_support=false count=1 checked=1 invalid=0 reason=no-static-connection
[INFO] [Deactivate] voxel=7107 cluster=1 lacks static support
[INFO] [Deactivate] voxel=7108 span=1 sleep=4/8 waiting
[INFO] [Deactivate] voxel=7736 span=1 sleep=4/8 waiting
[INFO] [Deactivate] voxel=7739 span=1 sleep=3/8 waiting
[INFO] [Deactivate] voxel=7776 span=1 sleep=4/8 waiting
[INFO] [Support] no-static-connection pos=(0.10,6.67,5.60) bounds=(0..0,13..13,11..11)
[INFO] [Deactivate] cluster_support=false count=1 checked=1 invalid=0 reason=no-static-connection
[INFO] [Deactivate] voxel=7778 cluster=1 lacks static support
[INFO] [Deactivate] voxel=7787 span=1 sleep=4/8 waiting
[INFO] [Deactivate] voxel=7790 span=1 sleep=3/8 waiting
[INFO] [Deactivate] voxel=7794 span=1 sleep=4/8 waiting
[INFO] [Deactivate] voxel=7797 span=1 sleep=4/8 waiting
[INFO] [Deactivate] voxel=7800 span=1 sleep=3/8 waiting
[INFO] [Deactivate] voxel=7812 span=1 sleep=4/8 waiting
[INFO] [Deactivate] voxel=7814 span=1 sleep=3/8 waiting
[INFO] [Deactivate] voxel=7815 span=1 sleep=2/8 waiting
[INFO] [Deactivate] voxel=7816 span=1 sleep=2/8 waiting
[INFO] [Deactivate] voxel=7817 span=1 sleep=5/8 waiting
[INFO] [Deactivate] voxel=7818 span=1 sleep=3/8 waiting
[INFO] [Deactivate] voxel=7823 span=1 sleep=3/8 waiting
[INFO] [Deactivate] voxel=7829 span=1 sleep=2/8 waiting
[INFO] [Deactivate] voxel=7832 span=1 sleep=3/8 waiting
[INFO] [Deactivate] voxel=7833 span=1 sleep=3/8 waiting
[INFO] [Deactivate] voxel=7834 span=1 sleep=3/8 waiting
[INFO] [Deactivate] voxel=7837 span=1 sleep=2/8 waiting
[INFO] [Deactivate] voxel=7839 span=1 sleep=3/8 waiting
[INFO] [Deactivate] voxel=7840 span=1 sleep=3/8 waiting
[INFO] [Deactivate] voxel=7841 span=1 sleep=2/8 waiting
[INFO] [Deactivate] voxel=7843 span=1 sleep=3/8 waiting
[INFO] [Deactivate] voxel=7844 span=1 sleep=3/8 waiting
[INFO] [Deactivate] voxel=7852 span=1 sleep=6/8 waiting
[INFO] [Deactivate] voxel=7854 span=1 sleep=2/8 waiting
[INFO] [Deactivate] voxel=7856 span=1 sleep=3/8 waiting
[INFO] [Deactivate] voxel=7857 span=1 sleep=6/8 waiting
[INFO] [Deactivate] voxel=7858 span=1 sleep=6/8 waiting
[INFO] [Deactivate] voxel=7860 span=2 sleep=6/8 waiting
[INFO] [Deactivate] voxel=7861 span=1 sleep=6/8 waiting
[INFO] [Deactivate] voxel=7868 span=1 sleep=3/8 waiting
[INFO] [Deactivate] voxel=7872 span=1 sleep=6/8 waiting
[INFO] [Deactivate] voxel=7874 span=1 sleep=6/8 waiting
[INFO] [Deactivate] voxel=7875 span=1 sleep=6/8 waiting
[INFO] [Deactivate] voxel=7876 span=1 sleep=6/8 waiting
[INFO] [Deactivate] voxel=7877 span=1 sleep=6/8 waiting
[INFO] [Deactivate] voxel=7878 span=1 sleep=6/8 waiting
[INFO] [Deactivate] voxel=7879 span=1 sleep=5/8 waiting
[INFO] [Deactivate] voxel=7880 span=1 sleep=5/8 waiting
[INFO] [Deactivate] voxel=7881 span=1 sleep=5/8 waiting
[INFO] [Deactivate] voxel=7892 span=1 sleep=5/8 waiting
[INFO] [Deactivate] voxel=7894 span=1 sleep=4/8 waiting
[INFO] [Deactivate] voxel=7895 span=1 sleep=4/8 waiting
[INFO] [Deactivate] voxel=7896 span=1 sleep=2/8 waiting
[INFO] [Deactivate] voxel=7897 span=1 sleep=2/8 waiting
[INFO] [Deactivate] voxel=7898 span=1 sleep=3/8 waiting
[INFO] [Deactivate] voxel=7899 span=1 sleep=4/8 waiting
[INFO] [Deactivate] voxel=7900 span=1 sleep=4/8 waiting
[INFO] [Deactivate] voxel=7902 span=1 sleep=4/8 waiting
[INFO] [RemoveVoxel] idx=7903 voxel_count_before=8028 moved_from=8027 voxel_count_after=8027
[INFO] [RestoreCluster] count=1 voxel_count before=8028 after_removal=8027 after_restore=8028 static_success=1
[INFO] [Deactivate] restored cluster starting=7903 count=1 remaining_budget_before=128
[INFO] [Deactivate] voxel=7903 span=1 sleep=1/8 waiting
[INFO] [Deactivate] voxel=7904 span=1 sleep=4/8 waiting
[INFO] [Deactivate] voxel=7905 span=1 sleep=4/8 waiting
[INFO] [Deactivate] voxel=7906 span=1 sleep=4/8 waiting
[INFO] [Deactivate] voxel=7907 span=1 sleep=4/8 waiting
[INFO] [Deactivate] voxel=7908 span=1 sleep=4/8 waiting
[INFO] [Deactivate] voxel=7909 span=1 sleep=4/8 waiting
[INFO] [Deactivate] voxel=7910 span=1 sleep=3/8 waiting
[INFO] [Deactivate] voxel=7911 span=1 sleep=4/8 waiting
[INFO] [Deactivate] voxel=7913 span=1 sleep=4/8 waiting
[INFO] [Deactivate] voxel=7916 span=1 sleep=3/8 waiting
[INFO] [Deactivate] voxel=7917 span=1 sleep=4/8 waiting
[INFO] [Deactivate] voxel=7918 span=1 sleep=4/8 waiting
[INFO] [Deactivate] voxel=7921 span=1 sleep=3/8 waiting
[INFO] [Deactivate] voxel=7985 span=1 sleep=6/8 waiting
[INFO] [Deactivate] voxel=7986 span=1 sleep=5/8 waiting
[INFO] [Deactivate] voxel=7987 span=1 sleep=5/8 waiting
[INFO] [Deactivate] voxel=7988 span=1 sleep=5/8 waiting
[INFO] [Deactivate] voxel=7989 span=1 sleep=6/8 waiting
[INFO] [Deactivate] voxel=7990 span=1 sleep=6/8 waiting
[INFO] [Deactivate] voxel=7991 span=1 sleep=6/8 waiting
[INFO] [Deactivate] voxel=7992 span=1 sleep=6/8 waiting
[INFO] [Deactivate] voxel=7993 span=1 sleep=6/8 waiting
[INFO] [Deactivate] voxel=7994 span=1 sleep=6/8 waiting
[INFO] [Deactivate] voxel=7995 span=1 sleep=6/8 waiting
[INFO] [Deactivate] voxel=7996 span=1 sleep=3/8 waiting
[INFO] [Deactivate] voxel=7997 span=1 sleep=3/8 waiting
[INFO] [Deactivate] voxel=7998 span=1 sleep=3/8 waiting
[INFO] [Deactivate] voxel=7999 span=1 sleep=3/8 waiting
[INFO] [Deactivate] voxel=8000 span=1 sleep=3/8 waiting
[INFO] [Deactivate] voxel=8001 span=1 sleep=3/8 waiting
[INFO] [Deactivate] voxel=8002 span=1 sleep=2/8 waiting
[INFO] [Deactivate] voxel=8003 span=1 sleep=2/8 waiting
[INFO] [Deactivate] voxel=8004 span=1 sleep=2/8 waiting
[INFO] [Deactivate] voxel=8005 span=1 sleep=2/8 waiting
[INFO] [Deactivate] voxel=8006 span=1 sleep=2/8 waiting
[INFO] [Deactivate] voxel=8007 span=1 sleep=2/8 waiting
[INFO] [Deactivate] voxel=8008 span=1 sleep=2/8 waiting
[INFO] [Deactivate] voxel=8009 span=1 sleep=2/8 waiting
[INFO] [Deactivate] voxel=8010 span=1 sleep=2/8 waiting
[INFO] [Deactivate] voxel=8011 span=1 sleep=2/8 waiting
[INFO] [Deactivate] voxel=8012 span=1 sleep=2/8 waiting
[INFO] [Deactivate] voxel=8013 span=1 sleep=2/8 waiting
[INFO] [Deactivate] voxel=8014 span=1 sleep=1/8 waiting
[INFO] [Deactivate] voxel=8015 span=1 sleep=1/8 waiting
[INFO] [Deactivate] voxel=8016 span=1 sleep=1/8 waiting
[INFO] [Deactivate] voxel=8017 span=1 sleep=1/8 waiting
[INFO] [Deactivate] voxel=8018 span=1 sleep=1/8 waiting
[INFO] [Deactivate] voxel=8019 span=1 sleep=1/8 waiting
[INFO] [Deactivate] voxel=8020 span=1 sleep=1/8 waiting
[INFO] [Deactivate] voxel=8021 span=1 sleep=1/8 waiting
[INFO] [Deactivate] voxel=8022 span=1 sleep=1/8 waiting
[INFO] [Deactivate] voxel=8023 span=1 sleep=1/8 waiting
[INFO] [Deactivate] voxel=8024 span=1 sleep=1/8 waiting
[INFO] [Deactivate] voxel=8025 span=1 sleep=1/8 waiting
[INFO] [Deactivate] voxel=8026 span=1 sleep=1/8 waiting
[INFO] VAO: [ID 46] Unloaded vertex array data from VRAM (GPU)
[INFO] VAO: [ID 47] Mesh uploaded successfully to VRAM (GPU)
[INFO] [RemoveVoxel] idx=7859 voxel_count_before=8028 moved_from=8027 voxel_count_after=8027
[INFO] [RemoveVoxel] idx=7855 voxel_count_before=8027 moved_from=8026 voxel_count_after=8026
[INFO] [RemoveVoxel] idx=7842 voxel_count_before=8026 moved_from=8025 voxel_count_after=8025
[INFO] [RemoveVoxel] idx=7838 voxel_count_before=8025 moved_from=8024 voxel_count_after=8024
[INFO] [Multiscale] Emit span=1 grid=(5..5,5..5,0..0) pos=(2.75,2.75,0.25)
[INFO] [Multiscale] Emit span=1 grid=(5..5,4..4,1..1) pos=(2.75,2.25,0.75)
[INFO] [Multiscale] Emit span=1 grid=(5..5,5..5,1..1) pos=(2.75,2.75,0.75)
[INFO] [Multiscale] Emit span=1 grid=(5..5,4..4,2..2) pos=(2.75,2.25,1.25)
[INFO] [Multiscale] Converted 4 unit voxels into 4 span clusters
[INFO] [Activation] static->dynamic units=4 spawned=4 base=8024 after=8028
[INFO] [Deactivate] voxel=6934 span=1 sleep=7/8 waiting
[INFO] [Deactivate] voxel=6945 span=1 sleep=7/8 waiting
[INFO] [Deactivate] voxel=6946 span=1 sleep=7/8 waiting
[INFO] [Deactivate] voxel=6947 span=1 sleep=4/8 waiting
[INFO] [Deactivate] voxel=6951 span=1 sleep=7/8 waiting
[INFO] [Deactivate] voxel=6952 span=1 sleep=7/8 waiting
[INFO] [Deactivate] voxel=6953 span=1 sleep=7/8 waiting
[INFO] [Deactivate] voxel=6957 span=1 sleep=3/8 waiting
[INFO] [Deactivate] voxel=6958 span=1 sleep=3/8 waiting
[INFO] [Deactivate] voxel=6964 span=1 sleep=4/8 waiting
[INFO] [Deactivate] voxel=6966 span=1 sleep=3/8 waiting
[INFO] [Deactivate] voxel=6970 span=1 sleep=7/8 waiting
[INFO] [Deactivate] voxel=6974 span=1 sleep=6/8 waiting
[INFO] [Deactivate] voxel=6976 span=1 sleep=6/8 waiting
[INFO] [Deactivate] voxel=6979 span=1 sleep=6/8 waiting
[INFO] [Deactivate] voxel=6980 span=1 sleep=7/8 waiting
[INFO] [Deactivate] voxel=6981 span=1 sleep=4/8 waiting
[INFO] [Deactivate] voxel=6982 span=1 sleep=6/8 waiting
[INFO] [Deactivate] voxel=6983 span=1 sleep=7/8 waiting
[INFO] [Deactivate] voxel=6986 span=1 sleep=7/8 waiting
[INFO] [Deactivate] voxel=6987 span=1 sleep=6/8 waiting
[INFO] [Deactivate] voxel=6988 span=1 sleep=6/8 waiting
[INFO] [Deactivate] voxel=6989 span=1 sleep=6/8 waiting
[INFO] [Deactivate] voxel=6990 span=1 sleep=7/8 waiting
[INFO] [Deactivate] voxel=6991 span=1 sleep=7/8 waiting
[INFO] [Deactivate] voxel=6992 span=1 sleep=7/8 waiting
[INFO] [Deactivate] voxel=6993 span=1 sleep=4/8 waiting
[INFO] [Deactivate] voxel=6995 span=1 sleep=6/8 waiting
[INFO] [Deactivate] voxel=7014 span=1 sleep=6/8 waiting
[INFO] [Deactivate] voxel=7015 span=1 sleep=5/8 waiting
[INFO] [Deactivate] voxel=7018 span=1 sleep=4/8 waiting
[INFO] [Deactivate] voxel=7019 span=1 sleep=5/8 waiting
[INFO] [Deactivate] voxel=7023 span=1 sleep=4/8 waiting
[INFO] [Deactivate] voxel=7024 span=1 sleep=4/8 waiting
[INFO] [Deactivate] voxel=7028 span=1 sleep=7/8 waiting
[INFO] [Deactivate] voxel=7029 span=1 sleep=7/8 waiting
[INFO] [Deactivate] voxel=7032 span=1 sleep=7/8 waiting
[INFO] [Deactivate] voxel=7033 span=1 sleep=6/8 waiting
[INFO] [Deactivate] voxel=7035 span=1 sleep=7/8 waiting
[INFO] [Deactivate] voxel=7038 span=1 sleep=4/8 waiting
[INFO] [Support] no-static-connection pos=(4.18,6.28,0.60) bounds=(8..8,12..12,1..1)
[INFO] [Deactivate] cluster_support=false count=1 checked=1 invalid=0 reason=no-static-connection
[INFO] [Deactivate] voxel=7041 cluster=1 lacks static support
[INFO] [Deactivate] voxel=7042 span=1 sleep=6/8 waiting
[INFO] [Deactivate] voxel=7043 span=1 sleep=6/8 waiting
[INFO] [Deactivate] voxel=7049 span=1 sleep=3/8 waiting
[INFO] [Deactivate] voxel=7061 span=1 sleep=3/8 waiting
[INFO] [Deactivate] voxel=7062 span=1 sleep=5/8 waiting
[INFO] [Deactivate] voxel=7063 span=1 sleep=6/8 waiting
[INFO] [Deactivate] voxel=7067 span=1 sleep=4/8 waiting
[INFO] [Deactivate] voxel=7070 span=1 sleep=6/8 waiting
[INFO] [Deactivate] voxel=7073 span=1 sleep=5/8 waiting
[INFO] [Deactivate] voxel=7077 span=1 sleep=6/8 waiting
[INFO] [Deactivate] voxel=7078 span=1 sleep=6/8 waiting
[INFO] [Deactivate] voxel=7079 span=1 sleep=7/8 waiting
[INFO] [Deactivate] voxel=7104 span=1 sleep=3/8 waiting
[INFO] [Support] no-static-connection pos=(-11.50,14.77,6.05) bounds=(-23..-23,29..29,12..12)
[INFO] [Deactivate] cluster_support=false count=1 checked=1 invalid=0 reason=no-static-connection
[INFO] [Deactivate] voxel=7107 cluster=1 lacks static support
[INFO] [Deactivate] voxel=7108 span=1 sleep=5/8 waiting
[INFO] [Deactivate] voxel=7736 span=1 sleep=5/8 waiting
[INFO] [Deactivate] voxel=7739 span=1 sleep=4/8 waiting
[INFO] [Deactivate] voxel=7776 span=1 sleep=5/8 waiting
[INFO] [Support] no-static-connection pos=(-0.29,6.63,6.21) bounds=(-1..-1,13..13,12..12)
[INFO] [Deactivate] cluster_support=false count=1 checked=1 invalid=0 reason=no-static-connection
[INFO] [Deactivate] voxel=7778 cluster=1 lacks static support
[INFO] [Deactivate] voxel=7787 span=1 sleep=5/8 waiting
[INFO] [Deactivate] voxel=7790 span=1 sleep=4/8 waiting
[INFO] [Deactivate] voxel=7794 span=1 sleep=5/8 waiting
[INFO] [Deactivate] voxel=7797 span=1 sleep=5/8 waiting
[INFO] [Deactivate] voxel=7800 span=1 sleep=4/8 waiting
[INFO] [Deactivate] voxel=7812 span=1 sleep=5/8 waiting
[INFO] [Deactivate] voxel=7814 span=1 sleep=4/8 waiting
[INFO] [Deactivate] voxel=7815 span=1 sleep=3/8 waiting
[INFO] [Deactivate] voxel=7816 span=1 sleep=3/8 waiting
[INFO] [Deactivate] voxel=7817 span=1 sleep=6/8 waiting
[INFO] [Deactivate] voxel=7818 span=1 sleep=4/8 waiting
[INFO] [Deactivate] voxel=7823 span=1 sleep=4/8 waiting
[INFO] [Deactivate] voxel=7829 span=1 sleep=3/8 waiting
[INFO] [Deactivate] voxel=7832 span=1 sleep=4/8 waiting
[INFO] [Deactivate] voxel=7833 span=1 sleep=4/8 waiting
[INFO] [Deactivate] voxel=7834 span=1 sleep=4/8 waiting
[INFO] [Deactivate] voxel=7837 span=1 sleep=3/8 waiting
[INFO] [Deactivate] voxel=7838 span=1 sleep=2/8 waiting
[INFO] [Deactivate] voxel=7839 span=1 sleep=4/8 waiting
[INFO] [Deactivate] voxel=7840 span=1 sleep=4/8 waiting
[INFO] [Deactivate] voxel=7841 span=1 sleep=3/8 waiting
[INFO] [Deactivate] voxel=7842 span=1 sleep=2/8 waiting
[INFO] [Deactivate] voxel=7843 span=1 sleep=4/8 waiting
[INFO] [Deactivate] voxel=7844 span=1 sleep=4/8 waiting
[INFO] [Deactivate] voxel=7852 span=1 sleep=7/8 waiting
[INFO] [Deactivate] voxel=7854 span=1 sleep=3/8 waiting
[INFO] [Deactivate] voxel=7855 span=1 sleep=2/8 waiting
[INFO] [Deactivate] voxel=7856 span=1 sleep=4/8 waiting
[INFO] [Deactivate] voxel=7857 span=1 sleep=7/8 waiting
[INFO] [Deactivate] voxel=7858 span=1 sleep=7/8 waiting
[INFO] [Deactivate] voxel=7860 span=2 sleep=7/8 waiting
[INFO] [Deactivate] voxel=7861 span=1 sleep=7/8 waiting
[INFO] [Deactivate] voxel=7868 span=1 sleep=4/8 waiting
[INFO] [Deactivate] voxel=7872 span=1 sleep=7/8 waiting
[INFO] [Deactivate] voxel=7874 span=1 sleep=7/8 waiting
[INFO] [Deactivate] voxel=7875 span=1 sleep=7/8 waiting
[INFO] [Deactivate] voxel=7876 span=1 sleep=7/8 waiting
[INFO] [Deactivate] voxel=7877 span=1 sleep=7/8 waiting
[INFO] [Deactivate] voxel=7878 span=1 sleep=7/8 waiting
[INFO] [Deactivate] voxel=7879 span=1 sleep=6/8 waiting
[INFO] [Deactivate] voxel=7880 span=1 sleep=6/8 waiting
[INFO] [Deactivate] voxel=7881 span=1 sleep=6/8 waiting
[INFO] [Deactivate] voxel=7892 span=1 sleep=6/8 waiting
[INFO] [Deactivate] voxel=7894 span=1 sleep=5/8 waiting
[INFO] [Deactivate] voxel=7895 span=1 sleep=5/8 waiting
[INFO] [Deactivate] voxel=7896 span=1 sleep=3/8 waiting
[INFO] [Deactivate] voxel=7897 span=1 sleep=3/8 waiting
[INFO] [Deactivate] voxel=7898 span=1 sleep=4/8 waiting
[INFO] [Deactivate] voxel=7899 span=1 sleep=5/8 waiting
[INFO] [Deactivate] voxel=7900 span=1 sleep=5/8 waiting
[INFO] [Deactivate] voxel=7902 span=1 sleep=5/8 waiting
[INFO] [Deactivate] voxel=7903 span=1 sleep=2/8 waiting
[INFO] [Deactivate] voxel=7904 span=1 sleep=5/8 waiting
[INFO] [Deactivate] voxel=7905 span=1 sleep=5/8 waiting
[INFO] [Deactivate] voxel=7906 span=1 sleep=5/8 waiting
[INFO] [Deactivate] voxel=7907 span=1 sleep=5/8 waiting
[INFO] [Deactivate] voxel=7908 span=1 sleep=5/8 waiting
[INFO] [Deactivate] voxel=7909 span=1 sleep=5/8 waiting
[INFO] [Deactivate] voxel=7910 span=1 sleep=4/8 waiting
[INFO] [Deactivate] voxel=7911 span=1 sleep=5/8 waiting
[INFO] [Deactivate] voxel=7913 span=1 sleep=5/8 waiting
[INFO] [Deactivate] voxel=7916 span=1 sleep=4/8 waiting
[INFO] [Deactivate] voxel=7917 span=1 sleep=5/8 waiting
[INFO] [Deactivate] voxel=7918 span=1 sleep=5/8 waiting
[INFO] [Deactivate] voxel=7921 span=1 sleep=4/8 waiting
[INFO] [Deactivate] voxel=7985 span=1 sleep=7/8 waiting
[INFO] [Deactivate] voxel=7986 span=1 sleep=6/8 waiting
[INFO] [Deactivate] voxel=7987 span=1 sleep=6/8 waiting
[INFO] [Deactivate] voxel=7988 span=1 sleep=6/8 waiting
[INFO] [Deactivate] voxel=7989 span=1 sleep=7/8 waiting
[INFO] [Deactivate] voxel=7990 span=1 sleep=7/8 waiting
[INFO] [Deactivate] voxel=7991 span=1 sleep=7/8 waiting
[INFO] [Deactivate] voxel=7992 span=1 sleep=7/8 waiting
[INFO] [Deactivate] voxel=7993 span=1 sleep=7/8 waiting
[INFO] [Deactivate] voxel=7994 span=1 sleep=7/8 waiting
[INFO] [Deactivate] voxel=7995 span=1 sleep=7/8 waiting
[INFO] [Deactivate] voxel=7996 span=1 sleep=4/8 waiting
[INFO] [Deactivate] voxel=7997 span=1 sleep=4/8 waiting
[INFO] [Deactivate] voxel=7998 span=1 sleep=4/8 waiting
[INFO] [Deactivate] voxel=7999 span=1 sleep=4/8 waiting
[INFO] [Deactivate] voxel=8000 span=1 sleep=4/8 waiting
[INFO] [Deactivate] voxel=8001 span=1 sleep=4/8 waiting
[INFO] [Deactivate] voxel=8002 span=1 sleep=3/8 waiting
[INFO] [Deactivate] voxel=8003 span=1 sleep=3/8 waiting
[INFO] [Deactivate] voxel=8004 span=1 sleep=3/8 waiting
[INFO] [Deactivate] voxel=8005 span=1 sleep=3/8 waiting
[INFO] [Deactivate] voxel=8006 span=1 sleep=3/8 waiting
[INFO] [Deactivate] voxel=8007 span=1 sleep=3/8 waiting
[INFO] [Deactivate] voxel=8008 span=1 sleep=3/8 waiting
[INFO] [Deactivate] voxel=8009 span=1 sleep=3/8 waiting
[INFO] [Deactivate] voxel=8010 span=1 sleep=3/8 waiting
[INFO] [Deactivate] voxel=8011 span=1 sleep=3/8 waiting
[INFO] [Deactivate] voxel=8012 span=1 sleep=3/8 waiting
[INFO] [Deactivate] voxel=8013 span=1 sleep=3/8 waiting
[INFO] [Deactivate] voxel=8014 span=1 sleep=2/8 waiting
[INFO] [Deactivate] voxel=8015 span=1 sleep=2/8 waiting
[INFO] [Deactivate] voxel=8016 span=1 sleep=2/8 waiting
[INFO] [Deactivate] voxel=8017 span=1 sleep=2/8 waiting
[INFO] [Deactivate] voxel=8018 span=1 sleep=2/8 waiting
[INFO] [Deactivate] voxel=8019 span=1 sleep=2/8 waiting
[INFO] [Deactivate] voxel=8020 span=1 sleep=2/8 waiting
[INFO] [Deactivate] voxel=8021 span=1 sleep=2/8 waiting
[INFO] [Deactivate] voxel=8022 span=1 sleep=2/8 waiting
[INFO] [Deactivate] voxel=8023 span=1 sleep=2/8 waiting
[INFO] [Deactivate] voxel=8024 span=1 sleep=1/8 waiting
[INFO] [Deactivate] voxel=8025 span=1 sleep=1/8 waiting
[INFO] [Deactivate] voxel=8026 span=1 sleep=1/8 waiting
[INFO] [Deactivate] voxel=8027 span=1 sleep=1/8 waiting
[INFO] VAO: [ID 47] Unloaded vertex array data from VRAM (GPU)
[INFO] VAO: [ID 48] Mesh uploaded successfully to VRAM (GPU)
[INFO] [Deactivate] voxel=6934 cluster_ready=false fail_idx=7063 sleep=7 reason=insufficient-sleep
[INFO] [Deactivate] voxel=6945 span=1 sleep=7/8 waiting
[INFO] [Deactivate] voxel=6946 span=1 sleep=7/8 waiting
[INFO] [Deactivate] voxel=6947 span=1 sleep=5/8 waiting
[INFO] [Deactivate] voxel=6951 span=1 sleep=7/8 waiting
[INFO] [Deactivate] voxel=6952 span=1 sleep=7/8 waiting
[INFO] [Deactivate] voxel=6953 span=1 sleep=7/8 waiting
[INFO] [Deactivate] voxel=6957 span=1 sleep=4/8 waiting
[INFO] [Deactivate] voxel=6958 span=1 sleep=4/8 waiting
[INFO] [Deactivate] voxel=6964 span=1 sleep=5/8 waiting
[INFO] [Deactivate] voxel=6966 span=1 sleep=4/8 waiting
[INFO] [Deactivate] voxel=6970 span=1 sleep=7/8 waiting
[INFO] [Deactivate] voxel=6974 span=1 sleep=7/8 waiting
[INFO] [Deactivate] voxel=6976 span=1 sleep=7/8 waiting
[INFO] [Deactivate] voxel=6979 span=1 sleep=7/8 waiting
[INFO] [Deactivate] voxel=6980 span=1 sleep=7/8 waiting
[INFO] [Deactivate] voxel=6981 span=1 sleep=5/8 waiting
[INFO] [Deactivate] voxel=6982 span=1 sleep=7/8 waiting
[INFO] [Deactivate] voxel=6983 span=1 sleep=7/8 waiting
[INFO] [Deactivate] voxel=6986 span=1 sleep=7/8 waiting
[INFO] [Deactivate] voxel=6987 span=1 sleep=7/8 waiting
[INFO] [Deactivate] voxel=6988 span=1 sleep=7/8 waiting
[INFO] [Deactivate] voxel=6989 span=1 sleep=7/8 waiting
[INFO] [Deactivate] voxel=6990 span=1 sleep=7/8 waiting
[INFO] [Deactivate] voxel=6991 span=1 sleep=7/8 waiting
[INFO] [Deactivate] voxel=6992 span=1 sleep=7/8 waiting
[INFO] [Deactivate] voxel=6993 span=1 sleep=5/8 waiting
[INFO] [Deactivate] voxel=6995 span=1 sleep=7/8 waiting
[INFO] [Deactivate] voxel=7014 span=1 sleep=7/8 waiting
[INFO] [Deactivate] voxel=7015 span=1 sleep=6/8 waiting
[INFO] [Deactivate] voxel=7018 span=1 sleep=5/8 waiting
[INFO] [Deactivate] voxel=7019 span=1 sleep=6/8 waiting
[INFO] [Deactivate] voxel=7023 span=1 sleep=5/8 waiting
[INFO] [Deactivate] voxel=7024 span=1 sleep=5/8 waiting
[INFO] [Deactivate] voxel=7028 span=1 sleep=7/8 waiting
[INFO] [Deactivate] voxel=7029 span=1 sleep=7/8 waiting
[INFO] [Deactivate] voxel=7032 span=1 sleep=7/8 waiting
[INFO] [Deactivate] voxel=7033 span=1 sleep=7/8 waiting
[INFO] [Deactivate] voxel=7035 span=1 sleep=7/8 waiting
[INFO] [Deactivate] voxel=7038 span=1 sleep=5/8 waiting
[INFO] [Support] no-static-connection pos=(4.43,5.86,0.42) bounds=(8..8,11..11,0..0)
[INFO] [Deactivate] cluster_support=false count=1 checked=1 invalid=0 reason=no-static-connection
[INFO] [Deactivate] voxel=7041 cluster=1 lacks static support
[INFO] [Deactivate] voxel=7042 span=1 sleep=7/8 waiting
[INFO] [Deactivate] voxel=7043 span=1 sleep=7/8 waiting
[INFO] [Deactivate] voxel=7049 span=1 sleep=4/8 waiting
[INFO] [Deactivate] voxel=7061 span=1 sleep=4/8 waiting
[INFO] [Deactivate] voxel=7062 span=1 sleep=6/8 waiting
[INFO] [Deactivate] voxel=7063 span=1 sleep=7/8 waiting
[INFO] [Deactivate] voxel=7067 span=1 sleep=5/8 waiting
[INFO] [Deactivate] voxel=7070 span=1 sleep=7/8 waiting
[INFO] [Deactivate] voxel=7073 span=1 sleep=6/8 waiting
[INFO] [Deactivate] voxel=7077 span=1 sleep=7/8 waiting
[INFO] [Deactivate] voxel=7078 span=1 sleep=7/8 waiting
[INFO] [Deactivate] voxel=7079 span=1 sleep=7/8 waiting
[INFO] [Deactivate] voxel=7104 span=1 sleep=4/8 waiting
[INFO] [Support] no-static-connection pos=(-12.11,14.31,5.08) bounds=(-25..-25,28..28,10..10)
[INFO] [Deactivate] cluster_support=false count=1 checked=1 invalid=0 reason=no-static-connection
[INFO] [Deactivate] voxel=7107 cluster=1 lacks static support
[INFO] [Deactivate] voxel=7108 span=1 sleep=6/8 waiting
[INFO] [Deactivate] voxel=7736 span=1 sleep=6/8 waiting
[INFO] [Deactivate] voxel=7739 span=1 sleep=5/8 waiting
[INFO] [Deactivate] voxel=7776 span=1 sleep=6/8 waiting
[INFO] [Support] no-static-connection pos=(-0.60,6.45,6.68) bounds=(-2..-2,12..12,13..13)
[INFO] [Deactivate] cluster_support=false count=1 checked=1 invalid=0 reason=no-static-connection
[INFO] [Deactivate] voxel=7778 cluster=1 lacks static support
[INFO] [Deactivate] voxel=7787 span=1 sleep=6/8 waiting
[INFO] [Deactivate] voxel=7790 span=1 sleep=5/8 waiting
[INFO] [Deactivate] voxel=7794 span=1 sleep=6/8 waiting
[INFO] [Deactivate] voxel=7797 span=1 sleep=6/8 waiting
[INFO] [Deactivate] voxel=7800 span=1 sleep=5/8 waiting
[INFO] [Deactivate] voxel=7812 span=1 sleep=6/8 waiting
[INFO] [Deactivate] voxel=7814 span=1 sleep=5/8 waiting
[INFO] [Deactivate] voxel=7815 span=1 sleep=4/8 waiting
[INFO] [Deactivate] voxel=7816 span=1 sleep=4/8 waiting
[INFO] [Deactivate] voxel=7817 span=1 sleep=7/8 waiting
[INFO] [Deactivate] voxel=7818 span=1 sleep=5/8 waiting
[INFO] [Deactivate] voxel=7823 span=1 sleep=5/8 waiting
[INFO] [Deactivate] voxel=7829 span=1 sleep=4/8 waiting
[INFO] [Deactivate] voxel=7832 span=1 sleep=5/8 waiting
[INFO] [Deactivate] voxel=7833 span=1 sleep=5/8 waiting
[INFO] [Deactivate] voxel=7834 span=1 sleep=5/8 waiting
[INFO] [Deactivate] voxel=7837 span=1 sleep=4/8 waiting
[INFO] [Deactivate] voxel=7838 span=1 sleep=3/8 waiting
[INFO] [Deactivate] voxel=7839 span=1 sleep=5/8 waiting
[INFO] [Deactivate] voxel=7840 span=1 sleep=5/8 waiting
[INFO] [Deactivate] voxel=7841 span=1 sleep=4/8 waiting
[INFO] [Deactivate] voxel=7842 span=1 sleep=3/8 waiting
[INFO] [Deactivate] voxel=7843 span=1 sleep=5/8 waiting
[INFO] [Deactivate] voxel=7844 span=1 sleep=5/8 waiting
[INFO] [Deactivate] voxel=7852 span=1 sleep=7/8 waiting
[INFO] [Deactivate] voxel=7854 span=1 sleep=4/8 waiting
[INFO] [Deactivate] voxel=7855 span=1 sleep=3/8 waiting
[INFO] [Deactivate] voxel=7856 span=1 sleep=5/8 waiting
[INFO] [Deactivate] voxel=7857 span=1 sleep=7/8 waiting
[INFO] [Deactivate] voxel=7858 span=1 sleep=7/8 waiting
[INFO] [Deactivate] voxel=7860 span=2 sleep=7/8 waiting
[INFO] [Deactivate] voxel=7861 span=1 sleep=7/8 waiting
[INFO] [Deactivate] voxel=7868 span=1 sleep=5/8 waiting
[INFO] [Deactivate] voxel=7872 span=1 sleep=7/8 waiting
[INFO] [Deactivate] voxel=7874 span=1 sleep=7/8 waiting
[INFO] [Deactivate] voxel=7875 span=1 sleep=7/8 waiting
[INFO] [Deactivate] voxel=7876 span=1 sleep=7/8 waiting
[INFO] [Deactivate] voxel=7877 span=1 sleep=7/8 waiting
[INFO] [Deactivate] voxel=7878 span=1 sleep=7/8 waiting
[INFO] [Deactivate] voxel=7879 span=1 sleep=7/8 waiting
[INFO] [Deactivate] voxel=7880 span=1 sleep=7/8 waiting
[INFO] [Deactivate] voxel=7881 span=1 sleep=7/8 waiting
[INFO] [Deactivate] voxel=7892 span=1 sleep=7/8 waiting
[INFO] [Deactivate] voxel=7894 span=1 sleep=6/8 waiting
[INFO] [Deactivate] voxel=7895 span=1 sleep=6/8 waiting
[INFO] [Deactivate] voxel=7896 span=1 sleep=4/8 waiting
[INFO] [Deactivate] voxel=7897 span=1 sleep=4/8 waiting
[INFO] [Deactivate] voxel=7898 span=1 sleep=5/8 waiting
[INFO] [Deactivate] voxel=7899 span=1 sleep=6/8 waiting
[INFO] [Deactivate] voxel=7900 span=1 sleep=6/8 waiting
[INFO] [Deactivate] voxel=7902 span=1 sleep=6/8 waiting
[INFO] [Deactivate] voxel=7903 span=1 sleep=3/8 waiting
[INFO] [Deactivate] voxel=7904 span=1 sleep=6/8 waiting
[INFO] [Deactivate] voxel=7905 span=1 sleep=6/8 waiting
[INFO] [Deactivate] voxel=7906 span=1 sleep=6/8 waiting
[INFO] [Deactivate] voxel=7907 span=1 sleep=6/8 waiting
[INFO] [Deactivate] voxel=7908 span=1 sleep=6/8 waiting
[INFO] [Deactivate] voxel=7909 span=1 sleep=6/8 waiting
[INFO] [Deactivate] voxel=7910 span=1 sleep=5/8 waiting
[INFO] [Deactivate] voxel=7911 span=1 sleep=6/8 waiting
[INFO] [Deactivate] voxel=7913 span=1 sleep=6/8 waiting
[INFO] [Deactivate] voxel=7916 span=1 sleep=5/8 waiting
[INFO] [Deactivate] voxel=7917 span=1 sleep=6/8 waiting
[INFO] [Deactivate] voxel=7918 span=1 sleep=6/8 waiting
[INFO] [Deactivate] voxel=7921 span=1 sleep=5/8 waiting
[INFO] [Deactivate] voxel=7985 span=1 sleep=7/8 waiting
[INFO] [Deactivate] voxel=7986 span=1 sleep=7/8 waiting
[INFO] [Deactivate] voxel=7987 span=1 sleep=7/8 waiting
[INFO] [Deactivate] voxel=7988 span=1 sleep=7/8 waiting
[INFO] [Deactivate] voxel=7989 span=1 sleep=7/8 waiting
[INFO] [Deactivate] voxel=7990 span=1 sleep=7/8 waiting
[INFO] [Deactivate] voxel=7991 span=1 sleep=7/8 waiting
[INFO] [Deactivate] voxel=7992 span=1 sleep=7/8 waiting
[INFO] [Deactivate] voxel=7993 span=1 sleep=7/8 waiting
[INFO] [Deactivate] voxel=7994 span=1 sleep=7/8 waiting
[INFO] [Deactivate] voxel=7995 span=1 sleep=7/8 waiting
[INFO] [Deactivate] voxel=7996 span=1 sleep=5/8 waiting
[INFO] [Deactivate] voxel=7997 span=1 sleep=5/8 waiting
[INFO] [Deactivate] voxel=7998 span=1 sleep=5/8 waiting
[INFO] [Deactivate] voxel=7999 span=1 sleep=5/8 waiting
[INFO] [Deactivate] voxel=8000 span=1 sleep=5/8 waiting
[INFO] [Deactivate] voxel=8001 span=1 sleep=5/8 waiting
[INFO] [Deactivate] voxel=8002 span=1 sleep=4/8 waiting
[INFO] [Deactivate] voxel=8003 span=1 sleep=4/8 waiting
[INFO] [Deactivate] voxel=8004 span=1 sleep=4/8 waiting
[INFO] [Deactivate] voxel=8005 span=1 sleep=4/8 waiting
[INFO] [Deactivate] voxel=8006 span=1 sleep=4/8 waiting
[INFO] [Deactivate] voxel=8007 span=1 sleep=4/8 waiting
[INFO] [Deactivate] voxel=8008 span=1 sleep=4/8 waiting
[INFO] [Deactivate] voxel=8009 span=1 sleep=4/8 waiting
[INFO] [Deactivate] voxel=8010 span=1 sleep=4/8 waiting
[INFO] [Deactivate] voxel=8011 span=1 sleep=4/8 waiting
[INFO] [Deactivate] voxel=8012 span=1 sleep=4/8 waiting
[INFO] [Deactivate] voxel=8013 span=1 sleep=4/8 waiting
[INFO] [Deactivate] voxel=8014 span=1 sleep=3/8 waiting
[INFO] [Deactivate] voxel=8015 span=1 sleep=3/8 waiting
[INFO] [Deactivate] voxel=8016 span=1 sleep=3/8 waiting
[INFO] [Deactivate] voxel=8017 span=1 sleep=3/8 waiting
[INFO] [Deactivate] voxel=8018 span=1 sleep=3/8 waiting
[INFO] [Deactivate] voxel=8019 span=1 sleep=3/8 waiting
[INFO] [Deactivate] voxel=8020 span=1 sleep=3/8 waiting
[INFO] [Deactivate] voxel=8021 span=1 sleep=3/8 waiting
[INFO] [Deactivate] voxel=8022 span=1 sleep=3/8 waiting
[INFO] [Deactivate] voxel=8023 span=1 sleep=3/8 waiting
[INFO] [Deactivate] voxel=8024 span=1 sleep=2/8 waiting
[INFO] [Deactivate] voxel=8025 span=1 sleep=2/8 waiting
[INFO] [Deactivate] voxel=8026 span=1 sleep=2/8 waiting
[INFO] [Deactivate] voxel=8027 span=1 sleep=2/8 waiting
[INFO] [Deactivate] voxel=6934 cluster_ready=false fail_idx=7900 sleep=7 reason=insufficient-sleep
[INFO] [Deactivate] voxel=6945 span=1 sleep=7/8 waiting
[INFO] [Deactivate] voxel=6946 span=1 sleep=7/8 waiting
[INFO] [Deactivate] voxel=6947 span=1 sleep=6/8 waiting
[INFO] [Deactivate] voxel=6951 span=1 sleep=7/8 waiting
[INFO] [Deactivate] voxel=6952 span=1 sleep=7/8 waiting
[INFO] [Deactivate] voxel=6953 span=1 sleep=7/8 waiting
[INFO] [Deactivate] voxel=6957 span=1 sleep=5/8 waiting
[INFO] [Deactivate] voxel=6958 span=1 sleep=5/8 waiting
[INFO] [Deactivate] voxel=6964 span=1 sleep=6/8 waiting
[INFO] [Deactivate] voxel=6966 span=1 sleep=5/8 waiting
[INFO] [Deactivate] voxel=6970 span=1 sleep=7/8 waiting
[INFO] [Deactivate] voxel=6974 span=1 sleep=7/8 waiting
[INFO] [Deactivate] voxel=6976 span=1 sleep=7/8 waiting
[INFO] [Deactivate] voxel=6979 span=1 sleep=7/8 waiting
[INFO] [Deactivate] voxel=6980 span=1 sleep=7/8 waiting
[INFO] [Deactivate] voxel=6981 span=1 sleep=6/8 waiting
[INFO] [Deactivate] voxel=6982 span=1 sleep=7/8 waiting
[INFO] [Deactivate] voxel=6983 span=1 sleep=7/8 waiting
[INFO] [Deactivate] voxel=6986 span=1 sleep=7/8 waiting
[INFO] [Deactivate] voxel=6987 span=1 sleep=7/8 waiting
[INFO] [Deactivate] voxel=6988 span=1 sleep=7/8 waiting
[INFO] [Deactivate] voxel=6989 span=1 sleep=7/8 waiting
[INFO] [Deactivate] voxel=6990 span=1 sleep=7/8 waiting
[INFO] [Deactivate] voxel=6991 span=1 sleep=7/8 waiting
[INFO] [Deactivate] voxel=6992 span=1 sleep=7/8 waiting
[INFO] [Deactivate] voxel=6993 span=1 sleep=6/8 waiting
[INFO] [Deactivate] voxel=6995 span=1 sleep=7/8 waiting
[INFO] [Deactivate] voxel=7014 span=1 sleep=7/8 waiting
[INFO] [Deactivate] voxel=7015 span=1 sleep=7/8 waiting
[INFO] [Deactivate] voxel=7018 span=1 sleep=6/8 waiting
[INFO] [Deactivate] voxel=7019 span=1 sleep=7/8 waiting
[INFO] [Deactivate] voxel=7023 span=1 sleep=6/8 waiting
[INFO] [Deactivate] voxel=7024 span=1 sleep=6/8 waiting
[INFO] [Deactivate] voxel=7028 span=1 sleep=7/8 waiting
[INFO] [Deactivate] voxel=7029 span=1 sleep=7/8 waiting
[INFO] [Deactivate] voxel=7032 span=1 sleep=7/8 waiting
[INFO] [Deactivate] voxel=7033 span=1 sleep=7/8 waiting
[INFO] [Deactivate] voxel=7035 span=1 sleep=7/8 waiting
[INFO] [Deactivate] voxel=7038 span=1 sleep=6/8 waiting
[INFO] [Support] no-static-connection pos=(4.67,5.38,0.24) bounds=(9..9,10..10,0..0)
[INFO] [Deactivate] cluster_support=false count=1 checked=1 invalid=0 reason=no-static-connection
[INFO] [Deactivate] voxel=7041 cluster=1 lacks static support
[INFO] [Deactivate] voxel=7042 span=1 sleep=7/8 waiting
[INFO] [Deactivate] voxel=7043 span=1 sleep=7/8 waiting
[INFO] [Deactivate] voxel=7049 span=1 sleep=5/8 waiting
[INFO] [Deactivate] voxel=7061 span=1 sleep=5/8 waiting
[INFO] [Deactivate] voxel=7062 span=1 sleep=7/8 waiting
[INFO] [Deactivate] voxel=7063 span=1 sleep=7/8 waiting
[INFO] [Deactivate] voxel=7067 span=1 sleep=6/8 waiting
[INFO] [Deactivate] voxel=7070 span=1 sleep=7/8 waiting
[INFO] [Deactivate] voxel=7073 span=1 sleep=7/8 waiting
[INFO] [Deactivate] voxel=7077 span=1 sleep=7/8 waiting
[INFO] [Deactivate] voxel=7078 span=1 sleep=7/8 waiting
[INFO] [Deactivate] voxel=7079 span=1 sleep=7/8 waiting
[INFO] [Deactivate] voxel=7104 span=1 sleep=5/8 waiting
[INFO] [Support] no-static-connection pos=(-12.67,13.80,4.20) bounds=(-26..-26,27..27,8..8)
[INFO] [Deactivate] cluster_support=false count=1 checked=1 invalid=0 reason=no-static-connection
[INFO] [Deactivate] voxel=7107 cluster=1 lacks static support
[INFO] [Deactivate] voxel=7108 span=1 sleep=7/8 waiting
[INFO] [Deactivate] voxel=7736 span=1 sleep=7/8 waiting
[INFO] [Deactivate] voxel=7739 span=1 sleep=6/8 waiting
[INFO] [Deactivate] voxel=7776 span=1 sleep=7/8 waiting
[INFO] [Support] no-static-connection pos=(-0.87,6.19,7.11) bounds=(-2..-2,12..12,14..14)
[INFO] [Deactivate] cluster_support=false count=1 checked=1 invalid=0 reason=no-static-connection
[INFO] [Deactivate] voxel=7778 cluster=1 lacks static support
[INFO] [Deactivate] voxel=7787 span=1 sleep=7/8 waiting
[INFO] [Deactivate] voxel=7790 span=1 sleep=6/8 waiting
[INFO] [Deactivate] voxel=7794 span=1 sleep=7/8 waiting
[INFO] [Deactivate] voxel=7797 span=1 sleep=7/8 waiting
[INFO] [Deactivate] voxel=7800 span=1 sleep=6/8 waiting
[INFO] [Deactivate] voxel=7812 span=1 sleep=7/8 waiting
[INFO] [Deactivate] voxel=7814 span=1 sleep=6/8 waiting
[INFO] [Deactivate] voxel=7815 span=1 sleep=5/8 waiting
[INFO] [Deactivate] voxel=7816 span=1 sleep=5/8 waiting
[INFO] [Deactivate] voxel=7817 span=1 sleep=7/8 waiting
[INFO] [Deactivate] voxel=7818 span=1 sleep=6/8 waiting
[INFO] [Deactivate] voxel=7823 span=1 sleep=6/8 waiting
[INFO] [Deactivate] voxel=7829 span=1 sleep=5/8 waiting
[INFO] [Deactivate] voxel=7832 span=1 sleep=6/8 waiting
[INFO] [Deactivate] voxel=7833 span=1 sleep=6/8 waiting
[INFO] [Deactivate] voxel=7834 span=1 sleep=6/8 waiting
[INFO] [Deactivate] voxel=7837 span=1 sleep=5/8 waiting
[INFO] [Deactivate] voxel=7838 span=1 sleep=4/8 waiting
[INFO] [Deactivate] voxel=7839 span=1 sleep=6/8 waiting
[INFO] [Deactivate] voxel=7840 span=1 sleep=6/8 waiting
[INFO] [Deactivate] voxel=7841 span=1 sleep=5/8 waiting
[INFO] [Deactivate] voxel=7842 span=1 sleep=4/8 waiting
[INFO] [Deactivate] voxel=7843 span=1 sleep=6/8 waiting
[INFO] [Deactivate] voxel=7844 span=1 sleep=6/8 waiting
[INFO] [Deactivate] voxel=7852 span=1 sleep=7/8 waiting
[INFO] [Deactivate] voxel=7854 span=1 sleep=5/8 waiting
[INFO] [Deactivate] voxel=7855 span=1 sleep=4/8 waiting
[INFO] [Deactivate] voxel=7856 span=1 sleep=6/8 waiting
[INFO] [Deactivate] voxel=7857 span=1 sleep=7/8 waiting
[INFO] [Deactivate] voxel=7858 span=1 sleep=7/8 waiting
[INFO] [Deactivate] voxel=7860 span=2 sleep=7/8 waiting
[INFO] [Deactivate] voxel=7861 span=1 sleep=7/8 waiting
[INFO] [Deactivate] voxel=7868 span=1 sleep=6/8 waiting
[INFO] [Deactivate] voxel=7872 span=1 sleep=7/8 waiting
[INFO] [Deactivate] voxel=7874 span=1 sleep=7/8 waiting
[INFO] [Deactivate] voxel=7875 span=1 sleep=7/8 waiting
[INFO] [Deactivate] voxel=7876 span=1 sleep=7/8 waiting
[INFO] [Deactivate] voxel=7877 span=1 sleep=7/8 waiting
[INFO] [Deactivate] voxel=7878 span=1 sleep=7/8 waiting
[INFO] [Deactivate] voxel=7879 span=1 sleep=7/8 waiting
[INFO] [Deactivate] voxel=7880 span=1 sleep=7/8 waiting
[INFO] [Deactivate] voxel=7881 span=1 sleep=7/8 waiting
[INFO] [Deactivate] voxel=7892 span=1 sleep=7/8 waiting
[INFO] [Deactivate] voxel=7894 span=1 sleep=7/8 waiting
[INFO] [Deactivate] voxel=7895 span=1 sleep=7/8 waiting
[INFO] [Deactivate] voxel=7896 span=1 sleep=5/8 waiting
[INFO] [Deactivate] voxel=7897 span=1 sleep=5/8 waiting
[INFO] [Deactivate] voxel=7898 span=1 sleep=6/8 waiting
[INFO] [Deactivate] voxel=7899 span=1 sleep=7/8 waiting
[INFO] [Deactivate] voxel=7900 span=1 sleep=7/8 waiting
[INFO] [Deactivate] voxel=7902 span=1 sleep=7/8 waiting
[INFO] [Deactivate] voxel=7903 span=1 sleep=4/8 waiting
[INFO] [Deactivate] voxel=7904 span=1 sleep=7/8 waiting
[INFO] [Deactivate] voxel=7905 span=1 sleep=7/8 waiting
[INFO] [Deactivate] voxel=7906 span=1 sleep=7/8 waiting
[INFO] [Deactivate] voxel=7907 span=1 sleep=7/8 waiting
[INFO] [Deactivate] voxel=7908 span=1 sleep=7/8 waiting
[INFO] [Deactivate] voxel=7909 span=1 sleep=7/8 waiting
[INFO] [Deactivate] voxel=7910 span=1 sleep=6/8 waiting
[INFO] [Deactivate] voxel=7911 span=1 sleep=7/8 waiting
[INFO] [Deactivate] voxel=7913 span=1 sleep=7/8 waiting
[INFO] [Deactivate] voxel=7916 span=1 sleep=6/8 waiting
[INFO] [Deactivate] voxel=7917 span=1 sleep=7/8 waiting
[INFO] [Deactivate] voxel=7918 span=1 sleep=7/8 waiting
[INFO] [Deactivate] voxel=7921 span=1 sleep=6/8 waiting
[INFO] [Deactivate] voxel=7985 span=1 sleep=7/8 waiting
[INFO] [Deactivate] voxel=7986 span=1 sleep=7/8 waiting
[INFO] [Deactivate] voxel=7987 span=1 sleep=7/8 waiting
[INFO] [Deactivate] voxel=7988 span=1 sleep=7/8 waiting
[INFO] [Deactivate] voxel=7989 span=1 sleep=7/8 waiting
[INFO] [Deactivate] voxel=7990 span=1 sleep=7/8 waiting
[INFO] [Deactivate] voxel=7991 span=1 sleep=7/8 waiting
[INFO] [Deactivate] voxel=7992 span=1 sleep=7/8 waiting
[INFO] [Deactivate] voxel=7993 span=1 sleep=7/8 waiting
[INFO] [Deactivate] voxel=7994 span=1 sleep=7/8 waiting
[INFO] [Deactivate] voxel=7995 span=1 sleep=7/8 waiting
[INFO] [Deactivate] voxel=7996 span=1 sleep=6/8 waiting
[INFO] [Deactivate] voxel=7997 span=1 sleep=6/8 waiting
[INFO] [Deactivate] voxel=7998 span=1 sleep=6/8 waiting
[INFO] [Deactivate] voxel=7999 span=1 sleep=6/8 waiting
[INFO] [Deactivate] voxel=8000 span=1 sleep=6/8 waiting
[INFO] [Deactivate] voxel=8001 span=1 sleep=6/8 waiting
[INFO] [Deactivate] voxel=8002 span=1 sleep=5/8 waiting
[INFO] [Deactivate] voxel=8003 span=1 sleep=5/8 waiting
[INFO] [Deactivate] voxel=8004 span=1 sleep=5/8 waiting
[INFO] [Deactivate] voxel=8005 span=1 sleep=5/8 waiting
[INFO] [Deactivate] voxel=8006 span=1 sleep=5/8 waiting
[INFO] [Deactivate] voxel=8007 span=1 sleep=5/8 waiting
[INFO] [Deactivate] voxel=8008 span=1 sleep=5/8 waiting
[INFO] [Deactivate] voxel=8009 span=1 sleep=5/8 waiting
[INFO] [Deactivate] voxel=8010 span=1 sleep=5/8 waiting
[INFO] [Deactivate] voxel=8011 span=1 sleep=5/8 waiting
[INFO] [Deactivate] voxel=8012 span=1 sleep=5/8 waiting
[INFO] [Deactivate] voxel=8013 span=1 sleep=5/8 waiting
[INFO] [Deactivate] voxel=8014 span=1 sleep=4/8 waiting
[INFO] [Deactivate] voxel=8015 span=1 sleep=4/8 waiting
[INFO] [Deactivate] voxel=8016 span=1 sleep=4/8 waiting
[INFO] [Deactivate] voxel=8017 span=1 sleep=4/8 waiting
[INFO] [Deactivate] voxel=8018 span=1 sleep=4/8 waiting
[INFO] [Deactivate] voxel=8019 span=1 sleep=4/8 waiting
[INFO] [Deactivate] voxel=8020 span=1 sleep=4/8 waiting
[INFO] [Deactivate] voxel=8021 span=1 sleep=4/8 waiting
[INFO] [Deactivate] voxel=8022 span=1 sleep=4/8 waiting
[INFO] [Deactivate] voxel=8023 span=1 sleep=4/8 waiting
[INFO] [Deactivate] voxel=8024 span=1 sleep=3/8 waiting
[INFO] [Deactivate] voxel=8025 span=1 sleep=3/8 waiting
[INFO] [Deactivate] voxel=8026 span=1 sleep=3/8 waiting
[INFO] [Deactivate] voxel=8027 span=1 sleep=3/8 waiting
[INFO] [Deactivate] voxel=6934 cluster_ready=false fail_idx=7903 sleep=5 reason=insufficient-sleep
[INFO] [Deactivate] voxel=6945 span=1 sleep=7/8 waiting
[INFO] [Deactivate] voxel=6946 span=1 sleep=7/8 waiting
[INFO] [Deactivate] voxel=6947 span=1 sleep=7/8 waiting
[INFO] [Deactivate] voxel=6951 span=1 sleep=7/8 waiting
[INFO] [Deactivate] voxel=6952 span=1 sleep=7/8 waiting
[INFO] [Deactivate] voxel=6953 span=1 sleep=7/8 waiting
[INFO] [Deactivate] voxel=6957 span=1 sleep=6/8 waiting
[INFO] [Deactivate] voxel=6958 span=1 sleep=6/8 waiting
[INFO] [Deactivate] voxel=6964 span=1 sleep=7/8 waiting
[INFO] [Deactivate] voxel=6966 span=1 sleep=6/8 waiting
[INFO] [Deactivate] voxel=6970 span=1 sleep=7/8 waiting
[INFO] [Deactivate] voxel=6974 span=1 sleep=7/8 waiting
[INFO] [Deactivate] voxel=6976 span=1 sleep=7/8 waiting
[INFO] [Deactivate] voxel=6979 span=1 sleep=7/8 waiting
[INFO] [Deactivate] voxel=6980 span=1 sleep=7/8 waiting
[INFO] [Deactivate] voxel=6981 span=1 sleep=7/8 waiting
[INFO] [Deactivate] voxel=6982 span=1 sleep=7/8 waiting
[INFO] [Deactivate] voxel=6983 span=1 sleep=7/8 waiting
[INFO] [Deactivate] voxel=6986 span=1 sleep=7/8 waiting
[INFO] [Deactivate] voxel=6987 span=1 sleep=7/8 waiting
[INFO] [Deactivate] voxel=6988 span=1 sleep=7/8 waiting
[INFO] [Deactivate] voxel=6989 span=1 sleep=7/8 waiting
[INFO] [Deactivate] voxel=6990 span=1 sleep=7/8 waiting
[INFO] [Deactivate] voxel=6991 span=1 sleep=7/8 waiting
[INFO] [Deactivate] voxel=6992 span=1 sleep=7/8 waiting
[INFO] [Deactivate] voxel=6993 span=1 sleep=7/8 waiting
[INFO] [Deactivate] voxel=6995 span=1 sleep=7/8 waiting
[INFO] [Deactivate] voxel=7014 span=1 sleep=7/8 waiting
[INFO] [Deactivate] voxel=7015 span=1 sleep=7/8 waiting
[INFO] [Deactivate] voxel=7018 span=1 sleep=7/8 waiting
[INFO] [Deactivate] voxel=7019 span=1 sleep=7/8 waiting
[INFO] [Deactivate] voxel=7023 span=1 sleep=7/8 waiting
[INFO] [Deactivate] voxel=7024 span=1 sleep=7/8 waiting
[INFO] [Deactivate] voxel=7028 span=1 sleep=7/8 waiting
[INFO] [Deactivate] voxel=7029 span=1 sleep=7/8 waiting
[INFO] [Deactivate] voxel=7032 span=1 sleep=7/8 waiting
[INFO] [Deactivate] voxel=7033 span=1 sleep=7/8 waiting
[INFO] [Deactivate] voxel=7035 span=1 sleep=7/8 waiting
[INFO] [Deactivate] voxel=7038 span=1 sleep=7/8 waiting
[INFO] [Support] no-static-connection pos=(4.90,4.77,0.07) bounds=(9..9,9..9,0..0)
[INFO] [Deactivate] cluster_support=false count=1 checked=1 invalid=0 reason=no-static-connection
[INFO] [Deactivate] voxel=7041 cluster=1 lacks static support
[INFO] [Deactivate] voxel=7042 span=1 sleep=7/8 waiting
[INFO] [Deactivate] voxel=7043 span=1 sleep=7/8 waiting
[INFO] [Deactivate] voxel=7049 span=1 sleep=6/8 waiting
[INFO] [Deactivate] voxel=7061 span=1 sleep=6/8 waiting
[INFO] [Deactivate] voxel=7062 span=1 sleep=7/8 waiting
[INFO] [Deactivate] voxel=7063 span=1 sleep=7/8 waiting
[INFO] [Deactivate] voxel=7067 span=1 sleep=7/8 waiting
[INFO] [Deactivate] voxel=7070 span=1 sleep=7/8 waiting
[INFO] [Deactivate] voxel=7073 span=1 sleep=7/8 waiting
[INFO] [Deactivate] voxel=7077 span=1 sleep=7/8 waiting
[INFO] [Deactivate] voxel=7078 span=1 sleep=7/8 waiting
[INFO] [Deactivate] voxel=7079 span=1 sleep=7/8 waiting
[INFO] [Deactivate] voxel=7104 span=1 sleep=6/8 waiting
[INFO] [Support] no-static-connection pos=(-13.24,13.16,3.30) bounds=(-27..-27,26..26,6..6)
[INFO] [Deactivate] cluster_support=false count=1 checked=1 invalid=0 reason=no-static-connection
[INFO] [Deactivate] voxel=7107 cluster=1 lacks static support
[INFO] [Deactivate] voxel=7108 span=1 sleep=7/8 waiting
[INFO] [Deactivate] voxel=7736 span=1 sleep=7/8 waiting
[INFO] [Deactivate] voxel=7739 span=1 sleep=7/8 waiting
[INFO] [Deactivate] voxel=7776 span=1 sleep=7/8 waiting
[INFO] [Support] no-static-connection pos=(-1.16,5.81,7.55) bounds=(-3..-3,11..11,15..15)
[INFO] [Deactivate] cluster_support=false count=1 checked=1 invalid=0 reason=no-static-connection
[INFO] [Deactivate] voxel=7778 cluster=1 lacks static support
[INFO] [Deactivate] voxel=7787 span=1 sleep=7/8 waiting
[INFO] [Deactivate] voxel=7790 span=1 sleep=7/8 waiting
[INFO] [Deactivate] voxel=7794 span=1 sleep=7/8 waiting
[INFO] [Deactivate] voxel=7797 span=1 sleep=7/8 waiting
[INFO] [Deactivate] voxel=7800 span=1 sleep=7/8 waiting
[INFO] [Deactivate] voxel=7812 span=1 sleep=7/8 waiting
[INFO] [Deactivate] voxel=7814 span=1 sleep=7/8 waiting
[INFO] [Deactivate] voxel=7815 span=1 sleep=6/8 waiting
[INFO] [Deactivate] voxel=7816 span=1 sleep=6/8 waiting
[INFO] [Deactivate] voxel=7817 span=1 sleep=7/8 waiting
[INFO] [Deactivate] voxel=7818 span=1 sleep=7/8 waiting
[INFO] [Deactivate] voxel=7823 span=1 sleep=7/8 waiting
[INFO] [Deactivate] voxel=7829 span=1 sleep=6/8 waiting
[INFO] [Deactivate] voxel=7832 span=1 sleep=7/8 waiting
[INFO] [Deactivate] voxel=7833 span=1 sleep=7/8 waiting
[INFO] [Deactivate] voxel=7834 span=1 sleep=7/8 waiting
[INFO] [Deactivate] voxel=7837 span=1 sleep=6/8 waiting
[INFO] [Deactivate] voxel=7838 span=1 sleep=5/8 waiting
[INFO] [Deactivate] voxel=7839 span=1 sleep=7/8 waiting
[INFO] [Deactivate] voxel=7840 span=1 sleep=7/8 waiting
[INFO] [Deactivate] voxel=7841 span=1 sleep=6/8 waiting
[INFO] [Deactivate] voxel=7842 span=1 sleep=5/8 waiting
[INFO] [Deactivate] voxel=7843 span=1 sleep=7/8 waiting
[INFO] [Deactivate] voxel=7844 span=1 sleep=7/8 waiting
[INFO] [Deactivate] voxel=7852 span=1 sleep=7/8 waiting
[INFO] [Deactivate] voxel=7854 span=1 sleep=6/8 waiting
[INFO] [Deactivate] voxel=7855 span=1 sleep=5/8 waiting
[INFO] [Deactivate] voxel=7856 span=1 sleep=7/8 waiting
[INFO] [Deactivate] voxel=7857 span=1 sleep=7/8 waiting
[INFO] [Deactivate] voxel=7858 span=1 sleep=7/8 waiting
[INFO] [Deactivate] voxel=7860 span=2 sleep=7/8 waiting
[INFO] [Deactivate] voxel=7861 span=1 sleep=7/8 waiting
[INFO] [Deactivate] voxel=7868 span=1 sleep=7/8 waiting
[INFO] [Deactivate] voxel=7872 span=1 sleep=7/8 waiting
[INFO] [Deactivate] voxel=7874 span=1 sleep=7/8 waiting
[INFO] [Deactivate] voxel=7875 span=1 sleep=7/8 waiting
[INFO] [Deactivate] voxel=7876 span=1 sleep=7/8 waiting
[INFO] [Deactivate] voxel=7877 span=1 sleep=7/8 waiting
[INFO] [Deactivate] voxel=7878 span=1 sleep=7/8 waiting
[INFO] [Deactivate] voxel=7879 span=1 sleep=7/8 waiting
[INFO] [Deactivate] voxel=7880 span=1 sleep=7/8 waiting
[INFO] [Deactivate] voxel=7881 span=1 sleep=7/8 waiting
[INFO] [Deactivate] voxel=7892 span=1 sleep=7/8 waiting
[INFO] [Deactivate] voxel=7894 span=1 sleep=7/8 waiting
[INFO] [Deactivate] voxel=7895 span=1 sleep=7/8 waiting
[INFO] [Deactivate] voxel=7896 span=1 sleep=6/8 waiting
[INFO] [Deactivate] voxel=7897 span=1 sleep=6/8 waiting
[INFO] [Deactivate] voxel=7898 span=1 sleep=7/8 waiting
[INFO] [Deactivate] voxel=7899 span=1 sleep=7/8 waiting
[INFO] [Deactivate] voxel=7900 span=1 sleep=7/8 waiting
[INFO] [Deactivate] voxel=7902 span=1 sleep=7/8 waiting
[INFO] [Deactivate] voxel=7903 span=1 sleep=5/8 waiting
[INFO] [Deactivate] voxel=7904 span=1 sleep=7/8 waiting
[INFO] [Deactivate] voxel=7905 span=1 sleep=7/8 waiting
[INFO] [Deactivate] voxel=7906 span=1 sleep=7/8 waiting
[INFO] [Deactivate] voxel=7907 span=1 sleep=7/8 waiting
[INFO] [Deactivate] voxel=7908 span=1 sleep=7/8 waiting
[INFO] [Deactivate] voxel=7909 span=1 sleep=7/8 waiting
[INFO] [Deactivate] voxel=7910 span=1 sleep=7/8 waiting
[INFO] [Deactivate] voxel=7911 span=1 sleep=7/8 waiting
[INFO] [Deactivate] voxel=7913 span=1 sleep=7/8 waiting
[INFO] [Deactivate] voxel=7916 span=1 sleep=7/8 waiting
[INFO] [Deactivate] voxel=7917 span=1 sleep=7/8 waiting
[INFO] [Deactivate] voxel=7918 span=1 sleep=7/8 waiting
[INFO] [Deactivate] voxel=7921 span=1 sleep=7/8 waiting
[INFO] [Deactivate] voxel=7985 span=1 sleep=7/8 waiting
[INFO] [Deactivate] voxel=7986 span=1 sleep=7/8 waiting
[INFO] [Deactivate] voxel=7987 span=1 sleep=7/8 waiting
[INFO] [Deactivate] voxel=7988 span=1 sleep=7/8 waiting
[INFO] [Deactivate] voxel=7989 span=1 sleep=7/8 waiting
[INFO] [Deactivate] voxel=7990 span=1 sleep=7/8 waiting
[INFO] [Deactivate] voxel=7991 span=1 sleep=7/8 waiting
[INFO] [Deactivate] voxel=7992 span=1 sleep=7/8 waiting
[INFO] [Deactivate] voxel=7993 span=1 sleep=7/8 waiting
[INFO] [Deactivate] voxel=7994 span=1 sleep=7/8 waiting
[INFO] [Deactivate] voxel=7995 span=1 sleep=7/8 waiting
[INFO] [Deactivate] voxel=7996 span=1 sleep=7/8 waiting
[INFO] [Deactivate] voxel=7997 span=1 sleep=7/8 waiting
[INFO] [Deactivate] voxel=7998 span=1 sleep=7/8 waiting
[INFO] [Deactivate] voxel=7999 span=1 sleep=7/8 waiting
[INFO] [Deactivate] voxel=8000 span=1 sleep=7/8 waiting
[INFO] [Deactivate] voxel=8001 span=1 sleep=7/8 waiting
[INFO] [Deactivate] voxel=8002 span=1 sleep=6/8 waiting
[INFO] [Deactivate] voxel=8003 span=1 sleep=6/8 waiting
[INFO] [Deactivate] voxel=8004 span=1 sleep=6/8 waiting
[INFO] [Deactivate] voxel=8005 span=1 sleep=6/8 waiting
[INFO] [Deactivate] voxel=8006 span=1 sleep=6/8 waiting
[INFO] [Deactivate] voxel=8007 span=1 sleep=6/8 waiting
[INFO] [Deactivate] voxel=8008 span=1 sleep=6/8 waiting
[INFO] [Deactivate] voxel=8009 span=1 sleep=6/8 waiting
[INFO] [Deactivate] voxel=8010 span=1 sleep=6/8 waiting
[INFO] [Deactivate] voxel=8011 span=1 sleep=6/8 waiting
[INFO] [Deactivate] voxel=8012 span=1 sleep=6/8 waiting
[INFO] [Deactivate] voxel=8013 span=1 sleep=6/8 waiting
[INFO] [Deactivate] voxel=8014 span=1 sleep=5/8 waiting
[INFO] [Deactivate] voxel=8015 span=1 sleep=5/8 waiting
[INFO] [Deactivate] voxel=8016 span=1 sleep=5/8 waiting
[INFO] [Deactivate] voxel=8017 span=1 sleep=5/8 waiting
[INFO] [Deactivate] voxel=8018 span=1 sleep=5/8 waiting
[INFO] [Deactivate] voxel=8019 span=1 sleep=5/8 waiting
[INFO] [Deactivate] voxel=8020 span=1 sleep=5/8 waiting
[INFO] [Deactivate] voxel=8021 span=1 sleep=5/8 waiting
[INFO] [Deactivate] voxel=8022 span=1 sleep=5/8 waiting
[INFO] [Deactivate] voxel=8023 span=1 sleep=5/8 waiting
[INFO] [Deactivate] voxel=8024 span=1 sleep=4/8 waiting
[INFO] [Deactivate] voxel=8025 span=1 sleep=4/8 waiting
[INFO] [Deactivate] voxel=8026 span=1 sleep=4/8 waiting
[INFO] [Deactivate] voxel=8027 span=1 sleep=4/8 waiting
[INFO] [RemoveVoxel] idx=7518 voxel_count_before=8030 moved_from=8029 voxel_count_after=8029
[INFO] [RemoveVoxel] idx=7493 voxel_count_before=8029 moved_from=8028 voxel_count_after=8028
[INFO] [RemoveVoxel] idx=7489 voxel_count_before=8028 moved_from=8027 voxel_count_after=8027
[INFO] [RemoveVoxel] idx=7460 voxel_count_before=8027 moved_from=8026 voxel_count_after=8026
[INFO] [Multiscale] Emit span=1 grid=(17..17,2..2,20..20) pos=(8.75,1.25,10.25)
[INFO] [Multiscale] Emit span=1 grid=(17..17,3..3,20..20) pos=(8.75,1.75,10.25)
[INFO] [Multiscale] Emit span=1 grid=(17..17,4..4,20..20) pos=(8.75,2.25,10.25)
[INFO] [Multiscale] Emit span=1 grid=(18..18,3..3,21..21) pos=(9.25,1.75,10.75)
[INFO] [Multiscale] Converted 4 unit voxels into 4 span clusters
[INFO] [Activation] static->dynamic units=4 spawned=4 base=8026 after=8030
[INFO] [RemoveVoxel] idx=8028 voxel_count_before=8030 moved_from=8029 voxel_count_after=8029
[INFO] [RemoveVoxel] idx=8027 voxel_count_before=8029 moved_from=8028 voxel_count_after=8028
[INFO] [RemoveVoxel] idx=8026 voxel_count_before=8028 moved_from=8027 voxel_count_after=8027
[INFO] [Multiscale] Emit span=1 grid=(17..17,2..2,20..20) pos=(8.75,1.25,10.25)
[INFO] [Multiscale] Emit span=1 grid=(17..17,3..3,20..20) pos=(8.75,1.75,10.25)
[INFO] [Multiscale] Emit span=1 grid=(17..17,4..4,20..20) pos=(8.75,2.25,10.25)
[INFO] [Multiscale] Converted 3 unit voxels into 3 span clusters
[INFO] [Deactivate] voxel=6934 cluster_ready=false fail_idx=7903 sleep=6 reason=insufficient-sleep
[INFO] [Deactivate] voxel=6945 span=1 sleep=7/8 waiting
[INFO] [Deactivate] voxel=6946 span=1 sleep=7/8 waiting
[INFO] [Deactivate] voxel=6947 span=1 sleep=7/8 waiting
[INFO] [Deactivate] voxel=6951 span=1 sleep=7/8 waiting
[INFO] [Deactivate] voxel=6952 span=1 sleep=7/8 waiting
[INFO] [Deactivate] voxel=6953 span=1 sleep=7/8 waiting
[INFO] [Deactivate] voxel=6957 span=1 sleep=7/8 waiting
[INFO] [Deactivate] voxel=6958 span=1 sleep=7/8 waiting
[INFO] [Deactivate] voxel=6964 span=1 sleep=7/8 waiting
[INFO] [Deactivate] voxel=6966 span=1 sleep=7/8 waiting
[INFO] [Deactivate] voxel=6970 span=1 sleep=7/8 waiting
[INFO] [Deactivate] voxel=6974 span=1 sleep=7/8 waiting
[INFO] [Deactivate] voxel=6976 span=1 sleep=7/8 waiting
[INFO] [Deactivate] voxel=6979 span=1 sleep=7/8 waiting
[INFO] [Deactivate] voxel=6980 span=1 sleep=7/8 waiting
[INFO] [Deactivate] voxel=6981 span=1 sleep=7/8 waiting
[INFO] [Deactivate] voxel=6982 span=1 sleep=7/8 waiting
[INFO] [Deactivate] voxel=6983 span=1 sleep=7/8 waiting
[INFO] [Deactivate] voxel=6986 span=1 sleep=7/8 waiting
[INFO] [Deactivate] voxel=6987 span=1 sleep=7/8 waiting
[INFO] [Deactivate] voxel=6988 span=1 sleep=7/8 waiting
[INFO] [Deactivate] voxel=6989 span=1 sleep=7/8 waiting
[INFO] [Deactivate] voxel=6990 span=1 sleep=7/8 waiting
[INFO] [Deactivate] voxel=6991 span=1 sleep=7/8 waiting
[INFO] [Deactivate] voxel=6992 span=1 sleep=7/8 waiting
[INFO] [Deactivate] voxel=6993 span=1 sleep=7/8 waiting
[INFO] [Deactivate] voxel=6995 span=1 sleep=7/8 waiting
[INFO] [Deactivate] voxel=7014 span=1 sleep=7/8 waiting
[INFO] [Deactivate] voxel=7015 span=1 sleep=7/8 waiting
[INFO] [Deactivate] voxel=7018 span=1 sleep=7/8 waiting
[INFO] [Deactivate] voxel=7019 span=1 sleep=7/8 waiting
[INFO] [Support] no-static-connection pos=(17.52,25.92,4.01) bounds=(35..35,51..51,8..8)
[INFO] [Deactivate] cluster_support=false count=1 checked=1 invalid=0 reason=no-static-connection
[INFO] [Deactivate] voxel=7023 cluster=1 lacks static support
[INFO] [Deactivate] voxel=7024 span=1 sleep=7/8 waiting
[INFO] [Deactivate] voxel=7028 span=1 sleep=7/8 waiting
[INFO] [Deactivate] voxel=7029 span=1 sleep=7/8 waiting
[INFO] [Deactivate] voxel=7032 span=1 sleep=7/8 waiting
[INFO] [Deactivate] voxel=7033 span=1 sleep=7/8 waiting
[INFO] [Deactivate] voxel=7035 span=1 sleep=7/8 waiting
[INFO] [Deactivate] voxel=7038 span=1 sleep=7/8 waiting
[INFO] [Support] no-static-connection pos=(5.14,4.07,-0.11) bounds=(10..10,8..8,-1..-1)
[INFO] [Deactivate] cluster_support=false count=1 checked=1 invalid=0 reason=no-static-connection
[INFO] [Deactivate] voxel=7041 cluster=1 lacks static support
[INFO] [Deactivate] voxel=7042 span=1 sleep=7/8 waiting
[INFO] [Deactivate] voxel=7043 span=1 sleep=7/8 waiting
[INFO] [Deactivate] voxel=7049 span=1 sleep=7/8 waiting
[INFO] [Deactivate] voxel=7061 span=1 sleep=7/8 waiting
[INFO] [Deactivate] voxel=7062 span=1 sleep=7/8 waiting
[INFO] [Deactivate] voxel=7063 span=1 sleep=7/8 waiting
[INFO] [Deactivate] voxel=7067 span=1 sleep=7/8 waiting
[INFO] [Deactivate] voxel=7070 span=1 sleep=7/8 waiting
[INFO] [Deactivate] voxel=7073 span=1 sleep=7/8 waiting
[INFO] [Deactivate] voxel=7077 span=1 sleep=7/8 waiting
[INFO] [Deactivate] voxel=7078 span=1 sleep=7/8 waiting
[INFO] [Deactivate] voxel=7079 span=1 sleep=7/8 waiting
[INFO] [Deactivate] voxel=7104 span=1 sleep=7/8 waiting
[INFO] [Support] no-static-connection pos=(-13.81,12.43,2.39) bounds=(-28..-28,24..24,4..4)
[INFO] [Deactivate] cluster_support=false count=1 checked=1 invalid=0 reason=no-static-connection
[INFO] [Deactivate] voxel=7107 cluster=1 lacks static support
[INFO] [Deactivate] voxel=7108 span=1 sleep=7/8 waiting
[INFO] [Deactivate] voxel=7460 span=1 sleep=5/8 waiting
[INFO] [Deactivate] voxel=7489 span=1 sleep=5/8 waiting
[INFO] [Deactivate] voxel=7736 span=1 sleep=7/8 waiting
[INFO] [Deactivate] voxel=7739 span=1 sleep=7/8 waiting
[INFO] [Deactivate] voxel=7776 span=1 sleep=7/8 waiting
[INFO] [Support] no-static-connection pos=(-1.44,5.34,7.98) bounds=(-3..-3,10..10,15..15)
[INFO] [Deactivate] cluster_support=false count=1 checked=1 invalid=0 reason=no-static-connection
[INFO] [Deactivate] voxel=7778 cluster=1 lacks static support
[INFO] [Deactivate] voxel=7787 span=1 sleep=7/8 waiting
[INFO] [Deactivate] voxel=7790 span=1 sleep=7/8 waiting
[INFO] [Deactivate] voxel=7794 span=1 sleep=7/8 waiting
[INFO] [Deactivate] voxel=7797 span=1 sleep=7/8 waiting
[INFO] [Deactivate] voxel=7800 span=1 sleep=7/8 waiting
[INFO] [Deactivate] voxel=7812 span=1 sleep=7/8 waiting
[INFO] [Deactivate] voxel=7814 span=1 sleep=7/8 waiting
[INFO] [Deactivate] voxel=7815 span=1 sleep=7/8 waiting
[INFO] [Deactivate] voxel=7816 span=1 sleep=7/8 waiting
[INFO] [Deactivate] voxel=7817 span=1 sleep=7/8 waiting
[INFO] [Deactivate] voxel=7818 span=1 sleep=7/8 waiting
[INFO] [Deactivate] voxel=7823 span=1 sleep=7/8 waiting
[INFO] [Deactivate] voxel=7829 span=1 sleep=7/8 waiting
[INFO] [Deactivate] voxel=7832 span=1 sleep=7/8 waiting
[INFO] [Deactivate] voxel=7833 span=1 sleep=7/8 waiting
[INFO] [Deactivate] voxel=7834 span=1 sleep=7/8 waiting
[INFO] [Deactivate] voxel=7837 span=1 sleep=7/8 waiting
[INFO] [Deactivate] voxel=7838 span=1 sleep=6/8 waiting
[INFO] [Deactivate] voxel=7839 span=1 sleep=7/8 waiting
[INFO] [Deactivate] voxel=7840 span=1 sleep=7/8 waiting
[INFO] [Deactivate] voxel=7841 span=1 sleep=7/8 waiting
[INFO] [Deactivate] voxel=7842 span=1 sleep=6/8 waiting
[INFO] [Deactivate] voxel=7843 span=1 sleep=7/8 waiting
[INFO] [Deactivate] voxel=7844 span=1 sleep=7/8 waiting
[INFO] [Deactivate] voxel=7852 span=1 sleep=7/8 waiting
[INFO] [Deactivate] voxel=7854 span=1 sleep=7/8 waiting
[INFO] [Deactivate] voxel=7855 span=1 sleep=6/8 waiting
[INFO] [Deactivate] voxel=7856 span=1 sleep=7/8 waiting
[INFO] [Deactivate] voxel=7857 span=1 sleep=7/8 waiting
[INFO] [Deactivate] voxel=7858 span=1 sleep=7/8 waiting
[INFO] [Deactivate] voxel=7860 span=2 sleep=7/8 waiting
[INFO] [Deactivate] voxel=7861 span=1 sleep=7/8 waiting
[INFO] [Deactivate] voxel=7868 span=1 sleep=7/8 waiting
[INFO] [Deactivate] voxel=7872 span=1 sleep=7/8 waiting
[INFO] [Deactivate] voxel=7874 span=1 sleep=7/8 waiting
[INFO] [Deactivate] voxel=7875 span=1 sleep=7/8 waiting
[INFO] [Deactivate] voxel=7876 span=1 sleep=7/8 waiting
[INFO] [Deactivate] voxel=7877 span=1 sleep=7/8 waiting
[INFO] [Deactivate] voxel=7878 span=1 sleep=7/8 waiting
[INFO] [Deactivate] voxel=7879 span=1 sleep=7/8 waiting
[INFO] [Deactivate] voxel=7880 span=1 sleep=7/8 waiting
[INFO] [Deactivate] voxel=7881 span=1 sleep=7/8 waiting
[INFO] [Deactivate] voxel=7892 span=1 sleep=7/8 waiting
[INFO] [Deactivate] voxel=7894 span=1 sleep=7/8 waiting
[INFO] [Deactivate] voxel=7895 span=1 sleep=7/8 waiting
[INFO] [Deactivate] voxel=7896 span=1 sleep=7/8 waiting
[INFO] [Deactivate] voxel=7897 span=1 sleep=7/8 waiting
[INFO] [Deactivate] voxel=7898 span=1 sleep=7/8 waiting
[INFO] [Deactivate] voxel=7899 span=1 sleep=7/8 waiting
[INFO] [Deactivate] voxel=7900 span=1 sleep=7/8 waiting
[INFO] [Deactivate] voxel=7902 span=1 sleep=7/8 waiting
[INFO] [Deactivate] voxel=7903 span=1 sleep=6/8 waiting
[INFO] [Deactivate] voxel=7904 span=1 sleep=7/8 waiting
[INFO] [Deactivate] voxel=7905 span=1 sleep=7/8 waiting
[INFO] [Deactivate] voxel=7906 span=1 sleep=7/8 waiting
[INFO] [Deactivate] voxel=7907 span=1 sleep=7/8 waiting
[INFO] [Deactivate] voxel=7908 span=1 sleep=7/8 waiting
[INFO] [Deactivate] voxel=7909 span=1 sleep=7/8 waiting
[INFO] [Deactivate] voxel=7910 span=1 sleep=7/8 waiting
[INFO] [Deactivate] voxel=7911 span=1 sleep=7/8 waiting
[INFO] [Deactivate] voxel=7913 span=1 sleep=7/8 waiting
[INFO] [Deactivate] voxel=7916 span=1 sleep=7/8 waiting
[INFO] [Deactivate] voxel=7917 span=1 sleep=7/8 waiting
[INFO] [Deactivate] voxel=7918 span=1 sleep=7/8 waiting
[INFO] [Deactivate] voxel=7921 span=1 sleep=7/8 waiting
[INFO] [Deactivate] voxel=7985 span=1 sleep=7/8 waiting
[INFO] [Deactivate] voxel=7986 span=1 sleep=7/8 waiting
[INFO] [Deactivate] voxel=7987 span=1 sleep=7/8 waiting
[INFO] [Deactivate] voxel=7988 span=1 sleep=7/8 waiting
[INFO] [Deactivate] voxel=7989 span=1 sleep=7/8 waiting
[INFO] [Deactivate] voxel=7990 span=1 sleep=7/8 waiting
[INFO] [Deactivate] voxel=7991 span=1 sleep=7/8 waiting
[INFO] [Deactivate] voxel=7992 span=1 sleep=7/8 waiting
[INFO] [Deactivate] voxel=7993 span=1 sleep=7/8 waiting
[INFO] [Deactivate] voxel=7994 span=1 sleep=7/8 waiting
[INFO] [Deactivate] voxel=7995 span=1 sleep=7/8 waiting
[INFO] [Deactivate] voxel=7996 span=1 sleep=7/8 waiting
[INFO] [Deactivate] voxel=7997 span=1 sleep=7/8 waiting
[INFO] [Deactivate] voxel=7998 span=1 sleep=7/8 waiting
[INFO] [Deactivate] voxel=7999 span=1 sleep=7/8 waiting
[INFO] [Deactivate] voxel=8000 span=1 sleep=7/8 waiting
[INFO] [Deactivate] voxel=8001 span=1 sleep=7/8 waiting
[INFO] [Deactivate] voxel=8002 span=1 sleep=7/8 waiting
[INFO] [Deactivate] voxel=8003 span=1 sleep=7/8 waiting
[INFO] [Deactivate] voxel=8004 span=1 sleep=7/8 waiting
[INFO] [Deactivate] voxel=8005 span=1 sleep=7/8 waiting
[INFO] [Deactivate] voxel=8006 span=1 sleep=7/8 waiting
[INFO] [Deactivate] voxel=8007 span=1 sleep=7/8 waiting
[INFO] [Deactivate] voxel=8008 span=1 sleep=7/8 waiting
[INFO] [Deactivate] voxel=8009 span=1 sleep=7/8 waiting
[INFO] [Deactivate] voxel=8010 span=1 sleep=7/8 waiting
[INFO] [Deactivate] voxel=8011 span=1 sleep=7/8 waiting
[INFO] [Deactivate] voxel=8012 span=1 sleep=7/8 waiting
[INFO] [Deactivate] voxel=8013 span=1 sleep=7/8 waiting
[INFO] [Deactivate] voxel=8014 span=1 sleep=6/8 waiting
[INFO] [Deactivate] voxel=8015 span=1 sleep=6/8 waiting
[INFO] [Deactivate] voxel=8016 span=1 sleep=6/8 waiting
[INFO] [Deactivate] voxel=8017 span=1 sleep=6/8 waiting
[INFO] [Deactivate] voxel=8018 span=1 sleep=6/8 waiting
[INFO] [Deactivate] voxel=8019 span=1 sleep=6/8 waiting
[INFO] [Deactivate] voxel=8020 span=1 sleep=6/8 waiting
[INFO] [Deactivate] voxel=8021 span=1 sleep=6/8 waiting
[INFO] [Deactivate] voxel=8022 span=1 sleep=6/8 waiting
[INFO] [Deactivate] voxel=8023 span=1 sleep=6/8 waiting
[INFO] [Deactivate] voxel=8024 span=1 sleep=5/8 waiting
[INFO] [Deactivate] voxel=8025 span=1 sleep=5/8 waiting
[INFO] [Deactivate] voxel=8026 span=1 sleep=1/8 waiting
[INFO] [Deactivate] voxel=8027 span=1 sleep=1/8 waiting
[INFO] [Deactivate] voxel=8028 span=1 sleep=1/8 waiting
[INFO] [Deactivate] voxel=8029 span=1 sleep=1/8 waiting
[INFO] VAO: [ID 48] Unloaded vertex array data from VRAM (GPU)
[INFO] VAO: [ID 49] Mesh uploaded successfully to VRAM (GPU)
[INFO] [RemoveVoxel] idx=7859 voxel_count_before=8030 moved_from=8029 voxel_count_after=8029
[INFO] [RemoveVoxel] idx=7769 voxel_count_before=8029 moved_from=8028 voxel_count_after=8028
[INFO] [RemoveVoxel] idx=7768 voxel_count_before=8028 moved_from=8027 voxel_count_after=8027
[INFO] [RemoveVoxel] idx=7757 voxel_count_before=8027 moved_from=8026 voxel_count_after=8026
[INFO] [RemoveVoxel] idx=7755 voxel_count_before=8026 moved_from=8025 voxel_count_after=8025
[INFO] [RemoveVoxel] idx=7723 voxel_count_before=8025 moved_from=8024 voxel_count_after=8024
[INFO] [RemoveVoxel] idx=3761 voxel_count_before=8024 moved_from=8023 voxel_count_after=8023
[INFO] [RemoveVoxel] idx=3760 voxel_count_before=8023 moved_from=8022 voxel_count_after=8022
[INFO] [RemoveVoxel] idx=3759 voxel_count_before=8022 moved_from=8021 voxel_count_after=8021
[INFO] [RemoveVoxel] idx=3680 voxel_count_before=8021 moved_from=8020 voxel_count_after=8020
[INFO] [RemoveVoxel] idx=3679 voxel_count_before=8020 moved_from=8019 voxel_count_after=8019
[INFO] [RemoveVoxel] idx=3678 voxel_count_before=8019 moved_from=8018 voxel_count_after=8018
[INFO] [RemoveVoxel] idx=3599 voxel_count_before=8018 moved_from=8017 voxel_count_after=8017
[INFO] [RemoveVoxel] idx=3598 voxel_count_before=8017 moved_from=8016 voxel_count_after=8016
[INFO] [RemoveVoxel] idx=3597 voxel_count_before=8016 moved_from=8015 voxel_count_after=8015
[INFO] [Multiscale] Emit span=1 grid=(4..4,0..0,-7..-7) pos=(2.25,0.25,-3.25)
[INFO] [Multiscale] Emit span=1 grid=(5..5,0..0,-7..-7) pos=(2.75,0.25,-3.25)
[INFO] [Multiscale] Emit span=1 grid=(6..6,0..0,-7..-7) pos=(3.25,0.25,-3.25)
[INFO] [Multiscale] Emit span=1 grid=(5..5,1..1,-7..-7) pos=(2.75,0.75,-3.25)
[INFO] [Multiscale] Emit span=1 grid=(4..4,0..0,-6..-6) pos=(2.25,0.25,-2.75)
[INFO] [Multiscale] Emit span=1 grid=(5..5,0..0,-6..-6) pos=(2.75,0.25,-2.75)
[INFO] [Multiscale] Emit span=1 grid=(6..6,0..0,-6..-6) pos=(3.25,0.25,-2.75)
[INFO] [Multiscale] Emit span=1 grid=(4..4,0..0,-5..-5) pos=(2.25,0.25,-2.25)
[INFO] [Multiscale] Emit span=1 grid=(5..5,0..0,-5..-5) pos=(2.75,0.25,-2.25)
[INFO] [Multiscale] Emit span=1 grid=(6..6,0..0,-5..-5) pos=(3.25,0.25,-2.25)
[INFO] [Multiscale] Emit span=1 grid=(4..4,1..1,-5..-5) pos=(2.25,0.75,-2.25)
[INFO] [Multiscale] Emit span=1 grid=(5..5,1..1,-5..-5) pos=(2.75,0.75,-2.25)
[INFO] [Multiscale] Emit span=1 grid=(4..4,2..2,-5..-5) pos=(2.25,1.25,-2.25)
[INFO] [Multiscale] Emit span=1 grid=(5..5,2..2,-5..-5) pos=(2.75,1.25,-2.25)
[INFO] [Multiscale] Emit span=1 grid=(5..5,1..1,-4..-4) pos=(2.75,0.75,-1.75)
[INFO] [Multiscale] Converted 15 unit voxels into 15 span clusters
[INFO] [Activation] static->dynamic units=15 spawned=15 base=8015 after=8030
[INFO] [RemoveVoxel] idx=7859 voxel_count_before=8030 moved_from=8029 voxel_count_after=8029
[INFO] [RemoveVoxel] idx=7769 voxel_count_before=8029 moved_from=8028 voxel_count_after=8028
[INFO] [RemoveVoxel] idx=7768 voxel_count_before=8028 moved_from=8027 voxel_count_after=8027
[INFO] [Multiscale] Emit span=1 grid=(17..17,2..2,20..20) pos=(8.75,1.25,10.25)
[INFO] [Multiscale] Emit span=1 grid=(17..17,3..3,20..20) pos=(8.75,1.75,10.25)
[INFO] [Multiscale] Emit span=1 grid=(17..17,4..4,20..20) pos=(8.75,2.25,10.25)
[INFO] [Multiscale] Converted 3 unit voxels into 3 span clusters
[INFO] [Deactivate] voxel=3597 span=1 sleep=7/8 waiting
[INFO] [Deactivate] voxel=3598 span=1 sleep=7/8 waiting
[INFO] [Deactivate] voxel=3599 span=1 sleep=7/8 waiting
[INFO] [Deactivate] voxel=3678 span=1 sleep=7/8 waiting
[INFO] [Deactivate] voxel=3679 span=1 sleep=7/8 waiting
[INFO] [Deactivate] voxel=3680 span=1 sleep=7/8 waiting
[INFO] [Deactivate] voxel=3759 span=1 sleep=7/8 waiting
[INFO] [Deactivate] voxel=3760 span=1 sleep=7/8 waiting
[INFO] [Deactivate] voxel=3761 span=1 sleep=7/8 waiting
[INFO] [Deactivate] voxel=6934 cluster_ready=false fail_idx=7903 sleep=7 reason=insufficient-sleep
[INFO] [Deactivate] voxel=6945 span=1 sleep=7/8 waiting
[INFO] [Deactivate] voxel=6946 span=1 sleep=7/8 waiting
[INFO] [Deactivate] voxel=6947 span=1 sleep=7/8 waiting
[INFO] [Deactivate] voxel=6951 span=1 sleep=7/8 waiting
[INFO] [Deactivate] voxel=6952 span=1 sleep=7/8 waiting
[INFO] [Deactivate] voxel=6953 span=1 sleep=7/8 waiting
[INFO] [Deactivate] voxel=6957 span=1 sleep=7/8 waiting
[INFO] [Deactivate] voxel=6958 span=1 sleep=7/8 waiting
[INFO] [Deactivate] voxel=6964 span=1 sleep=7/8 waiting
[INFO] [Deactivate] voxel=6966 span=1 sleep=7/8 waiting
[INFO] [Deactivate] voxel=6970 span=1 sleep=7/8 waiting
[INFO] [Deactivate] voxel=6974 span=1 sleep=7/8 waiting
[INFO] [Deactivate] voxel=6976 span=1 sleep=7/8 waiting
[INFO] [Deactivate] voxel=6979 span=1 sleep=7/8 waiting
[INFO] [Deactivate] voxel=6980 span=1 sleep=7/8 waiting
[INFO] [Deactivate] voxel=6981 span=1 sleep=7/8 waiting
[INFO] [Deactivate] voxel=6982 span=1 sleep=7/8 waiting
[INFO] [Deactivate] voxel=6983 span=1 sleep=7/8 waiting
[INFO] [Deactivate] voxel=6986 span=1 sleep=7/8 waiting
[INFO] [Deactivate] voxel=6987 span=1 sleep=7/8 waiting
[INFO] [Deactivate] voxel=6988 span=1 sleep=7/8 waiting
[INFO] [Deactivate] voxel=6989 span=1 sleep=7/8 waiting
[INFO] [Deactivate] voxel=6990 span=1 sleep=7/8 waiting
[INFO] [Deactivate] voxel=6991 span=1 sleep=7/8 waiting
[INFO] [Deactivate] voxel=6992 span=1 sleep=7/8 waiting
[INFO] [Deactivate] voxel=6993 span=1 sleep=7/8 waiting
[INFO] [Deactivate] voxel=6995 span=1 sleep=7/8 waiting
[INFO] [Deactivate] voxel=7014 span=1 sleep=7/8 waiting
[INFO] [Deactivate] voxel=7015 span=1 sleep=7/8 waiting
[INFO] [Deactivate] voxel=7018 span=1 sleep=7/8 waiting
[INFO] [Deactivate] voxel=7019 span=1 sleep=7/8 waiting
[INFO] [Support] no-static-connection pos=(18.76,26.45,2.51) bounds=(37..37,52..52,5..5)
[INFO] [Deactivate] cluster_support=false count=1 checked=1 invalid=0 reason=no-static-connection
[INFO] [Deactivate] voxel=7023 cluster=1 lacks static support
[INFO] [Deactivate] voxel=7024 span=1 sleep=7/8 waiting
[INFO] [Deactivate] voxel=7028 span=1 sleep=7/8 waiting
[INFO] [Deactivate] voxel=7029 span=1 sleep=7/8 waiting
[INFO] [Deactivate] voxel=7032 span=1 sleep=7/8 waiting
[INFO] [Deactivate] voxel=7033 span=1 sleep=7/8 waiting
[INFO] [Deactivate] voxel=7035 span=1 sleep=7/8 waiting
[INFO] [Deactivate] voxel=7038 span=1 sleep=7/8 waiting
[INFO] [Support] no-static-connection pos=(5.44,3.01,-0.33) bounds=(10..10,6..6,-1..-1)
[INFO] [Deactivate] cluster_support=false count=1 checked=1 invalid=0 reason=no-static-connection
[INFO] [Deactivate] voxel=7041 cluster=1 lacks static support
[INFO] [Deactivate] voxel=7042 span=1 sleep=7/8 waiting
[INFO] [Deactivate] voxel=7043 span=1 sleep=7/8 waiting
[INFO] [Deactivate] voxel=7049 span=1 sleep=7/8 waiting
[INFO] [Deactivate] voxel=7061 span=1 sleep=7/8 waiting
[INFO] [Deactivate] voxel=7062 span=1 sleep=7/8 waiting
[INFO] [Deactivate] voxel=7063 span=1 sleep=7/8 waiting
[INFO] [Deactivate] voxel=7067 span=1 sleep=7/8 waiting
[INFO] [Deactivate] voxel=7070 span=1 sleep=7/8 waiting
[INFO] [Deactivate] voxel=7073 span=1 sleep=7/8 waiting
[INFO] [Deactivate] voxel=7077 span=1 sleep=7/8 waiting
[INFO] [Deactivate] voxel=7078 span=1 sleep=7/8 waiting
[INFO] [Deactivate] voxel=7079 span=1 sleep=7/8 waiting
[INFO] [Deactivate] voxel=7104 span=1 sleep=7/8 waiting
[INFO] [Support] no-static-connection pos=(-14.53,11.33,1.24) bounds=(-30..-30,22..22,2..2)
[INFO] [Deactivate] cluster_support=false count=1 checked=1 invalid=0 reason=no-static-connection
[INFO] [Deactivate] voxel=7107 cluster=1 lacks static support
[INFO] [Deactivate] voxel=7108 span=1 sleep=7/8 waiting
[INFO] [Deactivate] voxel=7460 span=1 sleep=6/8 waiting
[INFO] [Deactivate] voxel=7489 span=1 sleep=6/8 waiting
[INFO] [Deactivate] voxel=7723 span=1 sleep=6/8 waiting
[INFO] [Deactivate] voxel=7736 span=1 sleep=7/8 waiting
[INFO] [Deactivate] voxel=7739 span=1 sleep=7/8 waiting
[INFO] [Deactivate] voxel=7755 span=1 sleep=6/8 waiting
[INFO] [Deactivate] voxel=7757 span=1 sleep=2/8 waiting
[INFO] [Deactivate] voxel=7768 span=1 sleep=1/8 waiting
[INFO] [Deactivate] voxel=7769 span=1 sleep=1/8 waiting
[INFO] [Deactivate] voxel=7776 span=1 sleep=7/8 waiting
[INFO] [Support] no-static-connection pos=(-1.80,4.57,8.54) bounds=(-4..-4,9..9,17..17)
[INFO] [Deactivate] cluster_support=false count=1 checked=1 invalid=0 reason=no-static-connection
[INFO] [Deactivate] voxel=7778 cluster=1 lacks static support
[INFO] [Deactivate] voxel=7787 span=1 sleep=7/8 waiting
[INFO] [Deactivate] voxel=7790 span=1 sleep=7/8 waiting
[INFO] [Deactivate] voxel=7794 span=1 sleep=7/8 waiting
[INFO] [Deactivate] voxel=7797 span=1 sleep=7/8 waiting
[INFO] [Deactivate] voxel=7800 span=1 sleep=7/8 waiting
[INFO] [Deactivate] voxel=7812 span=1 sleep=7/8 waiting
[INFO] [Deactivate] voxel=7814 span=1 sleep=7/8 waiting
[INFO] [Deactivate] voxel=7815 span=1 sleep=7/8 waiting
[INFO] [Deactivate] voxel=7816 span=1 sleep=7/8 waiting
[INFO] [Deactivate] voxel=7817 span=1 sleep=7/8 waiting
[INFO] [Deactivate] voxel=7818 span=1 sleep=7/8 waiting
[INFO] [Deactivate] voxel=7823 span=1 sleep=7/8 waiting
[INFO] [Deactivate] voxel=7829 span=1 sleep=7/8 waiting
[INFO] [Deactivate] voxel=7832 span=1 sleep=7/8 waiting
[INFO] [Deactivate] voxel=7833 span=1 sleep=7/8 waiting
[INFO] [Deactivate] voxel=7834 span=1 sleep=7/8 waiting
[INFO] [Deactivate] voxel=7837 span=1 sleep=7/8 waiting
[INFO] [Deactivate] voxel=7838 span=1 sleep=7/8 waiting
[INFO] [Deactivate] voxel=7839 span=1 sleep=7/8 waiting
[INFO] [Deactivate] voxel=7840 span=1 sleep=7/8 waiting
[INFO] [Deactivate] voxel=7841 span=1 sleep=7/8 waiting
[INFO] [Deactivate] voxel=7842 span=1 sleep=7/8 waiting
[INFO] [Deactivate] voxel=7843 span=1 sleep=7/8 waiting
[INFO] [Deactivate] voxel=7844 span=1 sleep=7/8 waiting
[INFO] [Deactivate] voxel=7852 span=1 sleep=7/8 waiting
[INFO] [Deactivate] voxel=7854 span=1 sleep=7/8 waiting
[INFO] [Deactivate] voxel=7855 span=1 sleep=7/8 waiting
[INFO] [Deactivate] voxel=7856 span=1 sleep=7/8 waiting
[INFO] [Deactivate] voxel=7857 span=1 sleep=7/8 waiting
[INFO] [Deactivate] voxel=7858 span=1 sleep=7/8 waiting
[INFO] [Deactivate] voxel=7859 span=1 sleep=1/8 waiting
[INFO] [Deactivate] voxel=7860 span=2 sleep=7/8 waiting
[INFO] [Deactivate] voxel=7861 span=1 sleep=7/8 waiting
[INFO] [Deactivate] voxel=7868 span=1 sleep=7/8 waiting
[INFO] [Deactivate] voxel=7872 span=1 sleep=7/8 waiting
[INFO] [Deactivate] voxel=7874 span=1 sleep=7/8 waiting
[INFO] [Deactivate] voxel=7875 span=1 sleep=7/8 waiting
[INFO] [Deactivate] voxel=7876 span=1 sleep=7/8 waiting
[INFO] [Deactivate] voxel=7877 span=1 sleep=7/8 waiting
[INFO] [Deactivate] voxel=7878 span=1 sleep=7/8 waiting
[INFO] [Deactivate] voxel=7879 span=1 sleep=7/8 waiting
[INFO] [Deactivate] voxel=7880 span=1 sleep=7/8 waiting
[INFO] [Deactivate] voxel=7881 span=1 sleep=7/8 waiting
[INFO] [Deactivate] voxel=7892 span=1 sleep=7/8 waiting
[INFO] [Deactivate] voxel=7894 span=1 sleep=7/8 waiting
[INFO] [Deactivate] voxel=7895 span=1 sleep=7/8 waiting
[INFO] [Deactivate] voxel=7896 span=1 sleep=7/8 waiting
[INFO] [Deactivate] voxel=7897 span=1 sleep=7/8 waiting
[INFO] [Deactivate] voxel=7898 span=1 sleep=7/8 waiting
[INFO] [Deactivate] voxel=7899 span=1 sleep=7/8 waiting
[INFO] [Deactivate] voxel=7900 span=1 sleep=7/8 waiting
[INFO] [Deactivate] voxel=7902 span=1 sleep=7/8 waiting
[INFO] [Deactivate] voxel=7903 span=1 sleep=7/8 waiting
[INFO] [Deactivate] voxel=7904 span=1 sleep=7/8 waiting
[INFO] [Deactivate] voxel=7905 span=1 sleep=7/8 waiting
[INFO] [Deactivate] voxel=7906 span=1 sleep=7/8 waiting
[INFO] [Deactivate] voxel=7907 span=1 sleep=7/8 waiting
[INFO] [Deactivate] voxel=7908 span=1 sleep=7/8 waiting
[INFO] [Deactivate] voxel=7909 span=1 sleep=7/8 waiting
[INFO] [Deactivate] voxel=7910 span=1 sleep=7/8 waiting
[INFO] [Deactivate] voxel=7911 span=1 sleep=7/8 waiting
[INFO] [Deactivate] voxel=7913 span=1 sleep=7/8 waiting
[INFO] [Deactivate] voxel=7916 span=1 sleep=7/8 waiting
[INFO] [Deactivate] voxel=7917 span=1 sleep=7/8 waiting
[INFO] [Deactivate] voxel=7918 span=1 sleep=7/8 waiting
[INFO] [Deactivate] voxel=7921 span=1 sleep=7/8 waiting
[INFO] [Deactivate] voxel=7985 span=1 sleep=7/8 waiting
[INFO] [Deactivate] voxel=7986 span=1 sleep=7/8 waiting
[INFO] [Deactivate] voxel=7987 span=1 sleep=7/8 waiting
[INFO] [Deactivate] voxel=7988 span=1 sleep=7/8 waiting
[INFO] [Deactivate] voxel=7989 span=1 sleep=7/8 waiting
[INFO] [Deactivate] voxel=7990 span=1 sleep=7/8 waiting
[INFO] [Deactivate] voxel=7991 span=1 sleep=7/8 waiting
[INFO] [Deactivate] voxel=7992 span=1 sleep=7/8 waiting
[INFO] [Deactivate] voxel=7993 span=1 sleep=7/8 waiting
[INFO] [Deactivate] voxel=7994 span=1 sleep=7/8 waiting
[INFO] [Deactivate] voxel=7995 span=1 sleep=7/8 waiting
[INFO] [Deactivate] voxel=7996 span=1 sleep=7/8 waiting
[INFO] [Deactivate] voxel=7997 span=1 sleep=7/8 waiting
[INFO] [Deactivate] voxel=7998 span=1 sleep=7/8 waiting
[INFO] [Deactivate] voxel=7999 span=1 sleep=7/8 waiting
[INFO] [Deactivate] voxel=8000 span=1 sleep=7/8 waiting
[INFO] [Deactivate] voxel=8001 span=1 sleep=7/8 waiting
[INFO] [Deactivate] voxel=8002 span=1 sleep=7/8 waiting
[INFO] [Deactivate] voxel=8003 span=1 sleep=7/8 waiting
[INFO] [Deactivate] voxel=8004 span=1 sleep=7/8 waiting
[INFO] [Deactivate] voxel=8005 span=1 sleep=7/8 waiting
[INFO] [Deactivate] voxel=8006 span=1 sleep=7/8 waiting
[INFO] [Deactivate] voxel=8007 span=1 sleep=7/8 waiting
[INFO] [Deactivate] voxel=8008 span=1 sleep=7/8 waiting
[INFO] [Deactivate] voxel=8009 span=1 sleep=7/8 waiting
[INFO] [Deactivate] voxel=8010 span=1 sleep=7/8 waiting
[INFO] [Deactivate] voxel=8011 span=1 sleep=7/8 waiting
[INFO] [Deactivate] voxel=8012 span=1 sleep=7/8 waiting
[INFO] [Deactivate] voxel=8013 span=1 sleep=7/8 waiting
[INFO] [Deactivate] voxel=8014 span=1 sleep=7/8 waiting
[INFO] [Deactivate] voxel=8015 span=1 sleep=1/8 waiting
[INFO] [Deactivate] voxel=8016 span=1 sleep=1/8 waiting
[INFO] [Deactivate] voxel=8017 span=1 sleep=1/8 waiting
[INFO] [Deactivate] voxel=8018 span=1 sleep=1/8 waiting
[INFO] [Deactivate] voxel=8019 span=1 sleep=1/8 waiting
[INFO] [Deactivate] voxel=8020 span=1 sleep=1/8 waiting
[INFO] [Deactivate] voxel=8021 span=1 sleep=1/8 waiting
[INFO] [Deactivate] voxel=8022 span=1 sleep=1/8 waiting
[INFO] [Deactivate] voxel=8023 span=1 sleep=1/8 waiting
[INFO] [Deactivate] voxel=8024 span=1 sleep=1/8 waiting
[INFO] [Deactivate] voxel=8025 span=1 sleep=1/8 waiting
[INFO] [Deactivate] voxel=8026 span=1 sleep=1/8 waiting
[INFO] [Deactivate] voxel=8027 span=1 sleep=2/8 waiting
[INFO] [Deactivate] voxel=8028 span=1 sleep=2/8 waiting
[INFO] [Deactivate] voxel=8029 span=1 sleep=2/8 waiting
[INFO] VAO: [ID 49] Unloaded vertex array data from VRAM (GPU)
[INFO] VAO: [ID 50] Mesh uploaded successfully to VRAM (GPU)
[INFO] [RemoveVoxel] idx=7795 voxel_count_before=8031 moved_from=8030 voxel_count_after=8030
[INFO] [RemoveVoxel] idx=3923 voxel_count_before=8030 moved_from=8029 voxel_count_after=8029
[INFO] [RemoveVoxel] idx=3843 voxel_count_before=8029 moved_from=8028 voxel_count_after=8028
[INFO] [RemoveVoxel] idx=3842 voxel_count_before=8028 moved_from=8027 voxel_count_after=8027
[INFO] [RemoveVoxel] idx=3841 voxel_count_before=8027 moved_from=8026 voxel_count_after=8026
[INFO] [RemoveVoxel] idx=3840 voxel_count_before=8026 moved_from=8025 voxel_count_after=8025
[INFO] [RemoveVoxel] idx=3839 voxel_count_before=8025 moved_from=8024 voxel_count_after=8024
[INFO] [RemoveVoxel] idx=3763 voxel_count_before=8024 moved_from=8023 voxel_count_after=8023
[INFO] [RemoveVoxel] idx=3762 voxel_count_before=8023 moved_from=8022 voxel_count_after=8022
[INFO] [RemoveVoxel] idx=3758 voxel_count_before=8022 moved_from=8021 voxel_count_after=8021
[INFO] [RemoveVoxel] idx=3681 voxel_count_before=8021 moved_from=8020 voxel_count_after=8020
[INFO] [RemoveVoxel] idx=3677 voxel_count_before=8020 moved_from=8019 voxel_count_after=8019
[INFO] [Multiscale] Emit span=1 grid=(5..5,0..0,-8..-8) pos=(2.75,0.25,-3.75)
[INFO] [Multiscale] Emit span=1 grid=(6..6,0..0,-8..-8) pos=(3.25,0.25,-3.75)
[INFO] [Multiscale] Emit span=1 grid=(7..7,0..0,-8..-8) pos=(3.75,0.25,-3.75)
[INFO] [Multiscale] Emit span=1 grid=(7..7,0..0,-7..-7) pos=(3.75,0.25,-3.25)
[INFO] [Multiscale] Emit span=1 grid=(7..7,0..0,-6..-6) pos=(3.75,0.25,-2.75)
[INFO] [Multiscale] Emit span=1 grid=(7..7,0..0,-5..-5) pos=(3.75,0.25,-2.25)
[INFO] [Multiscale] Emit span=1 grid=(8..8,0..0,-5..-5) pos=(4.25,0.25,-2.25)
[INFO] [Multiscale] Emit span=1 grid=(5..5,0..0,-4..-4) pos=(2.75,0.25,-1.75)
[INFO] [Multiscale] Emit span=1 grid=(6..6,0..0,-4..-4) pos=(3.25,0.25,-1.75)
[INFO] [Multiscale] Emit span=1 grid=(7..7,0..0,-4..-4) pos=(3.75,0.25,-1.75)
[INFO] [Multiscale] Emit span=1 grid=(6..6,0..0,-3..-3) pos=(3.25,0.25,-1.25)
[INFO] [Multiscale] Emit span=1 grid=(4..4,4..4,-2..-2) pos=(2.25,2.25,-0.75)
[INFO] [Multiscale] Converted 12 unit voxels into 12 span clusters
[INFO] [Activation] static->dynamic units=12 spawned=12 base=8019 after=8031
[INFO] [Activation] glue build mismatch pair=(7860,8030) spans=(2,1) dir=(0,0,1) rawUV=(0.000,0.000) uv=(0.000,0.000) weights=(1.000,0.000,0.000,0.000) coarseCenter=(2.52,2.47,-1.51) fineCenter=(2.25,2.25,-0.75)
[INFO] [Activation] glue build mismatch pair=(7860,8030) spans=(2,1) dir=(0,0,1) rawUV=(0.500,0.000) uv=(0.500,0.000) weights=(0.500,0.500,0.000,0.000) coarseCenter=(2.52,2.47,-1.51) fineCenter=(2.25,2.25,-0.75)
[INFO] [Activation] glue build mismatch pair=(7860,8030) spans=(2,1) dir=(0,0,1) rawUV=(0.000,0.500) uv=(0.000,0.500) weights=(0.500,0.000,0.500,0.000) coarseCenter=(2.52,2.47,-1.51) fineCenter=(2.25,2.25,-0.75)
[INFO] [Activation] glue build mismatch pair=(7860,8030) spans=(2,1) dir=(0,0,1) rawUV=(0.500,0.500) uv=(0.500,0.500) weights=(0.250,0.250,0.250,0.250) coarseCenter=(2.52,2.47,-1.51) fineCenter=(2.25,2.25,-0.75)
[INFO] [Activation] glue span mismatch a=8030 span=1 b=7860 span=2 posA=(2.25,2.25,-0.75) posB=(2.52,2.47,-1.51)
[INFO] [RemoveVoxel] idx=3923 voxel_count_before=8031 moved_from=8030 voxel_count_after=8030
[INFO] [RemoveVoxel] idx=3843 voxel_count_before=8030 moved_from=8029 voxel_count_after=8029
[INFO] [RemoveVoxel] idx=3842 voxel_count_before=8029 moved_from=8028 voxel_count_after=8028
[INFO] [Multiscale] Emit span=1 grid=(17..17,2..2,20..20) pos=(8.75,1.25,10.25)
[INFO] [Multiscale] Emit span=1 grid=(17..17,3..3,20..20) pos=(8.75,1.75,10.25)
[INFO] [Multiscale] Emit span=1 grid=(17..17,4..4,20..20) pos=(8.75,2.25,10.25)
[INFO] [Multiscale] Converted 3 unit voxels into 3 span clusters
[INFO] [Deactivate] voxel=3597 cluster_ready=false fail_idx=3923 sleep=1 reason=insufficient-sleep
[INFO] [Deactivate] voxel=3598 span=1 sleep=7/8 waiting
[INFO] [Deactivate] voxel=3599 span=1 sleep=7/8 waiting
[INFO] [Deactivate] voxel=3677 span=1 sleep=2/8 waiting
[INFO] [Deactivate] voxel=3678 span=1 sleep=7/8 waiting
[INFO] [Deactivate] voxel=3679 span=1 sleep=7/8 waiting
[INFO] [Deactivate] voxel=3680 span=1 sleep=7/8 waiting
[INFO] [Deactivate] voxel=3681 span=1 sleep=2/8 waiting
[INFO] [Deactivate] voxel=3758 span=1 sleep=2/8 waiting
[INFO] [Deactivate] voxel=3759 span=1 sleep=7/8 waiting
[INFO] [Deactivate] voxel=3760 span=1 sleep=7/8 waiting
[INFO] [Deactivate] voxel=3761 span=1 sleep=7/8 waiting
[INFO] [Deactivate] voxel=3762 span=1 sleep=2/8 waiting
[INFO] [Deactivate] voxel=3763 span=1 sleep=2/8 waiting
[INFO] [Deactivate] voxel=3839 span=1 sleep=2/8 waiting
[INFO] [Deactivate] voxel=3840 span=1 sleep=2/8 waiting
[INFO] [Deactivate] voxel=3841 span=1 sleep=2/8 waiting
[INFO] [Deactivate] voxel=3842 span=1 sleep=1/8 waiting
[INFO] [Deactivate] voxel=3843 span=1 sleep=1/8 waiting
[INFO] [Deactivate] voxel=3923 span=1 sleep=1/8 waiting
[INFO] [Deactivate] voxel=6934 span=1 sleep=7/8 waiting
[INFO] [Deactivate] voxel=6945 span=1 sleep=7/8 waiting
[INFO] [Deactivate] voxel=6946 span=1 sleep=7/8 waiting
[INFO] [Deactivate] voxel=6947 span=1 sleep=7/8 waiting
[INFO] [Deactivate] voxel=6951 span=1 sleep=7/8 waiting
[INFO] [Deactivate] voxel=6952 span=1 sleep=7/8 waiting
[INFO] [Deactivate] voxel=6953 span=1 sleep=7/8 waiting
[INFO] [Deactivate] voxel=6957 span=1 sleep=7/8 waiting
[INFO] [Deactivate] voxel=6958 span=1 sleep=7/8 waiting
[INFO] [Deactivate] voxel=6964 span=1 sleep=7/8 waiting
[INFO] [Deactivate] voxel=6966 span=1 sleep=7/8 waiting
[INFO] [Deactivate] voxel=6970 span=1 sleep=7/8 waiting
[INFO] [Deactivate] voxel=6974 span=1 sleep=7/8 waiting
[INFO] [Deactivate] voxel=6976 span=1 sleep=7/8 waiting
[INFO] [Deactivate] voxel=6979 span=1 sleep=7/8 waiting
[INFO] [Deactivate] voxel=6980 span=1 sleep=7/8 waiting
[INFO] [Deactivate] voxel=6981 span=1 sleep=7/8 waiting
[INFO] [Deactivate] voxel=6982 span=1 sleep=7/8 waiting
[INFO] [Deactivate] voxel=6983 span=1 sleep=7/8 waiting
[INFO] [Deactivate] voxel=6986 span=1 sleep=7/8 waiting
[INFO] [Deactivate] voxel=6987 span=1 sleep=7/8 waiting
[INFO] [Deactivate] voxel=6988 span=1 sleep=7/8 waiting
[INFO] [Deactivate] voxel=6989 span=1 sleep=7/8 waiting
[INFO] [Deactivate] voxel=6990 span=1 sleep=7/8 waiting
[INFO] [Deactivate] voxel=6991 span=1 sleep=7/8 waiting
[INFO] [Deactivate] voxel=6992 span=1 sleep=7/8 waiting
[INFO] [Deactivate] voxel=6993 span=1 sleep=7/8 waiting
[INFO] [Deactivate] voxel=6995 span=1 sleep=7/8 waiting
[INFO] [Deactivate] voxel=7014 span=1 sleep=7/8 waiting
[INFO] [Deactivate] voxel=7015 span=1 sleep=7/8 waiting
[INFO] [Deactivate] voxel=7018 span=1 sleep=7/8 waiting
[INFO] [Deactivate] voxel=7019 span=1 sleep=7/8 waiting
[INFO] [Support] no-static-connection pos=(19.60,26.84,0.82) bounds=(39..39,53..53,1..1)
[INFO] [Deactivate] cluster_support=false count=1 checked=1 invalid=0 reason=no-static-connection
[INFO] [Deactivate] voxel=7023 cluster=1 lacks static support
[INFO] [Deactivate] voxel=7024 span=1 sleep=7/8 waiting
[INFO] [Deactivate] voxel=7028 span=1 sleep=7/8 waiting
[INFO] [Deactivate] voxel=7029 span=1 sleep=7/8 waiting
[INFO] [Deactivate] voxel=7032 span=1 sleep=7/8 waiting
[INFO] [Deactivate] voxel=7033 span=1 sleep=7/8 waiting
[INFO] [Deactivate] voxel=7035 span=1 sleep=7/8 waiting
[INFO] [Deactivate] voxel=7038 span=1 sleep=7/8 waiting
[INFO] [Support] no-static-connection pos=(5.79,1.60,-0.58) bounds=(11..11,3..3,-2..-2)
[INFO] [Deactivate] cluster_support=false count=1 checked=1 invalid=0 reason=no-static-connection
[INFO] [Deactivate] voxel=7041 cluster=1 lacks static support
[INFO] [Deactivate] voxel=7042 span=1 sleep=7/8 waiting
[INFO] [Deactivate] voxel=7043 span=1 sleep=7/8 waiting
[INFO] [Deactivate] voxel=7049 span=1 sleep=7/8 waiting
[INFO] [Deactivate] voxel=7061 span=1 sleep=7/8 waiting
[INFO] [Deactivate] voxel=7062 span=1 sleep=7/8 waiting
[INFO] [Deactivate] voxel=7063 span=1 sleep=7/8 waiting
[INFO] [Deactivate] voxel=7067 span=1 sleep=7/8 waiting
[INFO] [Deactivate] voxel=7070 span=1 sleep=7/8 waiting
[INFO] [Deactivate] voxel=7073 span=1 sleep=7/8 waiting
[INFO] [Deactivate] voxel=7077 span=1 sleep=7/8 waiting
[INFO] [Deactivate] voxel=7078 span=1 sleep=7/8 waiting
[INFO] [Deactivate] voxel=7079 span=1 sleep=7/8 waiting
[INFO] [Deactivate] voxel=7104 span=1 sleep=7/8 waiting
[INFO] [Support] no-static-connection pos=(-15.36,9.88,-0.06) bounds=(-31..-31,19..19,-1..-1)
[INFO] [Deactivate] cluster_support=false count=1 checked=1 invalid=0 reason=no-static-connection
[INFO] [Deactivate] voxel=7107 cluster=1 lacks static support
[INFO] [Deactivate] voxel=7108 span=1 sleep=7/8 waiting
[INFO] [Deactivate] voxel=7460 span=1 sleep=7/8 waiting
[INFO] [Deactivate] voxel=7489 span=1 sleep=7/8 waiting
[INFO] [Deactivate] voxel=7723 span=1 sleep=7/8 waiting
[INFO] [Deactivate] voxel=7736 span=1 sleep=7/8 waiting
[INFO] [Deactivate] voxel=7739 span=1 sleep=7/8 waiting
[INFO] [Deactivate] voxel=7755 span=1 sleep=7/8 waiting
[INFO] [Deactivate] voxel=7757 span=1 sleep=3/8 waiting
[INFO] [Deactivate] voxel=7768 span=1 sleep=2/8 waiting
[INFO] [Deactivate] voxel=7769 span=1 sleep=2/8 waiting
[INFO] [Deactivate] voxel=7776 span=1 sleep=7/8 waiting
[INFO] [Support] no-static-connection pos=(-2.20,3.50,9.17) bounds=(-5..-5,6..6,18..18)
[INFO] [Deactivate] cluster_support=false count=1 checked=1 invalid=0 reason=no-static-connection
[INFO] [Deactivate] voxel=7778 cluster=1 lacks static support
[INFO] [Deactivate] voxel=7787 span=1 sleep=7/8 waiting
[INFO] [Deactivate] voxel=7790 span=1 sleep=7/8 waiting
[INFO] [Deactivate] voxel=7794 span=1 sleep=7/8 waiting
[INFO] [Deactivate] voxel=7797 span=1 sleep=7/8 waiting
[INFO] [Deactivate] voxel=7800 span=1 sleep=7/8 waiting
[INFO] [Deactivate] voxel=7812 span=1 sleep=7/8 waiting
[INFO] [Deactivate] voxel=7814 span=1 sleep=7/8 waiting
[INFO] [Deactivate] voxel=7815 span=1 sleep=7/8 waiting
[INFO] [Deactivate] voxel=7816 span=1 sleep=7/8 waiting
[INFO] [Deactivate] voxel=7817 span=1 sleep=7/8 waiting
[INFO] [Deactivate] voxel=7818 span=1 sleep=7/8 waiting
[INFO] [Deactivate] voxel=7823 span=1 sleep=7/8 waiting
[INFO] [Deactivate] voxel=7829 span=1 sleep=7/8 waiting
[INFO] [Deactivate] voxel=7832 span=1 sleep=7/8 waiting
[INFO] [Deactivate] voxel=7833 span=1 sleep=7/8 waiting
[INFO] [Deactivate] voxel=7834 span=1 sleep=7/8 waiting
[INFO] [Deactivate] voxel=7837 span=1 sleep=7/8 waiting
[INFO] [Deactivate] voxel=7838 span=1 sleep=7/8 waiting
[INFO] [Deactivate] voxel=7839 span=1 sleep=7/8 waiting
[INFO] [Deactivate] voxel=7840 span=1 sleep=7/8 waiting
[INFO] [Deactivate] voxel=7841 span=1 sleep=7/8 waiting
[INFO] [Deactivate] voxel=7842 span=1 sleep=7/8 waiting
[INFO] [Deactivate] voxel=7843 span=1 sleep=7/8 waiting
[INFO] [Deactivate] voxel=7844 span=1 sleep=7/8 waiting
[INFO] [Deactivate] voxel=7852 span=1 sleep=7/8 waiting
[INFO] [Deactivate] voxel=7854 span=1 sleep=7/8 waiting
[INFO] [Deactivate] voxel=7855 span=1 sleep=7/8 waiting
[INFO] [Deactivate] voxel=7856 span=1 sleep=7/8 waiting
[INFO] [Deactivate] voxel=7857 span=1 sleep=7/8 waiting
[INFO] [Deactivate] voxel=7858 span=1 sleep=7/8 waiting
[INFO] [Deactivate] voxel=7859 span=1 sleep=2/8 waiting
[INFO] [Deactivate] voxel=7860 span=2 sleep=7/8 waiting
[INFO] [Deactivate] voxel=7861 span=1 sleep=7/8 waiting
[INFO] [Deactivate] voxel=7868 span=1 sleep=7/8 waiting
[INFO] [Deactivate] voxel=7872 span=1 sleep=7/8 waiting
[INFO] [Deactivate] voxel=7874 span=1 sleep=7/8 waiting
[INFO] [Deactivate] voxel=7875 span=1 sleep=7/8 waiting
[INFO] [Deactivate] voxel=7876 span=1 sleep=7/8 waiting
[INFO] [Deactivate] voxel=7877 span=1 sleep=7/8 waiting
[INFO] [Deactivate] voxel=7878 span=1 sleep=7/8 waiting
[INFO] [Deactivate] voxel=7879 span=1 sleep=7/8 waiting
[INFO] [Deactivate] voxel=7880 span=1 sleep=7/8 waiting
[INFO] [Deactivate] voxel=7881 span=1 sleep=7/8 waiting
[INFO] [Deactivate] voxel=7892 span=1 sleep=7/8 waiting
[INFO] [Deactivate] voxel=7894 span=1 sleep=7/8 waiting
[INFO] [Deactivate] voxel=7895 span=1 sleep=7/8 waiting
[INFO] [Deactivate] voxel=7896 span=1 sleep=7/8 waiting
[INFO] [Deactivate] voxel=7897 span=1 sleep=7/8 waiting
[INFO] [Deactivate] voxel=7898 span=1 sleep=7/8 waiting
[INFO] [Deactivate] voxel=7899 span=1 sleep=7/8 waiting
[INFO] [Deactivate] voxel=7900 span=1 sleep=7/8 waiting
[INFO] [Deactivate] voxel=7902 span=1 sleep=7/8 waiting
[INFO] [Deactivate] voxel=7903 span=1 sleep=7/8 waiting
[INFO] [Deactivate] voxel=7904 span=1 sleep=7/8 waiting
[INFO] [Deactivate] voxel=7905 span=1 sleep=7/8 waiting
[INFO] [Deactivate] voxel=7906 span=1 sleep=7/8 waiting
[INFO] [Deactivate] voxel=7907 span=1 sleep=7/8 waiting
[INFO] [Deactivate] voxel=7908 span=1 sleep=7/8 waiting
[INFO] [Deactivate] voxel=7909 span=1 sleep=7/8 waiting
[INFO] [Deactivate] voxel=7910 span=1 sleep=7/8 waiting
[INFO] [Deactivate] voxel=7911 span=1 sleep=7/8 waiting
[INFO] [Deactivate] voxel=7913 span=1 sleep=7/8 waiting
[INFO] [Deactivate] voxel=7916 span=1 sleep=7/8 waiting
[INFO] [Deactivate] voxel=7917 span=1 sleep=7/8 waiting
[INFO] [Deactivate] voxel=7918 span=1 sleep=7/8 waiting
[INFO] [Deactivate] voxel=7921 span=1 sleep=7/8 waiting
[INFO] [Deactivate] voxel=7985 span=1 sleep=7/8 waiting
[INFO] [Deactivate] voxel=7986 span=1 sleep=7/8 waiting
[INFO] [Deactivate] voxel=7987 span=1 sleep=7/8 waiting
[INFO] [Deactivate] voxel=7988 span=1 sleep=7/8 waiting
[INFO] [Deactivate] voxel=7989 span=1 sleep=7/8 waiting
[INFO] [Deactivate] voxel=7990 span=1 sleep=7/8 waiting
[INFO] [Deactivate] voxel=7991 span=1 sleep=7/8 waiting
[INFO] [Deactivate] voxel=7992 span=1 sleep=7/8 waiting
[INFO] [Deactivate] voxel=7993 span=1 sleep=7/8 waiting
[INFO] [Deactivate] voxel=7994 span=1 sleep=7/8 waiting
[INFO] [Deactivate] voxel=7995 span=1 sleep=7/8 waiting
[INFO] [Deactivate] voxel=7996 span=1 sleep=7/8 waiting
[INFO] [Deactivate] voxel=7997 span=1 sleep=7/8 waiting
[INFO] [Deactivate] voxel=7998 span=1 sleep=7/8 waiting
[INFO] [Deactivate] voxel=7999 span=1 sleep=7/8 waiting
[INFO] [Deactivate] voxel=8000 span=1 sleep=7/8 waiting
[INFO] [Deactivate] voxel=8001 span=1 sleep=7/8 waiting
[INFO] [Deactivate] voxel=8002 span=1 sleep=7/8 waiting
[INFO] [Deactivate] voxel=8003 span=1 sleep=7/8 waiting
[INFO] [Deactivate] voxel=8004 span=1 sleep=7/8 waiting
[INFO] [Deactivate] voxel=8005 span=1 sleep=7/8 waiting
[INFO] [Deactivate] voxel=8006 span=1 sleep=7/8 waiting
[INFO] [Deactivate] voxel=8007 span=1 sleep=7/8 waiting
[INFO] [Deactivate] voxel=8008 span=1 sleep=7/8 waiting
[INFO] [Deactivate] voxel=8009 span=1 sleep=7/8 waiting
[INFO] [Deactivate] voxel=8010 span=1 sleep=7/8 waiting
[INFO] [Deactivate] voxel=8011 span=1 sleep=7/8 waiting
[INFO] [Deactivate] voxel=8012 span=1 sleep=7/8 waiting
[INFO] [Deactivate] voxel=8013 span=1 sleep=7/8 waiting
[INFO] [Deactivate] voxel=8014 span=1 sleep=7/8 waiting
[INFO] [Deactivate] voxel=8015 span=1 sleep=2/8 waiting
[INFO] [Deactivate] voxel=8016 span=1 sleep=2/8 waiting
[INFO] [Deactivate] voxel=8017 span=1 sleep=2/8 waiting
[INFO] [Deactivate] voxel=8018 span=1 sleep=2/8 waiting
[INFO] [Deactivate] voxel=8019 span=1 sleep=1/8 waiting
[INFO] [Deactivate] voxel=8020 span=1 sleep=1/8 waiting
[INFO] [Deactivate] voxel=8021 span=1 sleep=1/8 waiting
[INFO] [Deactivate] voxel=8022 span=1 sleep=1/8 waiting
[INFO] [Deactivate] voxel=8023 span=1 sleep=1/8 waiting
[INFO] [Deactivate] voxel=8024 span=1 sleep=1/8 waiting
[INFO] [Deactivate] voxel=8025 span=1 sleep=1/8 waiting
[INFO] [Deactivate] voxel=8026 span=1 sleep=1/8 waiting
[INFO] [Deactivate] voxel=8027 span=1 sleep=1/8 waiting
[INFO] [Deactivate] voxel=8028 span=1 sleep=3/8 waiting
[INFO] [Deactivate] voxel=8029 span=1 sleep=3/8 waiting
[INFO] [Deactivate] voxel=8030 span=1 sleep=3/8 waiting
[INFO] VAO: [ID 50] Unloaded vertex array data from VRAM (GPU)
[INFO] VAO: [ID 51] Mesh uploaded successfully to VRAM (GPU)
[INFO] [RemoveVoxel] idx=8030 voxel_count_before=8031 moved_from=-1 voxel_count_after=8030
[INFO] [RemoveVoxel] idx=8029 voxel_count_before=8030 moved_from=-1 voxel_count_after=8029
[INFO] [RemoveVoxel] idx=8028 voxel_count_before=8029 moved_from=-1 voxel_count_after=8028
[INFO] [Multiscale] Emit span=1 grid=(17..17,2..2,20..20) pos=(8.75,1.25,10.25)
[INFO] [Multiscale] Emit span=1 grid=(17..17,3..3,20..20) pos=(8.75,1.75,10.25)
[INFO] [Multiscale] Emit span=1 grid=(17..17,4..4,20..20) pos=(8.75,2.25,10.25)
[INFO] [Multiscale] Converted 3 unit voxels into 3 span clusters
[INFO] [Deactivate] voxel=3597 cluster_ready=false fail_idx=7769 sleep=3 reason=insufficient-sleep
[INFO] [Deactivate] voxel=3598 span=1 sleep=7/8 waiting
[INFO] [Deactivate] voxel=3599 span=1 sleep=7/8 waiting
[INFO] [Deactivate] voxel=3677 span=1 sleep=3/8 waiting
[INFO] [Deactivate] voxel=3678 span=1 sleep=7/8 waiting
[INFO] [Deactivate] voxel=3679 span=1 sleep=7/8 waiting
[INFO] [Deactivate] voxel=3680 span=1 sleep=7/8 waiting
[INFO] [Deactivate] voxel=3681 span=1 sleep=3/8 waiting
[INFO] [Deactivate] voxel=3758 span=1 sleep=3/8 waiting
[INFO] [Deactivate] voxel=3759 span=1 sleep=7/8 waiting
[INFO] [Deactivate] voxel=3760 span=1 sleep=7/8 waiting
[INFO] [Deactivate] voxel=3761 span=1 sleep=7/8 waiting
[INFO] [Deactivate] voxel=3762 span=1 sleep=3/8 waiting
[INFO] [Deactivate] voxel=3763 span=1 sleep=3/8 waiting
[INFO] [Deactivate] voxel=3839 span=1 sleep=3/8 waiting
[INFO] [Deactivate] voxel=3840 span=1 sleep=3/8 waiting
[INFO] [Deactivate] voxel=3841 span=1 sleep=3/8 waiting
[INFO] [Deactivate] voxel=3842 span=1 sleep=2/8 waiting
[INFO] [Deactivate] voxel=3843 span=1 sleep=2/8 waiting
[INFO] [Deactivate] voxel=3923 span=1 sleep=2/8 waiting
[INFO] [Deactivate] voxel=6934 span=1 sleep=7/8 waiting
[INFO] [Deactivate] voxel=6945 span=1 sleep=7/8 waiting
[INFO] [Deactivate] voxel=6946 span=1 sleep=7/8 waiting
[INFO] [Deactivate] voxel=6947 span=1 sleep=7/8 waiting
[INFO] [Deactivate] voxel=6951 span=1 sleep=7/8 waiting
[INFO] [Deactivate] voxel=6952 span=1 sleep=7/8 waiting
[INFO] [Deactivate] voxel=6953 span=1 sleep=7/8 waiting
[INFO] [Deactivate] voxel=6957 span=1 sleep=7/8 waiting
[INFO] [Deactivate] voxel=6958 span=1 sleep=7/8 waiting
[INFO] [Deactivate] voxel=6964 span=1 sleep=7/8 waiting
[INFO] [Deactivate] voxel=6966 span=1 sleep=7/8 waiting
[INFO] [Deactivate] voxel=6970 span=1 sleep=7/8 waiting
[INFO] [Deactivate] voxel=6974 span=1 sleep=7/8 waiting
[INFO] [Deactivate] voxel=6976 span=1 sleep=7/8 waiting
[INFO] [Deactivate] voxel=6979 span=1 sleep=7/8 waiting
[INFO] [Deactivate] voxel=6980 span=1 sleep=7/8 waiting
[INFO] [Deactivate] voxel=6981 span=1 sleep=7/8 waiting
[INFO] [Deactivate] voxel=6982 span=1 sleep=7/8 waiting
[INFO] [Deactivate] voxel=6983 span=1 sleep=7/8 waiting
[INFO] [Deactivate] voxel=6986 span=1 sleep=7/8 waiting
[INFO] [Deactivate] voxel=6987 span=1 sleep=7/8 waiting
[INFO] [Deactivate] voxel=6988 span=1 sleep=7/8 waiting
[INFO] [Deactivate] voxel=6989 span=1 sleep=7/8 waiting
[INFO] [Deactivate] voxel=6990 span=1 sleep=7/8 waiting
[INFO] [Deactivate] voxel=6991 span=1 sleep=7/8 waiting
[INFO] [Deactivate] voxel=6992 span=1 sleep=7/8 waiting
[INFO] [Deactivate] voxel=6993 span=1 sleep=7/8 waiting
[INFO] [Deactivate] voxel=6995 span=1 sleep=7/8 waiting
[INFO] [Deactivate] voxel=7014 span=1 sleep=7/8 waiting
[INFO] [Deactivate] voxel=7015 span=1 sleep=7/8 waiting
[INFO] [Deactivate] voxel=7018 span=1 sleep=7/8 waiting
[INFO] [Deactivate] voxel=7019 span=1 sleep=7/8 waiting
[INFO] [Support] no-static-connection pos=(19.09,27.01,-0.92) bounds=(38..38,54..54,-2..-2)
[INFO] [Deactivate] cluster_support=false count=1 checked=1 invalid=0 reason=no-static-connection
[INFO] [Deactivate] voxel=7023 cluster=1 lacks static support
[INFO] [Deactivate] voxel=7024 span=1 sleep=7/8 waiting
[INFO] [Deactivate] voxel=7028 span=1 sleep=7/8 waiting
[INFO] [Deactivate] voxel=7029 span=1 sleep=7/8 waiting
[INFO] [Deactivate] voxel=7032 span=1 sleep=7/8 waiting
[INFO] [Deactivate] voxel=7033 span=1 sleep=7/8 waiting
[INFO] [Deactivate] voxel=7035 span=1 sleep=7/8 waiting
[INFO] [Deactivate] voxel=7038 span=1 sleep=7/8 waiting
[INFO] [RemoveVoxel] idx=7041 voxel_count_before=8031 moved_from=8030 voxel_count_after=8030
[INFO] [RestoreCluster] count=1 voxel_count before=8031 after_removal=8030 after_restore=8031 static_success=1
[INFO] [Deactivate] restored cluster starting=7041 count=1 remaining_budget_before=128
[INFO] [Deactivate] voxel=7041 span=1 sleep=4/8 waiting
[INFO] [Deactivate] voxel=7042 span=1 sleep=7/8 waiting
[INFO] [Deactivate] voxel=7043 span=1 sleep=7/8 waiting
[INFO] [Deactivate] voxel=7049 span=1 sleep=7/8 waiting
[INFO] [Deactivate] voxel=7061 span=1 sleep=7/8 waiting
[INFO] [Deactivate] voxel=7062 span=1 sleep=7/8 waiting
[INFO] [Deactivate] voxel=7063 span=1 sleep=7/8 waiting
[INFO] [Deactivate] voxel=7067 span=1 sleep=7/8 waiting
[INFO] [Deactivate] voxel=7070 span=1 sleep=7/8 waiting
[INFO] [Deactivate] voxel=7073 span=1 sleep=7/8 waiting
[INFO] [Deactivate] voxel=7077 span=1 sleep=7/8 waiting
[INFO] [Deactivate] voxel=7078 span=1 sleep=7/8 waiting
[INFO] [Deactivate] voxel=7079 span=1 sleep=7/8 waiting
[INFO] [Deactivate] voxel=7104 span=1 sleep=7/8 waiting
[INFO] [Support] no-static-connection pos=(-16.20,8.17,-1.40) bounds=(-33..-33,16..16,-3..-3)
[INFO] [Deactivate] cluster_support=false count=1 checked=1 invalid=0 reason=no-static-connection
[INFO] [Deactivate] voxel=7107 cluster=1 lacks static support
[INFO] [Deactivate] voxel=7108 span=1 sleep=7/8 waiting
[INFO] [Deactivate] voxel=7460 span=1 sleep=7/8 waiting
[INFO] [Deactivate] voxel=7489 span=1 sleep=7/8 waiting
[INFO] [Deactivate] voxel=7723 span=1 sleep=7/8 waiting
[INFO] [Deactivate] voxel=7736 span=1 sleep=7/8 waiting
[INFO] [Deactivate] voxel=7739 span=1 sleep=7/8 waiting
[INFO] [Deactivate] voxel=7755 span=1 sleep=7/8 waiting
[INFO] [Deactivate] voxel=7757 span=1 sleep=4/8 waiting
[INFO] [Deactivate] voxel=7768 span=1 sleep=3/8 waiting
[INFO] [Deactivate] voxel=7769 span=1 sleep=3/8 waiting
[INFO] [Deactivate] voxel=7776 span=1 sleep=7/8 waiting
[INFO] [Support] no-static-connection pos=(-2.62,2.17,9.81) bounds=(-6..-6,4..4,19..19)
[INFO] [Deactivate] cluster_support=false count=1 checked=1 invalid=0 reason=no-static-connection
[INFO] [Deactivate] voxel=7778 cluster=1 lacks static support
[INFO] [Deactivate] voxel=7787 span=1 sleep=7/8 waiting
[INFO] [Deactivate] voxel=7790 span=1 sleep=7/8 waiting
[INFO] [Deactivate] voxel=7794 span=1 sleep=7/8 waiting
[INFO] [Deactivate] voxel=7797 span=1 sleep=7/8 waiting
[INFO] [Deactivate] voxel=7800 span=1 sleep=7/8 waiting
[INFO] [Deactivate] voxel=7812 span=1 sleep=7/8 waiting
[INFO] [Deactivate] voxel=7814 span=1 sleep=7/8 waiting
[INFO] [Deactivate] voxel=7815 span=1 sleep=7/8 waiting
[INFO] [Deactivate] voxel=7816 span=1 sleep=7/8 waiting
[INFO] [Deactivate] voxel=7817 span=1 sleep=7/8 waiting
[INFO] [Deactivate] voxel=7818 span=1 sleep=7/8 waiting
[INFO] [Deactivate] voxel=7823 span=1 sleep=7/8 waiting
[INFO] [Deactivate] voxel=7829 span=1 sleep=7/8 waiting
[INFO] [Deactivate] voxel=7832 span=1 sleep=7/8 waiting
[INFO] [Deactivate] voxel=7833 span=1 sleep=7/8 waiting
[INFO] [Deactivate] voxel=7834 span=1 sleep=7/8 waiting
[INFO] [Deactivate] voxel=7837 span=1 sleep=7/8 waiting
[INFO] [Deactivate] voxel=7838 span=1 sleep=7/8 waiting
[INFO] [Deactivate] voxel=7839 span=1 sleep=7/8 waiting
[INFO] [Deactivate] voxel=7840 span=1 sleep=7/8 waiting
[INFO] [Deactivate] voxel=7841 span=1 sleep=7/8 waiting
[INFO] [Deactivate] voxel=7842 span=1 sleep=7/8 waiting
[INFO] [Deactivate] voxel=7843 span=1 sleep=7/8 waiting
[INFO] [Deactivate] voxel=7844 span=1 sleep=7/8 waiting
[INFO] [Deactivate] voxel=7852 span=1 sleep=7/8 waiting
[INFO] [Deactivate] voxel=7854 span=1 sleep=7/8 waiting
[INFO] [Deactivate] voxel=7855 span=1 sleep=7/8 waiting
[INFO] [Deactivate] voxel=7856 span=1 sleep=7/8 waiting
[INFO] [Deactivate] voxel=7857 span=1 sleep=7/8 waiting
[INFO] [Deactivate] voxel=7858 span=1 sleep=7/8 waiting
[INFO] [Deactivate] voxel=7859 span=1 sleep=3/8 waiting
[INFO] [Deactivate] voxel=7860 span=2 sleep=7/8 waiting
[INFO] [Deactivate] voxel=7861 span=1 sleep=7/8 waiting
[INFO] [Deactivate] voxel=7868 span=1 sleep=7/8 waiting
[INFO] [Deactivate] voxel=7872 span=1 sleep=7/8 waiting
[INFO] [Deactivate] voxel=7874 span=1 sleep=7/8 waiting
[INFO] [Deactivate] voxel=7875 span=1 sleep=7/8 waiting
[INFO] [Deactivate] voxel=7876 span=1 sleep=7/8 waiting
[INFO] [Deactivate] voxel=7877 span=1 sleep=7/8 waiting
[INFO] [Deactivate] voxel=7878 span=1 sleep=7/8 waiting
[INFO] [Deactivate] voxel=7879 span=1 sleep=7/8 waiting
[INFO] [Deactivate] voxel=7880 span=1 sleep=7/8 waiting
[INFO] [Deactivate] voxel=7881 span=1 sleep=7/8 waiting
[INFO] [Deactivate] voxel=7892 span=1 sleep=7/8 waiting
[INFO] [Deactivate] voxel=7894 span=1 sleep=7/8 waiting
[INFO] [Deactivate] voxel=7895 span=1 sleep=7/8 waiting
[INFO] [Deactivate] voxel=7896 span=1 sleep=7/8 waiting
[INFO] [Deactivate] voxel=7897 span=1 sleep=7/8 waiting
[INFO] [Deactivate] voxel=7898 span=1 sleep=7/8 waiting
[INFO] [Deactivate] voxel=7899 span=1 sleep=7/8 waiting
[INFO] [Deactivate] voxel=7900 span=1 sleep=7/8 waiting
[INFO] [Deactivate] voxel=7902 span=1 sleep=7/8 waiting
[INFO] [Deactivate] voxel=7903 span=1 sleep=7/8 waiting
[INFO] [Deactivate] voxel=7904 span=1 sleep=7/8 waiting
[INFO] [Deactivate] voxel=7905 span=1 sleep=7/8 waiting
[INFO] [Deactivate] voxel=7906 span=1 sleep=7/8 waiting
[INFO] [Deactivate] voxel=7907 span=1 sleep=7/8 waiting
[INFO] [Deactivate] voxel=7908 span=1 sleep=7/8 waiting
[INFO] [Deactivate] voxel=7909 span=1 sleep=7/8 waiting
[INFO] [Deactivate] voxel=7910 span=1 sleep=7/8 waiting
[INFO] [Deactivate] voxel=7911 span=1 sleep=7/8 waiting
[INFO] [Deactivate] voxel=7913 span=1 sleep=7/8 waiting
[INFO] [Deactivate] voxel=7916 span=1 sleep=7/8 waiting
[INFO] [Deactivate] voxel=7917 span=1 sleep=7/8 waiting
[INFO] [Deactivate] voxel=7918 span=1 sleep=7/8 waiting
[INFO] [Deactivate] voxel=7921 span=1 sleep=7/8 waiting
[INFO] [Deactivate] voxel=7985 span=1 sleep=7/8 waiting
[INFO] [Deactivate] voxel=7986 span=1 sleep=7/8 waiting
[INFO] [Deactivate] voxel=7987 span=1 sleep=7/8 waiting
[INFO] [Deactivate] voxel=7988 span=1 sleep=7/8 waiting
[INFO] [Deactivate] voxel=7989 span=1 sleep=7/8 waiting
[INFO] [Deactivate] voxel=7990 span=1 sleep=7/8 waiting
[INFO] [Deactivate] voxel=7991 span=1 sleep=7/8 waiting
[INFO] [Deactivate] voxel=7992 span=1 sleep=7/8 waiting
[INFO] [Deactivate] voxel=7993 span=1 sleep=7/8 waiting
[INFO] [Deactivate] voxel=7994 span=1 sleep=7/8 waiting
[INFO] [Deactivate] voxel=7995 span=1 sleep=7/8 waiting
[INFO] [Deactivate] voxel=7996 span=1 sleep=7/8 waiting
[INFO] [Deactivate] voxel=7997 span=1 sleep=7/8 waiting
[INFO] [Deactivate] voxel=7998 span=1 sleep=7/8 waiting
[INFO] [Deactivate] voxel=7999 span=1 sleep=7/8 waiting
[INFO] [Deactivate] voxel=8000 span=1 sleep=7/8 waiting
[INFO] [Deactivate] voxel=8001 span=1 sleep=7/8 waiting
[INFO] [Deactivate] voxel=8002 span=1 sleep=7/8 waiting
[INFO] [Deactivate] voxel=8003 span=1 sleep=7/8 waiting
[INFO] [Deactivate] voxel=8004 span=1 sleep=7/8 waiting
[INFO] [Deactivate] voxel=8005 span=1 sleep=7/8 waiting
[INFO] [Deactivate] voxel=8006 span=1 sleep=7/8 waiting
[INFO] [Deactivate] voxel=8007 span=1 sleep=7/8 waiting
[INFO] [Deactivate] voxel=8008 span=1 sleep=7/8 waiting
[INFO] [Deactivate] voxel=8009 span=1 sleep=7/8 waiting
[INFO] [Deactivate] voxel=8010 span=1 sleep=7/8 waiting
[INFO] [Deactivate] voxel=8011 span=1 sleep=7/8 waiting
[INFO] [Deactivate] voxel=8012 span=1 sleep=7/8 waiting
[INFO] [Deactivate] voxel=8013 span=1 sleep=7/8 waiting
[INFO] [Deactivate] voxel=8014 span=1 sleep=7/8 waiting
[INFO] [Deactivate] voxel=8015 span=1 sleep=3/8 waiting
[INFO] [Deactivate] voxel=8016 span=1 sleep=3/8 waiting
[INFO] [Deactivate] voxel=8017 span=1 sleep=3/8 waiting
[INFO] [Deactivate] voxel=8018 span=1 sleep=3/8 waiting
[INFO] [Deactivate] voxel=8019 span=1 sleep=2/8 waiting
[INFO] [Deactivate] voxel=8020 span=1 sleep=2/8 waiting
[INFO] [Deactivate] voxel=8021 span=1 sleep=2/8 waiting
[INFO] [Deactivate] voxel=8022 span=1 sleep=2/8 waiting
[INFO] [Deactivate] voxel=8023 span=1 sleep=2/8 waiting
[INFO] [Deactivate] voxel=8024 span=1 sleep=2/8 waiting
[INFO] [Deactivate] voxel=8025 span=1 sleep=2/8 waiting
[INFO] [Deactivate] voxel=8026 span=1 sleep=2/8 waiting
[INFO] [Deactivate] voxel=8027 span=1 sleep=2/8 waiting
[INFO] [Deactivate] voxel=8028 span=1 sleep=4/8 waiting
[INFO] [Deactivate] voxel=8029 span=1 sleep=4/8 waiting
[INFO] VAO: [ID 51] Unloaded vertex array data from VRAM (GPU)
[INFO] VAO: [ID 52] Mesh uploaded successfully to VRAM (GPU)
[INFO] [RemoveVoxel] idx=8029 voxel_count_before=8031 moved_from=8030 voxel_count_after=8030
[INFO] [RemoveVoxel] idx=8028 voxel_count_before=8030 moved_from=8029 voxel_count_after=8029
[INFO] [RemoveVoxel] idx=7041 voxel_count_before=8029 moved_from=8028 voxel_count_after=8028
[INFO] [Multiscale] Emit span=1 grid=(17..17,2..2,20..20) pos=(8.75,1.25,10.25)
[INFO] [Multiscale] Emit span=1 grid=(17..17,3..3,20..20) pos=(8.75,1.75,10.25)
[INFO] [Multiscale] Emit span=1 grid=(17..17,4..4,20..20) pos=(8.75,2.25,10.25)
[INFO] [Multiscale] Converted 3 unit voxels into 3 span clusters
[INFO] [Deactivate] voxel=3597 cluster_ready=false fail_idx=7769 sleep=4 reason=insufficient-sleep
[INFO] [Deactivate] voxel=3598 span=1 sleep=7/8 waiting
[INFO] [Deactivate] voxel=3599 span=1 sleep=7/8 waiting
[INFO] [Deactivate] voxel=3677 span=1 sleep=4/8 waiting
[INFO] [Deactivate] voxel=3678 span=1 sleep=7/8 waiting
[INFO] [Deactivate] voxel=3679 span=1 sleep=7/8 waiting
[INFO] [Deactivate] voxel=3680 span=1 sleep=7/8 waiting
[INFO] [Deactivate] voxel=3681 span=1 sleep=4/8 waiting
[INFO] [Deactivate] voxel=3758 span=1 sleep=4/8 waiting
[INFO] [Deactivate] voxel=3759 span=1 sleep=7/8 waiting
[INFO] [Deactivate] voxel=3760 span=1 sleep=7/8 waiting
[INFO] [Deactivate] voxel=3761 span=1 sleep=7/8 waiting
[INFO] [Deactivate] voxel=3762 span=1 sleep=4/8 waiting
[INFO] [Deactivate] voxel=3763 span=1 sleep=4/8 waiting
[INFO] [Deactivate] voxel=3839 span=1 sleep=4/8 waiting
[INFO] [Deactivate] voxel=3840 span=1 sleep=4/8 waiting
[INFO] [Deactivate] voxel=3841 span=1 sleep=4/8 waiting
[INFO] [Deactivate] voxel=3842 span=1 sleep=3/8 waiting
[INFO] [Deactivate] voxel=3843 span=1 sleep=3/8 waiting
[INFO] [Deactivate] voxel=3923 span=1 sleep=3/8 waiting
[INFO] [Deactivate] voxel=6934 span=1 sleep=7/8 waiting
[INFO] [Deactivate] voxel=6945 span=1 sleep=7/8 waiting
[INFO] [Deactivate] voxel=6946 span=1 sleep=7/8 waiting
[INFO] [Deactivate] voxel=6947 span=1 sleep=7/8 waiting
[INFO] [Deactivate] voxel=6951 span=1 sleep=7/8 waiting
[INFO] [Deactivate] voxel=6952 span=1 sleep=7/8 waiting
[INFO] [Deactivate] voxel=6953 span=1 sleep=7/8 waiting
[INFO] [Deactivate] voxel=6957 span=1 sleep=7/8 waiting
[INFO] [Deactivate] voxel=6958 span=1 sleep=7/8 waiting
[INFO] [Deactivate] voxel=6964 span=1 sleep=7/8 waiting
[INFO] [Deactivate] voxel=6966 span=1 sleep=7/8 waiting
[INFO] [Deactivate] voxel=6970 span=1 sleep=7/8 waiting
[INFO] [Deactivate] voxel=6974 span=1 sleep=7/8 waiting
[INFO] [Deactivate] voxel=6976 span=1 sleep=7/8 waiting
[INFO] [Deactivate] voxel=6979 span=1 sleep=7/8 waiting
[INFO] [Deactivate] voxel=6980 span=1 sleep=7/8 waiting
[INFO] [Deactivate] voxel=6981 span=1 sleep=7/8 waiting
[INFO] [Deactivate] voxel=6982 span=1 sleep=7/8 waiting
[INFO] [Deactivate] voxel=6983 span=1 sleep=7/8 waiting
[INFO] [Deactivate] voxel=6986 span=1 sleep=7/8 waiting
[INFO] [Deactivate] voxel=6987 span=1 sleep=7/8 waiting
[INFO] [Deactivate] voxel=6988 span=1 sleep=7/8 waiting
[INFO] [Deactivate] voxel=6989 span=1 sleep=7/8 waiting
[INFO] [Deactivate] voxel=6990 span=1 sleep=7/8 waiting
[INFO] [Deactivate] voxel=6991 span=1 sleep=7/8 waiting
[INFO] [Deactivate] voxel=6992 span=1 sleep=7/8 waiting
[INFO] [Deactivate] voxel=6993 span=1 sleep=7/8 waiting
[INFO] [Deactivate] voxel=6995 span=1 sleep=7/8 waiting
[INFO] [Deactivate] voxel=7014 span=1 sleep=7/8 waiting
[INFO] [Deactivate] voxel=7015 span=1 sleep=7/8 waiting
[INFO] [Deactivate] voxel=7018 span=1 sleep=7/8 waiting
[INFO] [Deactivate] voxel=7019 span=1 sleep=7/8 waiting
[INFO] [Support] no-static-connection pos=(18.57,26.96,-2.60) bounds=(37..37,53..53,-6..-6)
[INFO] [Deactivate] cluster_support=false count=1 checked=1 invalid=0 reason=no-static-connection
[INFO] [Deactivate] voxel=7023 cluster=1 lacks static support
[INFO] [Deactivate] voxel=7024 span=1 sleep=7/8 waiting
[INFO] [Deactivate] voxel=7028 span=1 sleep=7/8 waiting
[INFO] [Deactivate] voxel=7029 span=1 sleep=7/8 waiting
[INFO] [Deactivate] voxel=7032 span=1 sleep=7/8 waiting
[INFO] [Deactivate] voxel=7033 span=1 sleep=7/8 waiting
[INFO] [Deactivate] voxel=7035 span=1 sleep=7/8 waiting
[INFO] [Deactivate] voxel=7038 span=1 sleep=7/8 waiting
[INFO] [Deactivate] voxel=7042 span=1 sleep=7/8 waiting
[INFO] [Deactivate] voxel=7043 span=1 sleep=7/8 waiting
[INFO] [Deactivate] voxel=7049 span=1 sleep=7/8 waiting
[INFO] [Deactivate] voxel=7061 span=1 sleep=7/8 waiting
[INFO] [Deactivate] voxel=7062 span=1 sleep=7/8 waiting
[INFO] [Deactivate] voxel=7063 span=1 sleep=7/8 waiting
[INFO] [Deactivate] voxel=7067 span=1 sleep=7/8 waiting
[INFO] [Deactivate] voxel=7070 span=1 sleep=7/8 waiting
[INFO] [Deactivate] voxel=7073 span=1 sleep=7/8 waiting
[INFO] [Deactivate] voxel=7077 span=1 sleep=7/8 waiting
[INFO] [Deactivate] voxel=7078 span=1 sleep=7/8 waiting
[INFO] [Deactivate] voxel=7079 span=1 sleep=7/8 waiting
[INFO] [Deactivate] voxel=7104 span=1 sleep=7/8 waiting
[INFO] [Support] no-static-connection pos=(-17.02,6.28,-2.70) bounds=(-35..-35,12..12,-6..-6)
[INFO] [Deactivate] cluster_support=false count=1 checked=1 invalid=0 reason=no-static-connection
[INFO] [Deactivate] voxel=7107 cluster=1 lacks static support
[INFO] [Deactivate] voxel=7108 span=1 sleep=7/8 waiting
[INFO] [Deactivate] voxel=7460 span=1 sleep=7/8 waiting
[INFO] [Deactivate] voxel=7489 span=1 sleep=7/8 waiting
[INFO] [Deactivate] voxel=7723 span=1 sleep=7/8 waiting
[INFO] [Deactivate] voxel=7736 span=1 sleep=7/8 waiting
[INFO] [Deactivate] voxel=7739 span=1 sleep=7/8 waiting
[INFO] [Deactivate] voxel=7755 span=1 sleep=7/8 waiting
[INFO] [Deactivate] voxel=7757 span=1 sleep=5/8 waiting
[INFO] [Deactivate] voxel=7768 span=1 sleep=4/8 waiting
[INFO] [Deactivate] voxel=7769 span=1 sleep=4/8 waiting
[INFO] [Deactivate] voxel=7776 span=1 sleep=7/8 waiting
[INFO] [RemoveVoxel] idx=7778 voxel_count_before=8031 moved_from=8030 voxel_count_after=8030
[INFO] [RestoreCluster] count=1 voxel_count before=8031 after_removal=8030 after_restore=8031 static_success=1
[INFO] [Deactivate] restored cluster starting=7778 count=1 remaining_budget_before=128
[INFO] [Deactivate] voxel=7778 span=1 sleep=5/8 waiting
[INFO] [Deactivate] voxel=7787 span=1 sleep=7/8 waiting
[INFO] [Deactivate] voxel=7790 span=1 sleep=7/8 waiting
[INFO] [Deactivate] voxel=7794 span=1 sleep=7/8 waiting
[INFO] [Deactivate] voxel=7797 span=1 sleep=7/8 waiting
[INFO] [Deactivate] voxel=7800 span=1 sleep=7/8 waiting
[INFO] [Deactivate] voxel=7812 span=1 sleep=7/8 waiting
[INFO] [Deactivate] voxel=7814 span=1 sleep=7/8 waiting
[INFO] [Deactivate] voxel=7815 span=1 sleep=7/8 waiting
[INFO] [Deactivate] voxel=7816 span=1 sleep=7/8 waiting
[INFO] [Deactivate] voxel=7817 span=1 sleep=7/8 waiting
[INFO] [Deactivate] voxel=7818 span=1 sleep=7/8 waiting
[INFO] [Deactivate] voxel=7823 span=1 sleep=7/8 waiting
[INFO] [Deactivate] voxel=7829 span=1 sleep=7/8 waiting
[INFO] [Deactivate] voxel=7832 span=1 sleep=7/8 waiting
[INFO] [Deactivate] voxel=7833 span=1 sleep=7/8 waiting
[INFO] [Deactivate] voxel=7834 span=1 sleep=7/8 waiting
[INFO] [Deactivate] voxel=7837 span=1 sleep=7/8 waiting
[INFO] [Deactivate] voxel=7838 span=1 sleep=7/8 waiting
[INFO] [Deactivate] voxel=7839 span=1 sleep=7/8 waiting
[INFO] [Deactivate] voxel=7840 span=1 sleep=7/8 waiting
[INFO] [Deactivate] voxel=7841 span=1 sleep=7/8 waiting
[INFO] [Deactivate] voxel=7842 span=1 sleep=7/8 waiting
[INFO] [Deactivate] voxel=7843 span=1 sleep=7/8 waiting
[INFO] [Deactivate] voxel=7844 span=1 sleep=7/8 waiting
[INFO] [Deactivate] voxel=7852 span=1 sleep=7/8 waiting
[INFO] [Deactivate] voxel=7854 span=1 sleep=7/8 waiting
[INFO] [Deactivate] voxel=7855 span=1 sleep=7/8 waiting
[INFO] [Deactivate] voxel=7856 span=1 sleep=7/8 waiting
[INFO] [Deactivate] voxel=7857 span=1 sleep=7/8 waiting
[INFO] [Deactivate] voxel=7858 span=1 sleep=7/8 waiting
[INFO] [Deactivate] voxel=7859 span=1 sleep=4/8 waiting
[INFO] [Deactivate] voxel=7860 span=2 sleep=7/8 waiting
[INFO] [Deactivate] voxel=7861 span=1 sleep=7/8 waiting
[INFO] [Deactivate] voxel=7868 span=1 sleep=7/8 waiting
[INFO] [Deactivate] voxel=7872 span=1 sleep=7/8 waiting
[INFO] [Deactivate] voxel=7874 span=1 sleep=7/8 waiting
[INFO] [Deactivate] voxel=7875 span=1 sleep=7/8 waiting
[INFO] [Deactivate] voxel=7876 span=1 sleep=7/8 waiting
[INFO] [Deactivate] voxel=7877 span=1 sleep=7/8 waiting
[INFO] [Deactivate] voxel=7878 span=1 sleep=7/8 waiting
[INFO] [Deactivate] voxel=7879 span=1 sleep=7/8 waiting
[INFO] [Deactivate] voxel=7880 span=1 sleep=7/8 waiting
[INFO] [Deactivate] voxel=7881 span=1 sleep=7/8 waiting
[INFO] [Deactivate] voxel=7892 span=1 sleep=7/8 waiting
[INFO] [Deactivate] voxel=7894 span=1 sleep=7/8 waiting
[INFO] [Deactivate] voxel=7895 span=1 sleep=7/8 waiting
[INFO] [Deactivate] voxel=7896 span=1 sleep=7/8 waiting
[INFO] [Deactivate] voxel=7897 span=1 sleep=7/8 waiting
[INFO] [Deactivate] voxel=7898 span=1 sleep=7/8 waiting
[INFO] [Deactivate] voxel=7899 span=1 sleep=7/8 waiting
[INFO] [Deactivate] voxel=7900 span=1 sleep=7/8 waiting
[INFO] [Deactivate] voxel=7902 span=1 sleep=7/8 waiting
[INFO] [Deactivate] voxel=7903 span=1 sleep=7/8 waiting
[INFO] [Deactivate] voxel=7904 span=1 sleep=7/8 waiting
[INFO] [Deactivate] voxel=7905 span=1 sleep=7/8 waiting
[INFO] [Deactivate] voxel=7906 span=1 sleep=7/8 waiting
[INFO] [Deactivate] voxel=7907 span=1 sleep=7/8 waiting
[INFO] [Deactivate] voxel=7908 span=1 sleep=7/8 waiting
[INFO] [Deactivate] voxel=7909 span=1 sleep=7/8 waiting
[INFO] [Deactivate] voxel=7910 span=1 sleep=7/8 waiting
[INFO] [Deactivate] voxel=7911 span=1 sleep=7/8 waiting
[INFO] [Deactivate] voxel=7913 span=1 sleep=7/8 waiting
[INFO] [Deactivate] voxel=7916 span=1 sleep=7/8 waiting
[INFO] [Deactivate] voxel=7917 span=1 sleep=7/8 waiting
[INFO] [Deactivate] voxel=7918 span=1 sleep=7/8 waiting
[INFO] [Deactivate] voxel=7921 span=1 sleep=7/8 waiting
[INFO] [Deactivate] voxel=7985 span=1 sleep=7/8 waiting
[INFO] [Deactivate] voxel=7986 span=1 sleep=7/8 waiting
[INFO] [Deactivate] voxel=7987 span=1 sleep=7/8 waiting
[INFO] [Deactivate] voxel=7988 span=1 sleep=7/8 waiting
[INFO] [Deactivate] voxel=7989 span=1 sleep=7/8 waiting
[INFO] [Deactivate] voxel=7990 span=1 sleep=7/8 waiting
[INFO] [Deactivate] voxel=7991 span=1 sleep=7/8 waiting
[INFO] [Deactivate] voxel=7992 span=1 sleep=7/8 waiting
[INFO] [Deactivate] voxel=7993 span=1 sleep=7/8 waiting
[INFO] [Deactivate] voxel=7994 span=1 sleep=7/8 waiting
[INFO] [Deactivate] voxel=7995 span=1 sleep=7/8 waiting
[INFO] [Deactivate] voxel=7996 span=1 sleep=7/8 waiting
[INFO] [Deactivate] voxel=7997 span=1 sleep=7/8 waiting
[INFO] [Deactivate] voxel=7998 span=1 sleep=7/8 waiting
[INFO] [Deactivate] voxel=7999 span=1 sleep=7/8 waiting
[INFO] [Deactivate] voxel=8000 span=1 sleep=7/8 waiting
[INFO] [Deactivate] voxel=8001 span=1 sleep=7/8 waiting
[INFO] [Deactivate] voxel=8002 span=1 sleep=7/8 waiting
[INFO] [Deactivate] voxel=8003 span=1 sleep=7/8 waiting
[INFO] [Deactivate] voxel=8004 span=1 sleep=7/8 waiting
[INFO] [Deactivate] voxel=8005 span=1 sleep=7/8 waiting
[INFO] [Deactivate] voxel=8006 span=1 sleep=7/8 waiting
[INFO] [Deactivate] voxel=8007 span=1 sleep=7/8 waiting
[INFO] [Deactivate] voxel=8008 span=1 sleep=7/8 waiting
[INFO] [Deactivate] voxel=8009 span=1 sleep=7/8 waiting
[INFO] [Deactivate] voxel=8010 span=1 sleep=7/8 waiting
[INFO] [Deactivate] voxel=8011 span=1 sleep=7/8 waiting
[INFO] [Deactivate] voxel=8012 span=1 sleep=7/8 waiting
[INFO] [Deactivate] voxel=8013 span=1 sleep=7/8 waiting
[INFO] [Deactivate] voxel=8014 span=1 sleep=7/8 waiting
[INFO] [Deactivate] voxel=8015 span=1 sleep=4/8 waiting
[INFO] [Deactivate] voxel=8016 span=1 sleep=4/8 waiting
[INFO] [Deactivate] voxel=8017 span=1 sleep=4/8 waiting
[INFO] [Deactivate] voxel=8018 span=1 sleep=4/8 waiting
[INFO] [Deactivate] voxel=8019 span=1 sleep=3/8 waiting
[INFO] [Deactivate] voxel=8020 span=1 sleep=3/8 waiting
[INFO] [Deactivate] voxel=8021 span=1 sleep=3/8 waiting
[INFO] [Deactivate] voxel=8022 span=1 sleep=3/8 waiting
[INFO] [Deactivate] voxel=8023 span=1 sleep=3/8 waiting
[INFO] [Deactivate] voxel=8024 span=1 sleep=3/8 waiting
[INFO] [Deactivate] voxel=8025 span=1 sleep=3/8 waiting
[INFO] [Deactivate] voxel=8026 span=1 sleep=3/8 waiting
[INFO] [Deactivate] voxel=8027 span=1 sleep=3/8 waiting
[INFO] [Deactivate] voxel=8028 span=1 sleep=5/8 waiting
[INFO] [Deactivate] voxel=8029 span=1 sleep=5/8 waiting
[INFO] VAO: [ID 52] Unloaded vertex array data from VRAM (GPU)
[INFO] VAO: [ID 53] Mesh uploaded successfully to VRAM (GPU)
[INFO] [RemoveVoxel] idx=8029 voxel_count_before=8031 moved_from=8030 voxel_count_after=8030
[INFO] [RemoveVoxel] idx=8028 voxel_count_before=8030 moved_from=8029 voxel_count_after=8029
[INFO] [RemoveVoxel] idx=7778 voxel_count_before=8029 moved_from=8028 voxel_count_after=8028
[INFO] [Multiscale] Emit span=1 grid=(17..17,2..2,20..20) pos=(8.75,1.25,10.25)
[INFO] [Multiscale] Emit span=1 grid=(17..17,3..3,20..20) pos=(8.75,1.75,10.25)
[INFO] [Multiscale] Emit span=1 grid=(17..17,4..4,20..20) pos=(8.75,2.25,10.25)
[INFO] [Multiscale] Converted 3 unit voxels into 3 span clusters
[INFO] [Deactivate] voxel=3597 cluster_ready=false fail_idx=3923 sleep=4 reason=insufficient-sleep
[INFO] [Deactivate] voxel=3598 span=1 sleep=7/8 waiting
[INFO] [Deactivate] voxel=3599 span=1 sleep=7/8 waiting
[INFO] [Deactivate] voxel=3677 span=1 sleep=5/8 waiting
[INFO] [Deactivate] voxel=3678 span=1 sleep=7/8 waiting
[INFO] [Deactivate] voxel=3679 span=1 sleep=7/8 waiting
[INFO] [Deactivate] voxel=3680 span=1 sleep=7/8 waiting
[INFO] [Deactivate] voxel=3681 span=1 sleep=5/8 waiting
[INFO] [Deactivate] voxel=3758 span=1 sleep=5/8 waiting
[INFO] [Deactivate] voxel=3759 span=1 sleep=7/8 waiting
[INFO] [Deactivate] voxel=3760 span=1 sleep=7/8 waiting
[INFO] [Deactivate] voxel=3761 span=1 sleep=7/8 waiting
[INFO] [Deactivate] voxel=3762 span=1 sleep=5/8 waiting
[INFO] [Deactivate] voxel=3763 span=1 sleep=5/8 waiting
[INFO] [Deactivate] voxel=3839 span=1 sleep=5/8 waiting
[INFO] [Deactivate] voxel=3840 span=1 sleep=5/8 waiting
[INFO] [Deactivate] voxel=3841 span=1 sleep=5/8 waiting
[INFO] [Deactivate] voxel=3842 span=1 sleep=4/8 waiting
[INFO] [Deactivate] voxel=3843 span=1 sleep=4/8 waiting
[INFO] [Deactivate] voxel=3923 span=1 sleep=4/8 waiting
[INFO] [Deactivate] voxel=6934 span=1 sleep=7/8 waiting
[INFO] [Deactivate] voxel=6945 span=1 sleep=7/8 waiting
[INFO] [Deactivate] voxel=6946 span=1 sleep=7/8 waiting
[INFO] [Deactivate] voxel=6947 span=1 sleep=7/8 waiting
[INFO] [Deactivate] voxel=6951 span=1 sleep=7/8 waiting
[INFO] [Deactivate] voxel=6952 span=1 sleep=7/8 waiting
[INFO] [Deactivate] voxel=6953 span=1 sleep=7/8 waiting
[INFO] [Deactivate] voxel=6957 span=1 sleep=7/8 waiting
[INFO] [Deactivate] voxel=6958 span=1 sleep=7/8 waiting
[INFO] [Deactivate] voxel=6964 span=1 sleep=7/8 waiting
[INFO] [Deactivate] voxel=6966 span=1 sleep=7/8 waiting
[INFO] [Deactivate] voxel=6970 span=1 sleep=7/8 waiting
[INFO] [Deactivate] voxel=6974 span=1 sleep=7/8 waiting
[INFO] [Deactivate] voxel=6976 span=1 sleep=7/8 waiting
[INFO] [Deactivate] voxel=6979 span=1 sleep=7/8 waiting
[INFO] [Deactivate] voxel=6980 span=1 sleep=7/8 waiting
[INFO] [Deactivate] voxel=6981 span=1 sleep=7/8 waiting
[INFO] [Deactivate] voxel=6982 span=1 sleep=7/8 waiting
[INFO] [Deactivate] voxel=6983 span=1 sleep=7/8 waiting
[INFO] [Deactivate] voxel=6986 span=1 sleep=7/8 waiting
[INFO] [Deactivate] voxel=6987 span=1 sleep=7/8 waiting
[INFO] [Deactivate] voxel=6988 span=1 sleep=7/8 waiting
[INFO] [Deactivate] voxel=6989 span=1 sleep=7/8 waiting
[INFO] [Deactivate] voxel=6990 span=1 sleep=7/8 waiting
[INFO] [Deactivate] voxel=6991 span=1 sleep=7/8 waiting
[INFO] [Deactivate] voxel=6992 span=1 sleep=7/8 waiting
[INFO] [Deactivate] voxel=6993 span=1 sleep=7/8 waiting
[INFO] [Deactivate] voxel=6995 span=1 sleep=7/8 waiting
[INFO] [Deactivate] voxel=7014 span=1 sleep=7/8 waiting
[INFO] [Deactivate] voxel=7015 span=1 sleep=7/8 waiting
[INFO] [Deactivate] voxel=7018 span=1 sleep=7/8 waiting
[INFO] [Deactivate] voxel=7019 span=1 sleep=7/8 waiting
[INFO] [Support] no-static-connection pos=(18.07,26.70,-4.26) bounds=(36..36,53..53,-9..-9)
[INFO] [Deactivate] cluster_support=false count=1 checked=1 invalid=0 reason=no-static-connection
[INFO] [Deactivate] voxel=7023 cluster=1 lacks static support
[INFO] [Deactivate] voxel=7024 span=1 sleep=7/8 waiting
[INFO] [Deactivate] voxel=7028 span=1 sleep=7/8 waiting
[INFO] [Deactivate] voxel=7029 span=1 sleep=7/8 waiting
[INFO] [Deactivate] voxel=7032 span=1 sleep=7/8 waiting
[INFO] [Deactivate] voxel=7033 span=1 sleep=7/8 waiting
[INFO] [Deactivate] voxel=7035 span=1 sleep=7/8 waiting
[INFO] [Deactivate] voxel=7038 span=1 sleep=7/8 waiting
[INFO] [Deactivate] voxel=7042 span=1 sleep=7/8 waiting
[INFO] [Deactivate] voxel=7043 span=1 sleep=7/8 waiting
[INFO] [Deactivate] voxel=7049 span=1 sleep=7/8 waiting
[INFO] [Deactivate] voxel=7061 span=1 sleep=7/8 waiting
[INFO] [Deactivate] voxel=7062 span=1 sleep=7/8 waiting
[INFO] [Deactivate] voxel=7063 span=1 sleep=7/8 waiting
[INFO] [Deactivate] voxel=7067 span=1 sleep=7/8 waiting
[INFO] [Deactivate] voxel=7070 span=1 sleep=7/8 waiting
[INFO] [Deactivate] voxel=7073 span=1 sleep=7/8 waiting
[INFO] [Deactivate] voxel=7077 span=1 sleep=7/8 waiting
[INFO] [Deactivate] voxel=7078 span=1 sleep=7/8 waiting
[INFO] [Deactivate] voxel=7079 span=1 sleep=7/8 waiting
[INFO] [Deactivate] voxel=7104 span=1 sleep=7/8 waiting
[INFO] [Support] no-static-connection pos=(-17.82,4.22,-3.97) bounds=(-36..-36,8..8,-8..-8)
[INFO] [Deactivate] cluster_support=false count=1 checked=1 invalid=0 reason=no-static-connection
[INFO] [Deactivate] voxel=7107 cluster=1 lacks static support
[INFO] [Deactivate] voxel=7108 span=1 sleep=7/8 waiting
[INFO] [Deactivate] voxel=7460 span=1 sleep=7/8 waiting
[INFO] [Deactivate] voxel=7489 span=1 sleep=7/8 waiting
[INFO] [Deactivate] voxel=7723 span=1 sleep=7/8 waiting
[INFO] [Deactivate] voxel=7736 span=1 sleep=7/8 waiting
[INFO] [Deactivate] voxel=7739 span=1 sleep=7/8 waiting
[INFO] [Deactivate] voxel=7755 span=1 sleep=7/8 waiting
[INFO] [Deactivate] voxel=7757 span=1 sleep=6/8 waiting
[INFO] [Deactivate] voxel=7768 span=1 sleep=5/8 waiting
[INFO] [Deactivate] voxel=7769 span=1 sleep=5/8 waiting
[INFO] [Deactivate] voxel=7776 span=1 sleep=7/8 waiting
[INFO] [Deactivate] voxel=7787 span=1 sleep=7/8 waiting
[INFO] [Deactivate] voxel=7790 span=1 sleep=7/8 waiting
[INFO] [Deactivate] voxel=7794 span=1 sleep=7/8 waiting
[INFO] [Deactivate] voxel=7797 span=1 sleep=7/8 waiting
[INFO] [Deactivate] voxel=7800 span=1 sleep=7/8 waiting
[INFO] [Deactivate] voxel=7812 span=1 sleep=7/8 waiting
[INFO] [Deactivate] voxel=7814 span=1 sleep=7/8 waiting
[INFO] [Deactivate] voxel=7815 span=1 sleep=7/8 waiting
[INFO] [Deactivate] voxel=7816 span=1 sleep=7/8 waiting
[INFO] [Deactivate] voxel=7817 span=1 sleep=7/8 waiting
[INFO] [Deactivate] voxel=7818 span=1 sleep=7/8 waiting
[INFO] [Deactivate] voxel=7823 span=1 sleep=7/8 waiting
[INFO] [Deactivate] voxel=7829 span=1 sleep=7/8 waiting
[INFO] [Deactivate] voxel=7832 span=1 sleep=7/8 waiting
[INFO] [Deactivate] voxel=7833 span=1 sleep=7/8 waiting
[INFO] [Deactivate] voxel=7834 span=1 sleep=7/8 waiting
[INFO] [Deactivate] voxel=7837 span=1 sleep=7/8 waiting
[INFO] [Deactivate] voxel=7838 span=1 sleep=7/8 waiting
[INFO] [Deactivate] voxel=7839 span=1 sleep=7/8 waiting
[INFO] [Deactivate] voxel=7840 span=1 sleep=7/8 waiting
[INFO] [Deactivate] voxel=7841 span=1 sleep=7/8 waiting
[INFO] [Deactivate] voxel=7842 span=1 sleep=7/8 waiting
[INFO] [Deactivate] voxel=7843 span=1 sleep=7/8 waiting
[INFO] [Deactivate] voxel=7844 span=1 sleep=7/8 waiting
[INFO] [Deactivate] voxel=7852 span=1 sleep=7/8 waiting
[INFO] [Deactivate] voxel=7854 span=1 sleep=7/8 waiting
[INFO] [Deactivate] voxel=7855 span=1 sleep=7/8 waiting
[INFO] [Deactivate] voxel=7856 span=1 sleep=7/8 waiting
[INFO] [Deactivate] voxel=7857 span=1 sleep=7/8 waiting
[INFO] [Deactivate] voxel=7858 span=1 sleep=7/8 waiting
[INFO] [Deactivate] voxel=7859 span=1 sleep=5/8 waiting
[INFO] [Deactivate] voxel=7860 span=2 sleep=7/8 waiting
[INFO] [Deactivate] voxel=7861 span=1 sleep=7/8 waiting
[INFO] [Deactivate] voxel=7868 span=1 sleep=7/8 waiting
[INFO] [Deactivate] voxel=7872 span=1 sleep=7/8 waiting
[INFO] [Deactivate] voxel=7874 span=1 sleep=7/8 waiting
[INFO] [Deactivate] voxel=7875 span=1 sleep=7/8 waiting
[INFO] [Deactivate] voxel=7876 span=1 sleep=7/8 waiting
[INFO] [Deactivate] voxel=7877 span=1 sleep=7/8 waiting
[INFO] [Deactivate] voxel=7878 span=1 sleep=7/8 waiting
[INFO] [Deactivate] voxel=7879 span=1 sleep=7/8 waiting
[INFO] [Deactivate] voxel=7880 span=1 sleep=7/8 waiting
[INFO] [Deactivate] voxel=7881 span=1 sleep=7/8 waiting
[INFO] [Deactivate] voxel=7892 span=1 sleep=7/8 waiting
[INFO] [Deactivate] voxel=7894 span=1 sleep=7/8 waiting
[INFO] [Deactivate] voxel=7895 span=1 sleep=7/8 waiting
[INFO] [Deactivate] voxel=7896 span=1 sleep=7/8 waiting
[INFO] [Deactivate] voxel=7897 span=1 sleep=7/8 waiting
[INFO] [Deactivate] voxel=7898 span=1 sleep=7/8 waiting
[INFO] [Deactivate] voxel=7899 span=1 sleep=7/8 waiting
[INFO] [Deactivate] voxel=7900 span=1 sleep=7/8 waiting
[INFO] [Deactivate] voxel=7902 span=1 sleep=7/8 waiting
[INFO] [Deactivate] voxel=7903 span=1 sleep=7/8 waiting
[INFO] [Deactivate] voxel=7904 span=1 sleep=7/8 waiting
[INFO] [Deactivate] voxel=7905 span=1 sleep=7/8 waiting
[INFO] [Deactivate] voxel=7906 span=1 sleep=7/8 waiting
[INFO] [Deactivate] voxel=7907 span=1 sleep=7/8 waiting
[INFO] [Deactivate] voxel=7908 span=1 sleep=7/8 waiting
[INFO] [Deactivate] voxel=7909 span=1 sleep=7/8 waiting
[INFO] [Deactivate] voxel=7910 span=1 sleep=7/8 waiting
[INFO] [Deactivate] voxel=7911 span=1 sleep=7/8 waiting
[INFO] [Deactivate] voxel=7913 span=1 sleep=7/8 waiting
[INFO] [Deactivate] voxel=7916 span=1 sleep=7/8 waiting
[INFO] [Deactivate] voxel=7917 span=1 sleep=7/8 waiting
[INFO] [Deactivate] voxel=7918 span=1 sleep=7/8 waiting
[INFO] [Deactivate] voxel=7921 span=1 sleep=7/8 waiting
[INFO] [Deactivate] voxel=7985 span=1 sleep=7/8 waiting
[INFO] [Deactivate] voxel=7986 span=1 sleep=7/8 waiting
[INFO] [Deactivate] voxel=7987 span=1 sleep=7/8 waiting
[INFO] [Deactivate] voxel=7988 span=1 sleep=7/8 waiting
[INFO] [Deactivate] voxel=7989 span=1 sleep=7/8 waiting
[INFO] [Deactivate] voxel=7990 span=1 sleep=7/8 waiting
[INFO] [Deactivate] voxel=7991 span=1 sleep=7/8 waiting
[INFO] [Deactivate] voxel=7992 span=1 sleep=7/8 waiting
[INFO] [Deactivate] voxel=7993 span=1 sleep=7/8 waiting
[INFO] [Deactivate] voxel=7994 span=1 sleep=7/8 waiting
[INFO] [Deactivate] voxel=7995 span=1 sleep=7/8 waiting
[INFO] [Deactivate] voxel=7996 span=1 sleep=7/8 waiting
[INFO] [Deactivate] voxel=7997 span=1 sleep=7/8 waiting
[INFO] [Deactivate] voxel=7998 span=1 sleep=7/8 waiting
[INFO] [Deactivate] voxel=7999 span=1 sleep=7/8 waiting
[INFO] [Deactivate] voxel=8000 span=1 sleep=7/8 waiting
[INFO] [Deactivate] voxel=8001 span=1 sleep=7/8 waiting
[INFO] [Deactivate] voxel=8002 span=1 sleep=7/8 waiting
[INFO] [Deactivate] voxel=8003 span=1 sleep=7/8 waiting
[INFO] [Deactivate] voxel=8004 span=1 sleep=7/8 waiting
[INFO] [Deactivate] voxel=8005 span=1 sleep=7/8 waiting
[INFO] [Deactivate] voxel=8006 span=1 sleep=7/8 waiting
[INFO] [Deactivate] voxel=8007 span=1 sleep=7/8 waiting
[INFO] [Deactivate] voxel=8008 span=1 sleep=7/8 waiting
[INFO] [Deactivate] voxel=8009 span=1 sleep=7/8 waiting
[INFO] [Deactivate] voxel=8010 span=1 sleep=7/8 waiting
[INFO] [Deactivate] voxel=8011 span=1 sleep=7/8 waiting
[INFO] [Deactivate] voxel=8012 span=1 sleep=7/8 waiting
[INFO] [Deactivate] voxel=8013 span=1 sleep=7/8 waiting
[INFO] [Deactivate] voxel=8014 span=1 sleep=7/8 waiting
[INFO] [Deactivate] voxel=8015 span=1 sleep=5/8 waiting
[INFO] [Deactivate] voxel=8016 span=1 sleep=5/8 waiting
[INFO] [Deactivate] voxel=8017 span=1 sleep=5/8 waiting
[INFO] [Deactivate] voxel=8018 span=1 sleep=5/8 waiting
[INFO] [Deactivate] voxel=8019 span=1 sleep=4/8 waiting
[INFO] [Deactivate] voxel=8020 span=1 sleep=4/8 waiting
[INFO] [Deactivate] voxel=8021 span=1 sleep=4/8 waiting
[INFO] [Deactivate] voxel=8022 span=1 sleep=4/8 waiting
[INFO] [Deactivate] voxel=8023 span=1 sleep=4/8 waiting
[INFO] [Deactivate] voxel=8024 span=1 sleep=4/8 waiting
[INFO] [Deactivate] voxel=8025 span=1 sleep=4/8 waiting
[INFO] [Deactivate] voxel=8026 span=1 sleep=4/8 waiting
[INFO] [Deactivate] voxel=8027 span=1 sleep=4/8 waiting
[INFO] [Deactivate] voxel=8028 span=1 sleep=6/8 waiting
[INFO] [Deactivate] voxel=8029 span=1 sleep=6/8 waiting
[INFO] [Deactivate] voxel=8030 span=1 sleep=6/8 waiting
[INFO] VAO: [ID 53] Unloaded vertex array data from VRAM (GPU)
[INFO] VAO: [ID 54] Mesh uploaded successfully to VRAM (GPU)
[INFO] [RemoveVoxel] idx=8030 voxel_count_before=8031 moved_from=-1 voxel_count_after=8030
[INFO] [RemoveVoxel] idx=8029 voxel_count_before=8030 moved_from=-1 voxel_count_after=8029
[INFO] [RemoveVoxel] idx=8028 voxel_count_before=8029 moved_from=-1 voxel_count_after=8028
[INFO] [Multiscale] Emit span=1 grid=(17..17,2..2,20..20) pos=(8.75,1.25,10.25)
[INFO] [Multiscale] Emit span=1 grid=(17..17,3..3,20..20) pos=(8.75,1.75,10.25)
[INFO] [Multiscale] Emit span=1 grid=(17..17,4..4,20..20) pos=(8.75,2.25,10.25)
[INFO] [Multiscale] Converted 3 unit voxels into 3 span clusters
[INFO] [Deactivate] voxel=3597 cluster_ready=false fail_idx=7769 sleep=6 reason=insufficient-sleep
[INFO] [Deactivate] voxel=3598 span=1 sleep=7/8 waiting
[INFO] [Deactivate] voxel=3599 span=1 sleep=7/8 waiting
[INFO] [Deactivate] voxel=3677 span=1 sleep=6/8 waiting
[INFO] [Deactivate] voxel=3678 span=1 sleep=7/8 waiting
[INFO] [Deactivate] voxel=3679 span=1 sleep=7/8 waiting
[INFO] [Deactivate] voxel=3680 span=1 sleep=7/8 waiting
[INFO] [Deactivate] voxel=3681 span=1 sleep=6/8 waiting
[INFO] [Deactivate] voxel=3758 span=1 sleep=6/8 waiting
[INFO] [Deactivate] voxel=3759 span=1 sleep=7/8 waiting
[INFO] [Deactivate] voxel=3760 span=1 sleep=7/8 waiting
[INFO] [Deactivate] voxel=3761 span=1 sleep=7/8 waiting
[INFO] [Deactivate] voxel=3762 span=1 sleep=6/8 waiting
[INFO] [Deactivate] voxel=3763 span=1 sleep=6/8 waiting
[INFO] [Deactivate] voxel=3839 span=1 sleep=6/8 waiting
[INFO] [Deactivate] voxel=3840 span=1 sleep=6/8 waiting
[INFO] [Deactivate] voxel=3841 span=1 sleep=6/8 waiting
[INFO] [Deactivate] voxel=3842 span=1 sleep=5/8 waiting
[INFO] [Deactivate] voxel=3843 span=1 sleep=5/8 waiting
[INFO] [Deactivate] voxel=3923 span=1 sleep=5/8 waiting
[INFO] [Deactivate] voxel=6934 span=1 sleep=7/8 waiting
[INFO] [Deactivate] voxel=6945 span=1 sleep=7/8 waiting
[INFO] [Deactivate] voxel=6946 span=1 sleep=7/8 waiting
[INFO] [Deactivate] voxel=6947 span=1 sleep=7/8 waiting
[INFO] [Deactivate] voxel=6951 span=1 sleep=7/8 waiting
[INFO] [Deactivate] voxel=6952 span=1 sleep=7/8 waiting
[INFO] [Deactivate] voxel=6953 span=1 sleep=7/8 waiting
[INFO] [Deactivate] voxel=6957 span=1 sleep=7/8 waiting
[INFO] [Deactivate] voxel=6958 span=1 sleep=7/8 waiting
[INFO] [Deactivate] voxel=6964 span=1 sleep=7/8 waiting
[INFO] [Deactivate] voxel=6966 span=1 sleep=7/8 waiting
[INFO] [Deactivate] voxel=6970 span=1 sleep=7/8 waiting
[INFO] [Deactivate] voxel=6974 span=1 sleep=7/8 waiting
[INFO] [Deactivate] voxel=6976 span=1 sleep=7/8 waiting
[INFO] [Deactivate] voxel=6979 span=1 sleep=7/8 waiting
[INFO] [Deactivate] voxel=6980 span=1 sleep=7/8 waiting
[INFO] [Deactivate] voxel=6981 span=1 sleep=7/8 waiting
[INFO] [Deactivate] voxel=6982 span=1 sleep=7/8 waiting
[INFO] [Deactivate] voxel=6983 span=1 sleep=7/8 waiting
[INFO] [Deactivate] voxel=6986 span=1 sleep=7/8 waiting
[INFO] [Deactivate] voxel=6987 span=1 sleep=7/8 waiting
[INFO] [Deactivate] voxel=6988 span=1 sleep=7/8 waiting
[INFO] [Deactivate] voxel=6989 span=1 sleep=7/8 waiting
[INFO] [Deactivate] voxel=6990 span=1 sleep=7/8 waiting
[INFO] [Deactivate] voxel=6991 span=1 sleep=7/8 waiting
[INFO] [Deactivate] voxel=6992 span=1 sleep=7/8 waiting
[INFO] [Deactivate] voxel=6993 span=1 sleep=7/8 waiting
[INFO] [Deactivate] voxel=6995 span=1 sleep=7/8 waiting
[INFO] [Deactivate] voxel=7014 span=1 sleep=7/8 waiting
[INFO] [Deactivate] voxel=7015 span=1 sleep=7/8 waiting
[INFO] [Deactivate] voxel=7018 span=1 sleep=7/8 waiting
[INFO] [Deactivate] voxel=7019 span=1 sleep=7/8 waiting
[INFO] [Support] no-static-connection pos=(17.55,26.20,-5.96) bounds=(35..35,52..52,-12..-12)
[INFO] [Deactivate] cluster_support=false count=1 checked=1 invalid=0 reason=no-static-connection
[INFO] [Deactivate] voxel=7023 cluster=1 lacks static support
[INFO] [Deactivate] voxel=7024 span=1 sleep=7/8 waiting
[INFO] [Deactivate] voxel=7028 span=1 sleep=7/8 waiting
[INFO] [Deactivate] voxel=7029 span=1 sleep=7/8 waiting
[INFO] [Deactivate] voxel=7032 span=1 sleep=7/8 waiting
[INFO] [Deactivate] voxel=7033 span=1 sleep=7/8 waiting
[INFO] [Deactivate] voxel=7035 span=1 sleep=7/8 waiting
[INFO] [Deactivate] voxel=7038 span=1 sleep=7/8 waiting
[INFO] [Deactivate] voxel=7042 span=1 sleep=7/8 waiting
[INFO] [Deactivate] voxel=7043 span=1 sleep=7/8 waiting
[INFO] [Deactivate] voxel=7049 span=1 sleep=7/8 waiting
[INFO] [Deactivate] voxel=7061 span=1 sleep=7/8 waiting
[INFO] [Deactivate] voxel=7062 span=1 sleep=7/8 waiting
[INFO] [Deactivate] voxel=7063 span=1 sleep=7/8 waiting
[INFO] [Deactivate] voxel=7067 span=1 sleep=7/8 waiting
[INFO] [Deactivate] voxel=7070 span=1 sleep=7/8 waiting
[INFO] [Deactivate] voxel=7073 span=1 sleep=7/8 waiting
[INFO] [Deactivate] voxel=7077 span=1 sleep=7/8 waiting
[INFO] [Deactivate] voxel=7078 span=1 sleep=7/8 waiting
[INFO] [Deactivate] voxel=7079 span=1 sleep=7/8 waiting
[INFO] [Deactivate] voxel=7104 span=1 sleep=7/8 waiting
[INFO] [Support] no-static-connection pos=(-18.65,1.87,-5.29) bounds=(-38..-38,3..3,-11..-11)
[INFO] [Deactivate] cluster_support=false count=1 checked=1 invalid=0 reason=no-static-connection
[INFO] [Deactivate] voxel=7107 cluster=1 lacks static support
[INFO] [Deactivate] voxel=7108 span=1 sleep=7/8 waiting
[INFO] [Deactivate] voxel=7460 span=1 sleep=7/8 waiting
[INFO] [Deactivate] voxel=7489 span=1 sleep=7/8 waiting
[INFO] [Deactivate] voxel=7723 span=1 sleep=7/8 waiting
[INFO] [Deactivate] voxel=7736 span=1 sleep=7/8 waiting
[INFO] [Deactivate] voxel=7739 span=1 sleep=7/8 waiting
[INFO] [Deactivate] voxel=7755 span=1 sleep=7/8 waiting
[INFO] [Deactivate] voxel=7757 span=1 sleep=7/8 waiting
[INFO] [Deactivate] voxel=7768 span=1 sleep=6/8 waiting
[INFO] [Deactivate] voxel=7769 span=1 sleep=6/8 waiting
[INFO] [Deactivate] voxel=7776 span=1 sleep=7/8 waiting
[INFO] [Deactivate] voxel=7787 span=1 sleep=7/8 waiting
[INFO] [Deactivate] voxel=7790 span=1 sleep=7/8 waiting
[INFO] [Deactivate] voxel=7794 span=1 sleep=7/8 waiting
[INFO] [Deactivate] voxel=7797 span=1 sleep=7/8 waiting
[INFO] [Deactivate] voxel=7800 span=1 sleep=7/8 waiting
[INFO] [Deactivate] voxel=7812 span=1 sleep=7/8 waiting
[INFO] [Deactivate] voxel=7814 span=1 sleep=7/8 waiting
[INFO] [Deactivate] voxel=7815 span=1 sleep=7/8 waiting
[INFO] [Deactivate] voxel=7816 span=1 sleep=7/8 waiting
[INFO] [Deactivate] voxel=7817 span=1 sleep=7/8 waiting
[INFO] [Deactivate] voxel=7818 span=1 sleep=7/8 waiting
[INFO] [Deactivate] voxel=7823 span=1 sleep=7/8 waiting
[INFO] [Deactivate] voxel=7829 span=1 sleep=7/8 waiting
[INFO] [Deactivate] voxel=7832 span=1 sleep=7/8 waiting
[INFO] [Deactivate] voxel=7833 span=1 sleep=7/8 waiting
[INFO] [Deactivate] voxel=7834 span=1 sleep=7/8 waiting
[INFO] [Deactivate] voxel=7837 span=1 sleep=7/8 waiting
[INFO] [Deactivate] voxel=7838 span=1 sleep=7/8 waiting
[INFO] [Deactivate] voxel=7839 span=1 sleep=7/8 waiting
[INFO] [Deactivate] voxel=7840 span=1 sleep=7/8 waiting
[INFO] [Deactivate] voxel=7841 span=1 sleep=7/8 waiting
[INFO] [Deactivate] voxel=7842 span=1 sleep=7/8 waiting
[INFO] [Deactivate] voxel=7843 span=1 sleep=7/8 waiting
[INFO] [Deactivate] voxel=7844 span=1 sleep=7/8 waiting
[INFO] [Deactivate] voxel=7852 span=1 sleep=7/8 waiting
[INFO] [Deactivate] voxel=7854 span=1 sleep=7/8 waiting
[INFO] [Deactivate] voxel=7855 span=1 sleep=7/8 waiting
[INFO] [Deactivate] voxel=7856 span=1 sleep=7/8 waiting
[INFO] [Deactivate] voxel=7857 span=1 sleep=7/8 waiting
[INFO] [Deactivate] voxel=7858 span=1 sleep=7/8 waiting
[INFO] [Deactivate] voxel=7859 span=1 sleep=6/8 waiting
[INFO] [Deactivate] voxel=7860 span=2 sleep=7/8 waiting
[INFO] [Deactivate] voxel=7861 span=1 sleep=7/8 waiting
[INFO] [Deactivate] voxel=7868 span=1 sleep=7/8 waiting
[INFO] [Deactivate] voxel=7872 span=1 sleep=7/8 waiting
[INFO] [Deactivate] voxel=7874 span=1 sleep=7/8 waiting
[INFO] [Deactivate] voxel=7875 span=1 sleep=7/8 waiting
[INFO] [Deactivate] voxel=7876 span=1 sleep=7/8 waiting
[INFO] [Deactivate] voxel=7877 span=1 sleep=7/8 waiting
[INFO] [Deactivate] voxel=7878 span=1 sleep=7/8 waiting
[INFO] [Deactivate] voxel=7879 span=1 sleep=7/8 waiting
[INFO] [Deactivate] voxel=7880 span=1 sleep=7/8 waiting
[INFO] [Deactivate] voxel=7881 span=1 sleep=7/8 waiting
[INFO] [Deactivate] voxel=7892 span=1 sleep=7/8 waiting
[INFO] [Deactivate] voxel=7894 span=1 sleep=7/8 waiting
[INFO] [Deactivate] voxel=7895 span=1 sleep=7/8 waiting
[INFO] [Deactivate] voxel=7896 span=1 sleep=7/8 waiting
[INFO] [Deactivate] voxel=7897 span=1 sleep=7/8 waiting
[INFO] [Deactivate] voxel=7898 span=1 sleep=7/8 waiting
[INFO] [Deactivate] voxel=7899 span=1 sleep=7/8 waiting
[INFO] [Deactivate] voxel=7900 span=1 sleep=7/8 waiting
[INFO] [Deactivate] voxel=7902 span=1 sleep=7/8 waiting
[INFO] [Deactivate] voxel=7903 span=1 sleep=7/8 waiting
[INFO] [Deactivate] voxel=7904 span=1 sleep=7/8 waiting
[INFO] [Deactivate] voxel=7905 span=1 sleep=7/8 waiting
[INFO] [Deactivate] voxel=7906 span=1 sleep=7/8 waiting
[INFO] [Deactivate] voxel=7907 span=1 sleep=7/8 waiting
[INFO] [Deactivate] voxel=7908 span=1 sleep=7/8 waiting
[INFO] [Deactivate] voxel=7909 span=1 sleep=7/8 waiting
[INFO] [Deactivate] voxel=7910 span=1 sleep=7/8 waiting
[INFO] [Deactivate] voxel=7911 span=1 sleep=7/8 waiting
[INFO] [Deactivate] voxel=7913 span=1 sleep=7/8 waiting
[INFO] [Deactivate] voxel=7916 span=1 sleep=7/8 waiting
[INFO] [Deactivate] voxel=7917 span=1 sleep=7/8 waiting
[INFO] [Deactivate] voxel=7918 span=1 sleep=7/8 waiting
[INFO] [Deactivate] voxel=7921 span=1 sleep=7/8 waiting
[INFO] [Deactivate] voxel=7985 span=1 sleep=7/8 waiting
[INFO] [Deactivate] voxel=7986 span=1 sleep=7/8 waiting
[INFO] [Deactivate] voxel=7987 span=1 sleep=7/8 waiting
[INFO] [Deactivate] voxel=7988 span=1 sleep=7/8 waiting
[INFO] [Deactivate] voxel=7989 span=1 sleep=7/8 waiting
[INFO] [Deactivate] voxel=7990 span=1 sleep=7/8 waiting
[INFO] [Deactivate] voxel=7991 span=1 sleep=7/8 waiting
[INFO] [Deactivate] voxel=7992 span=1 sleep=7/8 waiting
[INFO] [Deactivate] voxel=7993 span=1 sleep=7/8 waiting
[INFO] [Deactivate] voxel=7994 span=1 sleep=7/8 waiting
[INFO] [Deactivate] voxel=7995 span=1 sleep=7/8 waiting
[INFO] [Deactivate] voxel=7996 span=1 sleep=7/8 waiting
[INFO] [Deactivate] voxel=7997 span=1 sleep=7/8 waiting
[INFO] [Deactivate] voxel=7998 span=1 sleep=7/8 waiting
[INFO] [Deactivate] voxel=7999 span=1 sleep=7/8 waiting
[INFO] [Deactivate] voxel=8000 span=1 sleep=7/8 waiting
[INFO] [Deactivate] voxel=8001 span=1 sleep=7/8 waiting
[INFO] [Deactivate] voxel=8002 span=1 sleep=7/8 waiting
[INFO] [Deactivate] voxel=8003 span=1 sleep=7/8 waiting
[INFO] [Deactivate] voxel=8004 span=1 sleep=7/8 waiting
[INFO] [Deactivate] voxel=8005 span=1 sleep=7/8 waiting
[INFO] [Deactivate] voxel=8006 span=1 sleep=7/8 waiting
[INFO] [Deactivate] voxel=8007 span=1 sleep=7/8 waiting
[INFO] [Deactivate] voxel=8008 span=1 sleep=7/8 waiting
[INFO] [Deactivate] voxel=8009 span=1 sleep=7/8 waiting
[INFO] [Deactivate] voxel=8010 span=1 sleep=7/8 waiting
[INFO] [Deactivate] voxel=8011 span=1 sleep=7/8 waiting
[INFO] [Deactivate] voxel=8012 span=1 sleep=7/8 waiting
[INFO] [Deactivate] voxel=8013 span=1 sleep=7/8 waiting
[INFO] [Deactivate] voxel=8014 span=1 sleep=7/8 waiting
[INFO] [Deactivate] voxel=8015 span=1 sleep=6/8 waiting
[INFO] [Deactivate] voxel=8016 span=1 sleep=6/8 waiting
[INFO] [Deactivate] voxel=8017 span=1 sleep=6/8 waiting
[INFO] [Deactivate] voxel=8018 span=1 sleep=6/8 waiting
[INFO] [Deactivate] voxel=8019 span=1 sleep=5/8 waiting
[INFO] [Deactivate] voxel=8020 span=1 sleep=5/8 waiting
[INFO] [Deactivate] voxel=8021 span=1 sleep=5/8 waiting
[INFO] [Deactivate] voxel=8022 span=1 sleep=5/8 waiting
[INFO] [Deactivate] voxel=8023 span=1 sleep=5/8 waiting
[INFO] [Deactivate] voxel=8024 span=1 sleep=5/8 waiting
[INFO] [Deactivate] voxel=8025 span=1 sleep=5/8 waiting
[INFO] [Deactivate] voxel=8026 span=1 sleep=5/8 waiting
[INFO] [Deactivate] voxel=8027 span=1 sleep=5/8 waiting
[INFO] [Deactivate] voxel=8028 span=1 sleep=7/8 waiting
[INFO] [Deactivate] voxel=8029 span=1 sleep=7/8 waiting
[INFO] [Deactivate] voxel=8030 span=1 sleep=7/8 waiting
[INFO] VAO: [ID 54] Unloaded vertex array data from VRAM (GPU)
[INFO] VAO: [ID 55] Mesh uploaded successfully to VRAM (GPU)
[INFO] [RemoveVoxel] idx=8030 voxel_count_before=8031 moved_from=-1 voxel_count_after=8030
[INFO] [RemoveVoxel] idx=8029 voxel_count_before=8030 moved_from=-1 voxel_count_after=8029
[INFO] [RemoveVoxel] idx=8028 voxel_count_before=8029 moved_from=-1 voxel_count_after=8028
[INFO] [Multiscale] Emit span=1 grid=(17..17,2..2,20..20) pos=(8.75,1.25,10.25)
[INFO] [Multiscale] Emit span=1 grid=(17..17,3..3,20..20) pos=(8.75,1.75,10.25)
[INFO] [Multiscale] Emit span=1 grid=(17..17,4..4,20..20) pos=(8.75,2.25,10.25)
[INFO] [Multiscale] Converted 3 unit voxels into 3 span clusters
[INFO] [Deactivate] voxel=3597 cluster_ready=false fail_idx=3923 sleep=6 reason=insufficient-sleep
[INFO] [Deactivate] voxel=3598 span=1 sleep=7/8 waiting
[INFO] [Deactivate] voxel=3599 span=1 sleep=7/8 waiting
[INFO] [Deactivate] voxel=3677 span=1 sleep=7/8 waiting
[INFO] [Deactivate] voxel=3678 span=1 sleep=7/8 waiting
[INFO] [Deactivate] voxel=3679 span=1 sleep=7/8 waiting
[INFO] [Deactivate] voxel=3680 span=1 sleep=7/8 waiting
[INFO] [Deactivate] voxel=3681 span=1 sleep=7/8 waiting
[INFO] [Deactivate] voxel=3758 span=1 sleep=7/8 waiting
[INFO] [Deactivate] voxel=3759 span=1 sleep=7/8 waiting
[INFO] [Deactivate] voxel=3760 span=1 sleep=7/8 waiting
[INFO] [Deactivate] voxel=3761 span=1 sleep=7/8 waiting
[INFO] [Deactivate] voxel=3762 span=1 sleep=7/8 waiting
[INFO] [Deactivate] voxel=3763 span=1 sleep=7/8 waiting
[INFO] [Deactivate] voxel=3839 span=1 sleep=7/8 waiting
[INFO] [Deactivate] voxel=3840 span=1 sleep=7/8 waiting
[INFO] [Deactivate] voxel=3841 span=1 sleep=7/8 waiting
[INFO] [Deactivate] voxel=3842 span=1 sleep=6/8 waiting
[INFO] [Deactivate] voxel=3843 span=1 sleep=6/8 waiting
[INFO] [Deactivate] voxel=3923 span=1 sleep=6/8 waiting
[INFO] [Deactivate] voxel=6934 span=1 sleep=7/8 waiting
[INFO] [Deactivate] voxel=6945 span=1 sleep=7/8 waiting
[INFO] [Deactivate] voxel=6946 span=1 sleep=7/8 waiting
[INFO] [Deactivate] voxel=6947 span=1 sleep=7/8 waiting
[INFO] [Deactivate] voxel=6951 span=1 sleep=7/8 waiting
[INFO] [Deactivate] voxel=6952 span=1 sleep=7/8 waiting
[INFO] [Deactivate] voxel=6953 span=1 sleep=7/8 waiting
[INFO] [Deactivate] voxel=6957 span=1 sleep=7/8 waiting
[INFO] [Deactivate] voxel=6958 span=1 sleep=7/8 waiting
[INFO] [Deactivate] voxel=6964 span=1 sleep=7/8 waiting
[INFO] [Deactivate] voxel=6966 span=1 sleep=7/8 waiting
[INFO] [Deactivate] voxel=6970 span=1 sleep=7/8 waiting
[INFO] [Deactivate] voxel=6974 span=1 sleep=7/8 waiting
[INFO] [Deactivate] voxel=6976 span=1 sleep=7/8 waiting
[INFO] [Deactivate] voxel=6979 span=1 sleep=7/8 waiting
[INFO] [Deactivate] voxel=6980 span=1 sleep=7/8 waiting
[INFO] [Deactivate] voxel=6981 span=1 sleep=7/8 waiting
[INFO] [Deactivate] voxel=6982 span=1 sleep=7/8 waiting
[INFO] [Deactivate] voxel=6983 span=1 sleep=7/8 waiting
[INFO] [Deactivate] voxel=6986 span=1 sleep=7/8 waiting
[INFO] [Deactivate] voxel=6987 span=1 sleep=7/8 waiting
[INFO] [Deactivate] voxel=6988 span=1 sleep=7/8 waiting
[INFO] [Deactivate] voxel=6989 span=1 sleep=7/8 waiting
[INFO] [Deactivate] voxel=6990 span=1 sleep=7/8 waiting
[INFO] [Deactivate] voxel=6991 span=1 sleep=7/8 waiting
[INFO] [Deactivate] voxel=6992 span=1 sleep=7/8 waiting
[INFO] [Deactivate] voxel=6993 span=1 sleep=7/8 waiting
[INFO] [Deactivate] voxel=6995 span=1 sleep=7/8 waiting
[INFO] [Deactivate] voxel=7014 span=1 sleep=7/8 waiting
[INFO] [Deactivate] voxel=7015 span=1 sleep=7/8 waiting
[INFO] [Deactivate] voxel=7018 span=1 sleep=7/8 waiting
[INFO] [Deactivate] voxel=7019 span=1 sleep=7/8 waiting
[INFO] [Support] no-static-connection pos=(17.08,25.58,-7.49) bounds=(34..34,51..51,-15..-15)
[INFO] [Deactivate] cluster_support=false count=1 checked=1 invalid=0 reason=no-static-connection
[INFO] [Deactivate] voxel=7023 cluster=1 lacks static support
[INFO] [Deactivate] voxel=7024 span=1 sleep=7/8 waiting
[INFO] [Deactivate] voxel=7028 span=1 sleep=7/8 waiting
[INFO] [Deactivate] voxel=7029 span=1 sleep=7/8 waiting
[INFO] [Deactivate] voxel=7032 span=1 sleep=7/8 waiting
[INFO] [Deactivate] voxel=7033 span=1 sleep=7/8 waiting
[INFO] [Deactivate] voxel=7035 span=1 sleep=7/8 waiting
[INFO] [Deactivate] voxel=7038 span=1 sleep=7/8 waiting
[INFO] [Deactivate] voxel=7042 span=1 sleep=7/8 waiting
[INFO] [Deactivate] voxel=7043 span=1 sleep=7/8 waiting
[INFO] [Deactivate] voxel=7049 span=1 sleep=7/8 waiting
[INFO] [Deactivate] voxel=7061 span=1 sleep=7/8 waiting
[INFO] [Deactivate] voxel=7062 span=1 sleep=7/8 waiting
[INFO] [Deactivate] voxel=7063 span=1 sleep=7/8 waiting
[INFO] [Deactivate] voxel=7067 span=1 sleep=7/8 waiting
[INFO] [Deactivate] voxel=7070 span=1 sleep=7/8 waiting
[INFO] [Deactivate] voxel=7073 span=1 sleep=7/8 waiting
[INFO] [Deactivate] voxel=7077 span=1 sleep=7/8 waiting
[INFO] [Deactivate] voxel=7078 span=1 sleep=7/8 waiting
[INFO] [Deactivate] voxel=7079 span=1 sleep=7/8 waiting
[INFO] [Deactivate] voxel=7104 span=1 sleep=7/8 waiting
[INFO] [RemoveVoxel] idx=7107 voxel_count_before=8031 moved_from=8030 voxel_count_after=8030
[INFO] [RestoreCluster] count=1 voxel_count before=8031 after_removal=8030 after_restore=8031 static_success=1
[INFO] [Deactivate] restored cluster starting=7107 count=1 remaining_budget_before=128
[INFO] [RemoveVoxel] idx=7107 voxel_count_before=8031 moved_from=8030 voxel_count_after=8030
[INFO] [RestoreCluster] count=1 voxel_count before=8031 after_removal=8030 after_restore=8031 static_success=1
[INFO] [Deactivate] restored cluster starting=7107 count=1 remaining_budget_before=127
[INFO] [Deactivate] voxel=7108 span=1 sleep=7/8 waiting
[INFO] [Deactivate] voxel=7460 span=1 sleep=7/8 waiting
[INFO] [Deactivate] voxel=7489 span=1 sleep=7/8 waiting
[INFO] [Deactivate] voxel=7723 span=1 sleep=7/8 waiting
[INFO] [Deactivate] voxel=7736 span=1 sleep=7/8 waiting
[INFO] [Deactivate] voxel=7739 span=1 sleep=7/8 waiting
[INFO] [Deactivate] voxel=7755 span=1 sleep=7/8 waiting
[INFO] [RemoveVoxel] idx=7757 voxel_count_before=8031 moved_from=8030 voxel_count_after=8030
[INFO] [RestoreCluster] count=1 voxel_count before=8031 after_removal=8030 after_restore=8031 static_success=1
[INFO] [Deactivate] restored cluster starting=7757 count=1 remaining_budget_before=126
[INFO] [Deactivate] voxel=7768 span=1 sleep=7/8 waiting
[INFO] [Deactivate] voxel=7769 span=1 sleep=7/8 waiting
[INFO] [Deactivate] voxel=7776 span=1 sleep=7/8 waiting
[INFO] [Deactivate] voxel=7787 span=1 sleep=7/8 waiting
[INFO] [Deactivate] voxel=7790 span=1 sleep=7/8 waiting
[INFO] [Deactivate] voxel=7794 span=1 sleep=7/8 waiting
[INFO] [Deactivate] voxel=7797 span=1 sleep=7/8 waiting
[INFO] [Deactivate] voxel=7800 span=1 sleep=7/8 waiting
[INFO] [Deactivate] voxel=7812 span=1 sleep=7/8 waiting
[INFO] [Deactivate] voxel=7814 span=1 sleep=7/8 waiting
[INFO] [Deactivate] voxel=7815 span=1 sleep=7/8 waiting
[INFO] [Deactivate] voxel=7816 span=1 sleep=7/8 waiting
[INFO] [Deactivate] voxel=7817 span=1 sleep=7/8 waiting
[INFO] [Deactivate] voxel=7818 span=1 sleep=7/8 waiting
[INFO] [Deactivate] voxel=7823 span=1 sleep=7/8 waiting
[INFO] [Deactivate] voxel=7829 span=1 sleep=7/8 waiting
[INFO] [Deactivate] voxel=7832 span=1 sleep=7/8 waiting
[INFO] [Deactivate] voxel=7833 span=1 sleep=7/8 waiting
[INFO] [Deactivate] voxel=7834 span=1 sleep=7/8 waiting
[INFO] [Deactivate] voxel=7837 span=1 sleep=7/8 waiting
[INFO] [Deactivate] voxel=7838 span=1 sleep=7/8 waiting
[INFO] [Deactivate] voxel=7839 span=1 sleep=7/8 waiting
[INFO] [Deactivate] voxel=7840 span=1 sleep=7/8 waiting
[INFO] [Deactivate] voxel=7841 span=1 sleep=7/8 waiting
[INFO] [Deactivate] voxel=7842 span=1 sleep=7/8 waiting
[INFO] [Deactivate] voxel=7843 span=1 sleep=7/8 waiting
[INFO] [Deactivate] voxel=7844 span=1 sleep=7/8 waiting
[INFO] [Deactivate] voxel=7852 span=1 sleep=7/8 waiting
[INFO] [Deactivate] voxel=7854 span=1 sleep=7/8 waiting
[INFO] [Deactivate] voxel=7855 span=1 sleep=7/8 waiting
[INFO] [Deactivate] voxel=7856 span=1 sleep=7/8 waiting
[INFO] [Deactivate] voxel=7857 span=1 sleep=7/8 waiting
[INFO] [Deactivate] voxel=7858 span=1 sleep=7/8 waiting
[INFO] [Deactivate] voxel=7859 span=1 sleep=7/8 waiting
[INFO] [Deactivate] voxel=7860 span=2 sleep=7/8 waiting
[INFO] [Deactivate] voxel=7861 span=1 sleep=7/8 waiting
[INFO] [Deactivate] voxel=7868 span=1 sleep=7/8 waiting
[INFO] [Deactivate] voxel=7872 span=1 sleep=7/8 waiting
[INFO] [Deactivate] voxel=7874 span=1 sleep=7/8 waiting
[INFO] [Deactivate] voxel=7875 span=1 sleep=7/8 waiting
[INFO] [Deactivate] voxel=7876 span=1 sleep=7/8 waiting
[INFO] [Deactivate] voxel=7877 span=1 sleep=7/8 waiting
[INFO] [Deactivate] voxel=7878 span=1 sleep=7/8 waiting
[INFO] [Deactivate] voxel=7879 span=1 sleep=7/8 waiting
[INFO] [Deactivate] voxel=7880 span=1 sleep=7/8 waiting
[INFO] [Deactivate] voxel=7881 span=1 sleep=7/8 waiting
[INFO] [Deactivate] voxel=7892 span=1 sleep=7/8 waiting
[INFO] [Deactivate] voxel=7894 span=1 sleep=7/8 waiting
[INFO] [Deactivate] voxel=7895 span=1 sleep=7/8 waiting
[INFO] [Deactivate] voxel=7896 span=1 sleep=7/8 waiting
[INFO] [Deactivate] voxel=7897 span=1 sleep=7/8 waiting
[INFO] [Deactivate] voxel=7898 span=1 sleep=7/8 waiting
[INFO] [Deactivate] voxel=7899 span=1 sleep=7/8 waiting
[INFO] [Deactivate] voxel=7900 span=1 sleep=7/8 waiting
[INFO] [Deactivate] voxel=7902 span=1 sleep=7/8 waiting
[INFO] [Deactivate] voxel=7903 span=1 sleep=7/8 waiting
[INFO] [Deactivate] voxel=7904 span=1 sleep=7/8 waiting
[INFO] [Deactivate] voxel=7905 span=1 sleep=7/8 waiting
[INFO] [Deactivate] voxel=7906 span=1 sleep=7/8 waiting
[INFO] [Deactivate] voxel=7907 span=1 sleep=7/8 waiting
[INFO] [Deactivate] voxel=7908 span=1 sleep=7/8 waiting
[INFO] [Deactivate] voxel=7909 span=1 sleep=7/8 waiting
[INFO] [Deactivate] voxel=7910 span=1 sleep=7/8 waiting
[INFO] [Deactivate] voxel=7911 span=1 sleep=7/8 waiting
[INFO] [Deactivate] voxel=7913 span=1 sleep=7/8 waiting
[INFO] [Deactivate] voxel=7916 span=1 sleep=7/8 waiting
[INFO] [Deactivate] voxel=7917 span=1 sleep=7/8 waiting
[INFO] [Deactivate] voxel=7918 span=1 sleep=7/8 waiting
[INFO] [Deactivate] voxel=7921 span=1 sleep=7/8 waiting
[INFO] [Deactivate] voxel=7985 span=1 sleep=7/8 waiting
[INFO] [Deactivate] voxel=7986 span=1 sleep=7/8 waiting
[INFO] [Deactivate] voxel=7987 span=1 sleep=7/8 waiting
[INFO] [Deactivate] voxel=7988 span=1 sleep=7/8 waiting
[INFO] [Deactivate] voxel=7989 span=1 sleep=7/8 waiting
[INFO] [Deactivate] voxel=7990 span=1 sleep=7/8 waiting
[INFO] [Deactivate] voxel=7991 span=1 sleep=7/8 waiting
[INFO] [Deactivate] voxel=7992 span=1 sleep=7/8 waiting
[INFO] [Deactivate] voxel=7993 span=1 sleep=7/8 waiting
[INFO] [Deactivate] voxel=7994 span=1 sleep=7/8 waiting
[INFO] [Deactivate] voxel=7995 span=1 sleep=7/8 waiting
[INFO] [Deactivate] voxel=7996 span=1 sleep=7/8 waiting
[INFO] [Deactivate] voxel=7997 span=1 sleep=7/8 waiting
[INFO] [Deactivate] voxel=7998 span=1 sleep=7/8 waiting
[INFO] [Deactivate] voxel=7999 span=1 sleep=7/8 waiting
[INFO] [Deactivate] voxel=8000 span=1 sleep=7/8 waiting
[INFO] [Deactivate] voxel=8001 span=1 sleep=7/8 waiting
[INFO] [Deactivate] voxel=8002 span=1 sleep=7/8 waiting
[INFO] [Deactivate] voxel=8003 span=1 sleep=7/8 waiting
[INFO] [Deactivate] voxel=8004 span=1 sleep=7/8 waiting
[INFO] [Deactivate] voxel=8005 span=1 sleep=7/8 waiting
[INFO] [Deactivate] voxel=8006 span=1 sleep=7/8 waiting
[INFO] [Deactivate] voxel=8007 span=1 sleep=7/8 waiting
[INFO] [Deactivate] voxel=8008 span=1 sleep=7/8 waiting
[INFO] [Deactivate] voxel=8009 span=1 sleep=7/8 waiting
[INFO] [Deactivate] voxel=8010 span=1 sleep=7/8 waiting
[INFO] [Deactivate] voxel=8011 span=1 sleep=7/8 waiting
[INFO] [Deactivate] voxel=8012 span=1 sleep=7/8 waiting
[INFO] [Deactivate] voxel=8013 span=1 sleep=7/8 waiting
[INFO] [Deactivate] voxel=8014 span=1 sleep=7/8 waiting
[INFO] [Deactivate] voxel=8015 span=1 sleep=7/8 waiting
[INFO] [Deactivate] voxel=8016 span=1 sleep=7/8 waiting
[INFO] [Deactivate] voxel=8017 span=1 sleep=7/8 waiting
[INFO] [Deactivate] voxel=8018 span=1 sleep=7/8 waiting
[INFO] [Deactivate] voxel=8019 span=1 sleep=6/8 waiting
[INFO] [Deactivate] voxel=8020 span=1 sleep=6/8 waiting
[INFO] [Deactivate] voxel=8021 span=1 sleep=6/8 waiting
[INFO] [Deactivate] voxel=8022 span=1 sleep=6/8 waiting
[INFO] [Deactivate] voxel=8023 span=1 sleep=6/8 waiting
[INFO] [Deactivate] voxel=8024 span=1 sleep=6/8 waiting
[INFO] [Deactivate] voxel=8025 span=1 sleep=6/8 waiting
[INFO] [Deactivate] voxel=8026 span=1 sleep=6/8 waiting
[INFO] [Deactivate] voxel=8027 span=1 sleep=6/8 waiting
[INFO] [RemoveVoxel] idx=8029 voxel_count_before=8031 moved_from=8030 voxel_count_after=8030
[INFO] [RemoveVoxel] idx=8028 voxel_count_before=8030 moved_from=8029 voxel_count_after=8029
[INFO] [RestoreCluster] count=2 voxel_count before=8031 after_removal=8029 after_restore=8031 static_success=2
[INFO] [Deactivate] restored cluster starting=8028 count=2 remaining_budget_before=125
[INFO] VAO: [ID 55] Unloaded vertex array data from VRAM (GPU)
[INFO] VAO: [ID 56] Mesh uploaded successfully to VRAM (GPU)
[INFO] [RemoveVoxel] idx=7756 voxel_count_before=8031 moved_from=8030 voxel_count_after=8030
[INFO] [Multiscale] Emit span=1 grid=(4..4,1..1,-4..-4) pos=(2.25,0.75,-1.75)
[INFO] [Multiscale] Converted 1 unit voxels into 1 span clusters
[INFO] [Activation] static->dynamic units=1 spawned=1 base=8030 after=8031
[INFO] [Deactivate] voxel=3597 cluster_ready=false fail_idx=3923 sleep=7 reason=insufficient-sleep
[INFO] [Deactivate] voxel=3598 span=1 sleep=7/8 waiting
[INFO] [Deactivate] voxel=3599 span=1 sleep=7/8 waiting
[INFO] [Deactivate] voxel=3677 span=1 sleep=7/8 waiting
[INFO] [Deactivate] voxel=3678 span=1 sleep=7/8 waiting
[INFO] [Deactivate] voxel=3679 span=1 sleep=7/8 waiting
[INFO] [Deactivate] voxel=3680 span=1 sleep=7/8 waiting
[INFO] [Deactivate] voxel=3681 span=1 sleep=7/8 waiting
[INFO] [RemoveVoxel] idx=3758 voxel_count_before=8031 moved_from=8030 voxel_count_after=8030
[INFO] [RestoreCluster] count=1 voxel_count before=8031 after_removal=8030 after_restore=8031 static_success=1
[INFO] [Deactivate] restored cluster starting=3758 count=1 remaining_budget_before=128
[INFO] [Deactivate] voxel=3758 span=1 sleep=1/8 waiting
[INFO] [Deactivate] voxel=3759 span=1 sleep=7/8 waiting
[INFO] [Deactivate] voxel=3760 span=1 sleep=7/8 waiting
[INFO] [Deactivate] voxel=3761 span=1 sleep=7/8 waiting
[INFO] [Deactivate] voxel=3762 span=1 sleep=7/8 waiting
[INFO] [Deactivate] voxel=3763 span=1 sleep=7/8 waiting
[INFO] [Deactivate] voxel=3839 span=1 sleep=7/8 waiting
[INFO] [Deactivate] voxel=3840 span=1 sleep=7/8 waiting
[INFO] [Deactivate] voxel=3841 span=1 sleep=7/8 waiting
[INFO] [Deactivate] voxel=3842 span=1 sleep=7/8 waiting
[INFO] [Deactivate] voxel=3843 span=1 sleep=7/8 waiting
[INFO] [Deactivate] voxel=3923 span=1 sleep=7/8 waiting
[INFO] [Deactivate] voxel=6934 span=1 sleep=7/8 waiting
[INFO] [Deactivate] voxel=6945 span=1 sleep=7/8 waiting
[INFO] [Deactivate] voxel=6946 span=1 sleep=7/8 waiting
[INFO] [Deactivate] voxel=6947 span=1 sleep=7/8 waiting
[INFO] [Deactivate] voxel=6951 span=1 sleep=7/8 waiting
[INFO] [Deactivate] voxel=6952 span=1 sleep=7/8 waiting
[INFO] [Deactivate] voxel=6953 span=1 sleep=7/8 waiting
[INFO] [Deactivate] voxel=6957 span=1 sleep=7/8 waiting
[INFO] [Deactivate] voxel=6958 span=1 sleep=7/8 waiting
[INFO] [Deactivate] voxel=6964 span=1 sleep=7/8 waiting
[INFO] [Deactivate] voxel=6966 span=1 sleep=7/8 waiting
[INFO] [Deactivate] voxel=6970 span=1 sleep=7/8 waiting
[INFO] [Deactivate] voxel=6974 span=1 sleep=7/8 waiting
[INFO] [Deactivate] voxel=6976 span=1 sleep=7/8 waiting
[INFO] [Deactivate] voxel=6979 span=1 sleep=7/8 waiting
[INFO] [Deactivate] voxel=6980 span=1 sleep=7/8 waiting
[INFO] [Deactivate] voxel=6981 span=1 sleep=7/8 waiting
[INFO] [Deactivate] voxel=6982 span=1 sleep=7/8 waiting
[INFO] [Deactivate] voxel=6983 span=1 sleep=7/8 waiting
[INFO] [Deactivate] voxel=6986 span=1 sleep=7/8 waiting
[INFO] [Deactivate] voxel=6987 span=1 sleep=7/8 waiting
[INFO] [Deactivate] voxel=6988 span=1 sleep=7/8 waiting
[INFO] [Deactivate] voxel=6989 span=1 sleep=7/8 waiting
[INFO] [Deactivate] voxel=6990 span=1 sleep=7/8 waiting
[INFO] [Deactivate] voxel=6991 span=1 sleep=7/8 waiting
[INFO] [Deactivate] voxel=6992 span=1 sleep=7/8 waiting
[INFO] [Deactivate] voxel=6993 span=1 sleep=7/8 waiting
[INFO] [Deactivate] voxel=6995 span=1 sleep=7/8 waiting
[INFO] [Deactivate] voxel=7014 span=1 sleep=7/8 waiting
[INFO] [Deactivate] voxel=7015 span=1 sleep=7/8 waiting
[INFO] [Deactivate] voxel=7018 span=1 sleep=7/8 waiting
[INFO] [Deactivate] voxel=7019 span=1 sleep=7/8 waiting
[INFO] [Support] no-static-connection pos=(16.63,24.79,-8.98) bounds=(33..33,49..49,-18..-18)
[INFO] [Deactivate] cluster_support=false count=1 checked=1 invalid=0 reason=no-static-connection
[INFO] [Deactivate] voxel=7023 cluster=1 lacks static support
[INFO] [Deactivate] voxel=7024 span=1 sleep=7/8 waiting
[INFO] [Deactivate] voxel=7028 span=1 sleep=7/8 waiting
[INFO] [Deactivate] voxel=7029 span=1 sleep=7/8 waiting
[INFO] [Deactivate] voxel=7032 span=1 sleep=7/8 waiting
[INFO] [Deactivate] voxel=7033 span=1 sleep=7/8 waiting
[INFO] [Deactivate] voxel=7035 span=1 sleep=7/8 waiting
[INFO] [Deactivate] voxel=7038 span=1 sleep=7/8 waiting
[INFO] [Deactivate] voxel=7042 span=1 sleep=7/8 waiting
[INFO] [Deactivate] voxel=7043 span=1 sleep=7/8 waiting
[INFO] [Deactivate] voxel=7049 span=1 sleep=7/8 waiting
[INFO] [Deactivate] voxel=7061 span=1 sleep=7/8 waiting
[INFO] [Deactivate] voxel=7062 span=1 sleep=7/8 waiting
[INFO] [Deactivate] voxel=7063 span=1 sleep=7/8 waiting
[INFO] [Deactivate] voxel=7067 span=1 sleep=7/8 waiting
[INFO] [Deactivate] voxel=7070 span=1 sleep=7/8 waiting
[INFO] [Deactivate] voxel=7073 span=1 sleep=7/8 waiting
[INFO] [Deactivate] voxel=7077 span=1 sleep=7/8 waiting
[INFO] [Deactivate] voxel=7078 span=1 sleep=7/8 waiting
[INFO] [Deactivate] voxel=7079 span=1 sleep=7/8 waiting
[INFO] [Deactivate] voxel=7104 span=1 sleep=7/8 waiting
[INFO] [Deactivate] voxel=7108 span=1 sleep=7/8 waiting
[INFO] [Deactivate] voxel=7460 span=1 sleep=7/8 waiting
[INFO] [Deactivate] voxel=7489 span=1 sleep=7/8 waiting
[INFO] [Deactivate] voxel=7723 span=1 sleep=7/8 waiting
[INFO] [Deactivate] voxel=7736 span=1 sleep=7/8 waiting
[INFO] [Deactivate] voxel=7739 span=1 sleep=7/8 waiting
[INFO] [Deactivate] voxel=7755 span=1 sleep=7/8 waiting
[INFO] [Deactivate] voxel=7768 span=1 sleep=7/8 waiting
[INFO] [Deactivate] voxel=7769 span=1 sleep=7/8 waiting
[INFO] [Deactivate] voxel=7776 span=1 sleep=7/8 waiting
[INFO] [Deactivate] voxel=7787 span=1 sleep=7/8 waiting
[INFO] [Deactivate] voxel=7790 span=1 sleep=7/8 waiting
[INFO] [Deactivate] voxel=7794 span=1 sleep=7/8 waiting
[INFO] [Deactivate] voxel=7797 span=1 sleep=7/8 waiting
[INFO] [Deactivate] voxel=7800 span=1 sleep=7/8 waiting
[INFO] [Deactivate] voxel=7812 span=1 sleep=7/8 waiting
[INFO] [Deactivate] voxel=7814 span=1 sleep=7/8 waiting
[INFO] [Deactivate] voxel=7815 span=1 sleep=7/8 waiting
[INFO] [Deactivate] voxel=7816 span=1 sleep=7/8 waiting
[INFO] [Deactivate] voxel=7817 span=1 sleep=7/8 waiting
[INFO] [Deactivate] voxel=7818 span=1 sleep=7/8 waiting
[INFO] [Deactivate] voxel=7823 span=1 sleep=7/8 waiting
[INFO] [Deactivate] voxel=7829 span=1 sleep=7/8 waiting
[INFO] [Deactivate] voxel=7832 span=1 sleep=7/8 waiting
[INFO] [Deactivate] voxel=7833 span=1 sleep=7/8 waiting
[INFO] [Deactivate] voxel=7834 span=1 sleep=7/8 waiting
[INFO] [Deactivate] voxel=7837 span=1 sleep=7/8 waiting
[INFO] [Deactivate] voxel=7838 span=1 sleep=7/8 waiting
[INFO] [Deactivate] voxel=7839 span=1 sleep=7/8 waiting
[INFO] [Deactivate] voxel=7840 span=1 sleep=7/8 waiting
[INFO] [Deactivate] voxel=7841 span=1 sleep=7/8 waiting
[INFO] [Deactivate] voxel=7842 span=1 sleep=7/8 waiting
[INFO] [Deactivate] voxel=7843 span=1 sleep=7/8 waiting
[INFO] [Deactivate] voxel=7844 span=1 sleep=7/8 waiting
[INFO] [Deactivate] voxel=7852 span=1 sleep=7/8 waiting
[INFO] [Deactivate] voxel=7854 span=1 sleep=7/8 waiting
[INFO] [Deactivate] voxel=7855 span=1 sleep=7/8 waiting
[INFO] [Deactivate] voxel=7856 span=1 sleep=7/8 waiting
[INFO] [Deactivate] voxel=7857 span=1 sleep=7/8 waiting
[INFO] [Deactivate] voxel=7858 span=1 sleep=7/8 waiting
[INFO] [Deactivate] voxel=7859 span=1 sleep=7/8 waiting
[INFO] [Deactivate] voxel=7860 span=2 sleep=7/8 waiting
[INFO] [Deactivate] voxel=7861 span=1 sleep=7/8 waiting
[INFO] [Deactivate] voxel=7868 span=1 sleep=7/8 waiting
[INFO] [Deactivate] voxel=7872 span=1 sleep=7/8 waiting
[INFO] [Deactivate] voxel=7874 span=1 sleep=7/8 waiting
[INFO] [Deactivate] voxel=7875 span=1 sleep=7/8 waiting
[INFO] [Deactivate] voxel=7876 span=1 sleep=7/8 waiting
[INFO] [Deactivate] voxel=7877 span=1 sleep=7/8 waiting
[INFO] [Deactivate] voxel=7878 span=1 sleep=7/8 waiting
[INFO] [Deactivate] voxel=7879 span=1 sleep=7/8 waiting
[INFO] [Deactivate] voxel=7880 span=1 sleep=7/8 waiting
[INFO] [Deactivate] voxel=7881 span=1 sleep=7/8 waiting
[INFO] [Deactivate] voxel=7892 span=1 sleep=7/8 waiting
[INFO] [Deactivate] voxel=7894 span=1 sleep=7/8 waiting
[INFO] [Deactivate] voxel=7895 span=1 sleep=7/8 waiting
[INFO] [Deactivate] voxel=7896 span=1 sleep=7/8 waiting
[INFO] [Deactivate] voxel=7897 span=1 sleep=7/8 waiting
[INFO] [Deactivate] voxel=7898 span=1 sleep=7/8 waiting
[INFO] [Deactivate] voxel=7899 span=1 sleep=7/8 waiting
[INFO] [Deactivate] voxel=7900 span=1 sleep=7/8 waiting
[INFO] [Deactivate] voxel=7902 span=1 sleep=7/8 waiting
[INFO] [Deactivate] voxel=7903 span=1 sleep=7/8 waiting
[INFO] [Deactivate] voxel=7904 span=1 sleep=7/8 waiting
[INFO] [Deactivate] voxel=7905 span=1 sleep=7/8 waiting
[INFO] [Deactivate] voxel=7906 span=1 sleep=7/8 waiting
[INFO] [Deactivate] voxel=7907 span=1 sleep=7/8 waiting
[INFO] [Deactivate] voxel=7908 span=1 sleep=7/8 waiting
[INFO] [Deactivate] voxel=7909 span=1 sleep=7/8 waiting
[INFO] [Deactivate] voxel=7910 span=1 sleep=7/8 waiting
[INFO] [Deactivate] voxel=7911 span=1 sleep=7/8 waiting
[INFO] [Deactivate] voxel=7913 span=1 sleep=7/8 waiting
[INFO] [Deactivate] voxel=7916 span=1 sleep=7/8 waiting
[INFO] [Deactivate] voxel=7917 span=1 sleep=7/8 waiting
[INFO] [Deactivate] voxel=7918 span=1 sleep=7/8 waiting
[INFO] [Deactivate] voxel=7921 span=1 sleep=7/8 waiting
[INFO] [Deactivate] voxel=7985 span=1 sleep=7/8 waiting
[INFO] [Deactivate] voxel=7986 span=1 sleep=7/8 waiting
[INFO] [Deactivate] voxel=7987 span=1 sleep=7/8 waiting
[INFO] [Deactivate] voxel=7988 span=1 sleep=7/8 waiting
[INFO] [Deactivate] voxel=7989 span=1 sleep=7/8 waiting
[INFO] [Deactivate] voxel=7990 span=1 sleep=7/8 waiting
[INFO] [Deactivate] voxel=7991 span=1 sleep=7/8 waiting
[INFO] [Deactivate] voxel=7992 span=1 sleep=7/8 waiting
[INFO] [Deactivate] voxel=7993 span=1 sleep=7/8 waiting
[INFO] [Deactivate] voxel=7994 span=1 sleep=7/8 waiting
[INFO] [Deactivate] voxel=7995 span=1 sleep=7/8 waiting
[INFO] [Deactivate] voxel=7996 span=1 sleep=7/8 waiting
[INFO] [Deactivate] voxel=7997 span=1 sleep=7/8 waiting
[INFO] [Deactivate] voxel=7998 span=1 sleep=7/8 waiting
[INFO] [Deactivate] voxel=7999 span=1 sleep=7/8 waiting
[INFO] [Deactivate] voxel=8000 span=1 sleep=7/8 waiting
[INFO] [Deactivate] voxel=8001 span=1 sleep=7/8 waiting
[INFO] [Deactivate] voxel=8002 span=1 sleep=7/8 waiting
[INFO] [Deactivate] voxel=8003 span=1 sleep=7/8 waiting
[INFO] [Deactivate] voxel=8004 span=1 sleep=7/8 waiting
[INFO] [Deactivate] voxel=8005 span=1 sleep=7/8 waiting
[INFO] [Deactivate] voxel=8006 span=1 sleep=7/8 waiting
[INFO] [Deactivate] voxel=8007 span=1 sleep=7/8 waiting
[INFO] [Deactivate] voxel=8008 span=1 sleep=7/8 waiting
[INFO] [Deactivate] voxel=8009 span=1 sleep=7/8 waiting
[INFO] [Deactivate] voxel=8010 span=1 sleep=7/8 waiting
[INFO] [Deactivate] voxel=8011 span=1 sleep=7/8 waiting
[INFO] [Deactivate] voxel=8012 span=1 sleep=7/8 waiting
[INFO] [Deactivate] voxel=8013 span=1 sleep=7/8 waiting
[INFO] [Deactivate] voxel=8014 span=1 sleep=7/8 waiting
[INFO] [Deactivate] voxel=8015 span=1 sleep=7/8 waiting
[INFO] [Deactivate] voxel=8016 span=1 sleep=7/8 waiting
[INFO] [Support] no-static-connection pos=(2.98,0.64,-3.39) bounds=(5..5,1..1,-7..-7)
[INFO] [Deactivate] cluster_support=false count=1 checked=1 invalid=0 reason=no-static-connection
[INFO] [Deactivate] voxel=8017 cluster=1 lacks static support
[INFO] [Deactivate] voxel=8018 span=1 sleep=7/8 waiting
[INFO] [Deactivate] voxel=8019 span=1 sleep=7/8 waiting
[INFO] [Deactivate] voxel=8020 span=1 sleep=7/8 waiting
[INFO] [Deactivate] voxel=8021 span=1 sleep=7/8 waiting
[INFO] [Deactivate] voxel=8022 span=1 sleep=7/8 waiting
[INFO] [Deactivate] voxel=8023 span=1 sleep=7/8 waiting
[INFO] [Deactivate] voxel=8024 span=1 sleep=7/8 waiting
[INFO] [Deactivate] voxel=8025 span=1 sleep=7/8 waiting
[INFO] [Deactivate] voxel=8026 span=1 sleep=7/8 waiting
[INFO] [Deactivate] voxel=8027 span=1 sleep=7/8 waiting
[INFO] VAO: [ID 56] Unloaded vertex array data from VRAM (GPU)
[INFO] VAO: [ID 57] Mesh uploaded successfully to VRAM (GPU)
[INFO] [RemoveVoxel] idx=7779 voxel_count_before=8031 moved_from=8030 voxel_count_after=8030
[INFO] [RemoveVoxel] idx=3682 voxel_count_before=8030 moved_from=8029 voxel_count_after=8029
[INFO] [RemoveVoxel] idx=3601 voxel_count_before=8029 moved_from=8028 voxel_count_after=8028
[INFO] [RemoveVoxel] idx=3600 voxel_count_before=8028 moved_from=8027 voxel_count_after=8027
[INFO] [RemoveVoxel] idx=3520 voxel_count_before=8027 moved_from=8026 voxel_count_after=8026
[INFO] [RemoveVoxel] idx=3519 voxel_count_before=8026 moved_from=8025 voxel_count_after=8025
[INFO] [RemoveVoxel] idx=3518 voxel_count_before=8025 moved_from=8024 voxel_count_after=8024
[INFO] [Multiscale] Emit span=1 grid=(3..3,0..0,-5..-5) pos=(1.75,0.25,-2.25)
[INFO] [Multiscale] Emit span=1 grid=(3..3,0..0,-4..-4) pos=(1.75,0.25,-1.75)
[INFO] [Multiscale] Emit span=1 grid=(4..4,0..0,-4..-4) pos=(2.25,0.25,-1.75)
[INFO] [Multiscale] Emit span=1 grid=(4..4,2..2,-4..-4) pos=(2.25,1.25,-1.75)
[INFO] [Multiscale] Emit span=1 grid=(3..3,0..0,-3..-3) pos=(1.75,0.25,-1.25)
[INFO] [Multiscale] Emit span=1 grid=(4..4,0..0,-3..-3) pos=(2.25,0.25,-1.25)
[INFO] [Multiscale] Emit span=1 grid=(5..5,0..0,-3..-3) pos=(2.75,0.25,-1.25)
[INFO] [Multiscale] Converted 7 unit voxels into 7 span clusters
[INFO] [Activation] static->dynamic units=7 spawned=7 base=8024 after=8031
[INFO] [Support] no-static-connection pos=(3.62,0.51,-2.38) bounds=(7..7,1..1,-5..-5)
[INFO] [Deactivate] cluster_support=false count=1 checked=1 invalid=0 reason=no-static-connection
[INFO] [Deactivate] voxel=3518 cluster=1 lacks static support
[INFO] [RemoveVoxel] idx=3519 voxel_count_before=8031 moved_from=8030 voxel_count_after=8030
[INFO] [RestoreCluster] count=1 voxel_count before=8031 after_removal=8030 after_restore=8031 static_success=1
[INFO] [Deactivate] restored cluster starting=3519 count=1 remaining_budget_before=128
[INFO] [Deactivate] voxel=3519 span=1 sleep=1/8 waiting
[INFO] [Deactivate] voxel=3520 cluster_ready=false fail_idx=8026 sleep=1 reason=insufficient-sleep
[INFO] [Deactivate] voxel=3597 span=1 sleep=7/8 waiting
[INFO] [Deactivate] voxel=3598 span=1 sleep=7/8 waiting
[INFO] [Deactivate] voxel=3599 span=1 sleep=7/8 waiting
[INFO] [Deactivate] voxel=3600 span=1 sleep=7/8 waiting
[INFO] [Deactivate] voxel=3677 span=1 sleep=7/8 waiting
[INFO] [Deactivate] voxel=3678 span=1 sleep=7/8 waiting
[INFO] [Deactivate] voxel=3679 span=1 sleep=7/8 waiting
[INFO] [Deactivate] voxel=3680 span=1 sleep=7/8 waiting
[INFO] [Deactivate] voxel=3681 span=1 sleep=7/8 waiting
[INFO] [Deactivate] voxel=3758 span=1 sleep=2/8 waiting
[INFO] [Deactivate] voxel=3759 span=1 sleep=7/8 waiting
[INFO] [Deactivate] voxel=3760 span=1 sleep=7/8 waiting
[INFO] [Deactivate] voxel=3761 span=1 sleep=7/8 waiting
[INFO] [Deactivate] voxel=3762 span=1 sleep=7/8 waiting
[INFO] [Deactivate] voxel=3763 span=1 sleep=7/8 waiting
[INFO] [Deactivate] voxel=3839 span=1 sleep=7/8 waiting
[INFO] [Deactivate] voxel=3840 span=1 sleep=7/8 waiting
[INFO] [Deactivate] voxel=3841 span=1 sleep=7/8 waiting
[INFO] [Deactivate] voxel=3842 span=1 sleep=7/8 waiting
[INFO] [Deactivate] voxel=3843 span=1 sleep=7/8 waiting
[INFO] [Deactivate] voxel=3923 span=1 sleep=7/8 waiting
[INFO] [Deactivate] voxel=6934 span=1 sleep=7/8 waiting
[INFO] [Deactivate] voxel=6945 span=1 sleep=7/8 waiting
[INFO] [Deactivate] voxel=6946 span=1 sleep=7/8 waiting
[INFO] [Deactivate] voxel=6947 span=1 sleep=7/8 waiting
[INFO] [Deactivate] voxel=6951 span=1 sleep=7/8 waiting
[INFO] [Deactivate] voxel=6952 span=1 sleep=7/8 waiting
[INFO] [Deactivate] voxel=6953 span=1 sleep=7/8 waiting
[INFO] [Deactivate] voxel=6957 span=1 sleep=7/8 waiting
[INFO] [Deactivate] voxel=6958 span=1 sleep=7/8 waiting
[INFO] [Deactivate] voxel=6964 span=1 sleep=7/8 waiting
[INFO] [Deactivate] voxel=6966 span=1 sleep=7/8 waiting
[INFO] [Deactivate] voxel=6970 span=1 sleep=7/8 waiting
[INFO] [Deactivate] voxel=6974 span=1 sleep=7/8 waiting
[INFO] [Deactivate] voxel=6976 span=1 sleep=7/8 waiting
[INFO] [Deactivate] voxel=6979 span=1 sleep=7/8 waiting
[INFO] [Deactivate] voxel=6980 span=1 sleep=7/8 waiting
[INFO] [Deactivate] voxel=6981 span=1 sleep=7/8 waiting
[INFO] [Deactivate] voxel=6982 span=1 sleep=7/8 waiting
[INFO] [Deactivate] voxel=6983 span=1 sleep=7/8 waiting
[INFO] [Deactivate] voxel=6986 span=1 sleep=7/8 waiting
[INFO] [Deactivate] voxel=6987 span=1 sleep=7/8 waiting
[INFO] [Deactivate] voxel=6988 span=1 sleep=7/8 waiting
[INFO] [Deactivate] voxel=6989 span=1 sleep=7/8 waiting
[INFO] [Deactivate] voxel=6990 span=1 sleep=7/8 waiting
[INFO] [Deactivate] voxel=6991 span=1 sleep=7/8 waiting
[INFO] [Deactivate] voxel=6992 span=1 sleep=7/8 waiting
[INFO] [Deactivate] voxel=6993 span=1 sleep=7/8 waiting
[INFO] [Deactivate] voxel=6995 span=1 sleep=7/8 waiting
[INFO] [Deactivate] voxel=7014 span=1 sleep=7/8 waiting
[INFO] [Deactivate] voxel=7015 span=1 sleep=7/8 waiting
[INFO] [Deactivate] voxel=7018 span=1 sleep=7/8 waiting
[INFO] [Deactivate] voxel=7019 span=1 sleep=7/8 waiting
[INFO] [Support] no-static-connection pos=(16.10,23.65,-10.72) bounds=(32..32,47..47,-22..-22)
[INFO] [Deactivate] cluster_support=false count=1 checked=1 invalid=0 reason=no-static-connection
[INFO] [Deactivate] voxel=7023 cluster=1 lacks static support
[INFO] [Deactivate] voxel=7024 span=1 sleep=7/8 waiting
[INFO] [Deactivate] voxel=7028 span=1 sleep=7/8 waiting
[INFO] [Deactivate] voxel=7029 span=1 sleep=7/8 waiting
[INFO] [Deactivate] voxel=7032 span=1 sleep=7/8 waiting
[INFO] [Deactivate] voxel=7033 span=1 sleep=7/8 waiting
[INFO] [Deactivate] voxel=7035 span=1 sleep=7/8 waiting
[INFO] [Deactivate] voxel=7038 span=1 sleep=7/8 waiting
[INFO] [Deactivate] voxel=7042 span=1 sleep=7/8 waiting
[INFO] [Deactivate] voxel=7043 span=1 sleep=7/8 waiting
[INFO] [Deactivate] voxel=7049 span=1 sleep=7/8 waiting
[INFO] [Deactivate] voxel=7061 span=1 sleep=7/8 waiting
[INFO] [Deactivate] voxel=7062 span=1 sleep=7/8 waiting
[INFO] [Deactivate] voxel=7063 span=1 sleep=7/8 waiting
[INFO] [Deactivate] voxel=7067 span=1 sleep=7/8 waiting
[INFO] [Deactivate] voxel=7070 span=1 sleep=7/8 waiting
[INFO] [Deactivate] voxel=7073 span=1 sleep=7/8 waiting
[INFO] [Deactivate] voxel=7077 span=1 sleep=7/8 waiting
[INFO] [Deactivate] voxel=7078 span=1 sleep=7/8 waiting
[INFO] [Deactivate] voxel=7079 span=1 sleep=7/8 waiting
[INFO] [Deactivate] voxel=7104 span=1 sleep=7/8 waiting
[INFO] [Deactivate] voxel=7108 span=1 sleep=7/8 waiting
[INFO] [Deactivate] voxel=7460 span=1 sleep=7/8 waiting
[INFO] [Deactivate] voxel=7489 span=1 sleep=7/8 waiting
[INFO] [Deactivate] voxel=7723 span=1 sleep=7/8 waiting
[INFO] [Deactivate] voxel=7736 span=1 sleep=7/8 waiting
[INFO] [Deactivate] voxel=7739 span=1 sleep=7/8 waiting
[INFO] [Deactivate] voxel=7755 span=1 sleep=7/8 waiting
[INFO] [Deactivate] voxel=7768 span=1 sleep=7/8 waiting
[INFO] [Deactivate] voxel=7769 span=1 sleep=7/8 waiting
[INFO] [Deactivate] voxel=7776 span=1 sleep=7/8 waiting
[INFO] [Deactivate] voxel=7787 span=1 sleep=7/8 waiting
[INFO] [Deactivate] voxel=7790 span=1 sleep=7/8 waiting
[INFO] [Deactivate] voxel=7794 span=1 sleep=7/8 waiting
[INFO] [Deactivate] voxel=7797 span=1 sleep=7/8 waiting
[INFO] [Deactivate] voxel=7800 span=1 sleep=7/8 waiting
[INFO] [Deactivate] voxel=7812 span=1 sleep=7/8 waiting
[INFO] [Deactivate] voxel=7814 span=1 sleep=7/8 waiting
[INFO] [Deactivate] voxel=7815 span=1 sleep=7/8 waiting
[INFO] [Deactivate] voxel=7816 span=1 sleep=7/8 waiting
[INFO] [Deactivate] voxel=7817 span=1 sleep=7/8 waiting
[INFO] [Deactivate] voxel=7818 span=1 sleep=7/8 waiting
[INFO] [Deactivate] voxel=7823 span=1 sleep=7/8 waiting
[INFO] [Deactivate] voxel=7829 span=1 sleep=7/8 waiting
[INFO] [Deactivate] voxel=7832 span=1 sleep=7/8 waiting
[INFO] [Deactivate] voxel=7833 span=1 sleep=7/8 waiting
[INFO] [Deactivate] voxel=7834 span=1 sleep=7/8 waiting
[INFO] [Deactivate] voxel=7837 span=1 sleep=7/8 waiting
[INFO] [Deactivate] voxel=7838 span=1 sleep=7/8 waiting
[INFO] [Deactivate] voxel=7839 span=1 sleep=7/8 waiting
[INFO] [Deactivate] voxel=7840 span=1 sleep=7/8 waiting
[INFO] [Deactivate] voxel=7841 span=1 sleep=7/8 waiting
[INFO] [Deactivate] voxel=7842 span=1 sleep=7/8 waiting
[INFO] [Deactivate] voxel=7843 span=1 sleep=7/8 waiting
[INFO] [Deactivate] voxel=7844 span=1 sleep=7/8 waiting
[INFO] [Deactivate] voxel=7852 span=1 sleep=7/8 waiting
[INFO] [Deactivate] voxel=7854 span=1 sleep=7/8 waiting
[INFO] [Deactivate] voxel=7855 span=1 sleep=7/8 waiting
[INFO] [Deactivate] voxel=7856 span=1 sleep=7/8 waiting
[INFO] [Deactivate] voxel=7857 span=1 sleep=7/8 waiting
[INFO] [Deactivate] voxel=7858 span=1 sleep=7/8 waiting
[INFO] [Deactivate] voxel=7859 span=1 sleep=7/8 waiting
[INFO] [Deactivate] voxel=7860 span=2 sleep=7/8 waiting
[INFO] [Deactivate] voxel=7861 span=1 sleep=7/8 waiting
[INFO] [Deactivate] voxel=7868 span=1 sleep=7/8 waiting
[INFO] [Deactivate] voxel=7872 span=1 sleep=7/8 waiting
[INFO] [Deactivate] voxel=7874 span=1 sleep=7/8 waiting
[INFO] [Deactivate] voxel=7875 span=1 sleep=7/8 waiting
[INFO] [Deactivate] voxel=7876 span=1 sleep=7/8 waiting
[INFO] [Deactivate] voxel=7877 span=1 sleep=7/8 waiting
[INFO] [Deactivate] voxel=7878 span=1 sleep=7/8 waiting
[INFO] [Deactivate] voxel=7879 span=1 sleep=7/8 waiting
[INFO] [Deactivate] voxel=7880 span=1 sleep=7/8 waiting
[INFO] [Deactivate] voxel=7881 span=1 sleep=7/8 waiting
[INFO] [Deactivate] voxel=7892 span=1 sleep=7/8 waiting
[INFO] [Deactivate] voxel=7894 span=1 sleep=7/8 waiting
[INFO] [Deactivate] voxel=7895 span=1 sleep=7/8 waiting
[INFO] [Deactivate] voxel=7896 span=1 sleep=7/8 waiting
[INFO] [Deactivate] voxel=7897 span=1 sleep=7/8 waiting
[INFO] [Deactivate] voxel=7898 span=1 sleep=7/8 waiting
[INFO] [Deactivate] voxel=7899 span=1 sleep=7/8 waiting
[INFO] [Deactivate] voxel=7900 span=1 sleep=7/8 waiting
[INFO] [Deactivate] voxel=7902 span=1 sleep=7/8 waiting
[INFO] [Deactivate] voxel=7903 span=1 sleep=7/8 waiting
[INFO] [Deactivate] voxel=7904 span=1 sleep=7/8 waiting
[INFO] [Deactivate] voxel=7905 span=1 sleep=7/8 waiting
[INFO] [Deactivate] voxel=7906 span=1 sleep=7/8 waiting
[INFO] [Deactivate] voxel=7907 span=1 sleep=7/8 waiting
[INFO] [Deactivate] voxel=7908 span=1 sleep=7/8 waiting
[INFO] [Deactivate] voxel=7909 span=1 sleep=7/8 waiting
[INFO] [Deactivate] voxel=7910 span=1 sleep=7/8 waiting
[INFO] [Deactivate] voxel=7911 span=1 sleep=7/8 waiting
[INFO] [Deactivate] voxel=7913 span=1 sleep=7/8 waiting
[INFO] [Deactivate] voxel=7916 span=1 sleep=7/8 waiting
[INFO] [Deactivate] voxel=7917 span=1 sleep=7/8 waiting
[INFO] [Deactivate] voxel=7918 span=1 sleep=7/8 waiting
[INFO] [Deactivate] voxel=7921 span=1 sleep=7/8 waiting
[INFO] [Deactivate] voxel=7985 span=1 sleep=7/8 waiting
[INFO] [Deactivate] voxel=7986 span=1 sleep=7/8 waiting
[INFO] [Deactivate] voxel=7987 span=1 sleep=7/8 waiting
[INFO] [Deactivate] voxel=7988 span=1 sleep=7/8 waiting
[INFO] [Deactivate] voxel=7989 span=1 sleep=7/8 waiting
[INFO] [Deactivate] voxel=7990 span=1 sleep=7/8 waiting
[INFO] [Deactivate] voxel=7991 span=1 sleep=7/8 waiting
[INFO] [Deactivate] voxel=7992 span=1 sleep=7/8 waiting
[INFO] [Deactivate] voxel=7993 span=1 sleep=7/8 waiting
[INFO] [Deactivate] voxel=7994 span=1 sleep=7/8 waiting
[INFO] [Deactivate] voxel=7995 span=1 sleep=7/8 waiting
[INFO] [Deactivate] voxel=7996 span=1 sleep=7/8 waiting
[INFO] [Deactivate] voxel=7997 span=1 sleep=7/8 waiting
[INFO] [Deactivate] voxel=7998 span=1 sleep=7/8 waiting
[INFO] [Deactivate] voxel=7999 span=1 sleep=7/8 waiting
[INFO] [Deactivate] voxel=8000 span=1 sleep=7/8 waiting
[INFO] [Deactivate] voxel=8001 span=1 sleep=7/8 waiting
[INFO] [Deactivate] voxel=8002 span=1 sleep=7/8 waiting
[INFO] [Deactivate] voxel=8003 span=1 sleep=7/8 waiting
[INFO] [Deactivate] voxel=8004 span=1 sleep=7/8 waiting
[INFO] [Deactivate] voxel=8005 span=1 sleep=7/8 waiting
[INFO] [Deactivate] voxel=8006 span=1 sleep=7/8 waiting
[INFO] [Deactivate] voxel=8007 span=1 sleep=7/8 waiting
[INFO] [Deactivate] voxel=8008 span=1 sleep=7/8 waiting
[INFO] [Deactivate] voxel=8009 span=1 sleep=7/8 waiting
[INFO] [Deactivate] voxel=8010 span=1 sleep=7/8 waiting
[INFO] [Deactivate] voxel=8011 span=1 sleep=7/8 waiting
[INFO] [Deactivate] voxel=8012 span=1 sleep=7/8 waiting
[INFO] [Deactivate] voxel=8013 span=1 sleep=7/8 waiting
[INFO] [Deactivate] voxel=8014 span=1 sleep=7/8 waiting
[INFO] [Deactivate] voxel=8015 span=1 sleep=7/8 waiting
[INFO] [Deactivate] voxel=8016 span=1 sleep=7/8 waiting
[INFO] [RemoveVoxel] idx=8017 voxel_count_before=8031 moved_from=8030 voxel_count_after=8030
[INFO] [RestoreCluster] count=1 voxel_count before=8031 after_removal=8030 after_restore=8031 static_success=1
[INFO] [Deactivate] restored cluster starting=8017 count=1 remaining_budget_before=127
[INFO] [Deactivate] voxel=8018 span=1 sleep=7/8 waiting
[INFO] [RemoveVoxel] idx=8021 voxel_count_before=8031 moved_from=8030 voxel_count_after=8030
[INFO] [RemoveVoxel] idx=8020 voxel_count_before=8030 moved_from=8029 voxel_count_after=8029
[INFO] [RemoveVoxel] idx=8019 voxel_count_before=8029 moved_from=8028 voxel_count_after=8028
[INFO] [RestoreCluster] count=3 voxel_count before=8031 after_removal=8028 after_restore=8031 static_success=3
[INFO] [Deactivate] restored cluster starting=8019 count=3 remaining_budget_before=126
[INFO] [Deactivate] voxel=8019 span=1 sleep=1/8 waiting
[INFO] [Deactivate] voxel=8020 span=1 sleep=1/8 waiting
[INFO] [RemoveVoxel] idx=8022 voxel_count_before=8031 moved_from=8030 voxel_count_after=8030
[INFO] [RestoreCluster] count=1 voxel_count before=8031 after_removal=8030 after_restore=8031 static_success=1
[INFO] [Deactivate] restored cluster starting=8022 count=1 remaining_budget_before=123
[INFO] [RemoveVoxel] idx=8023 voxel_count_before=8031 moved_from=8030 voxel_count_after=8030
[INFO] [RestoreCluster] count=1 voxel_count before=8031 after_removal=8030 after_restore=8031 static_success=1
[INFO] [Deactivate] restored cluster starting=8023 count=1 remaining_budget_before=122
[INFO] [Deactivate] voxel=8024 span=1 sleep=1/8 waiting
[INFO] [Deactivate] voxel=8025 span=1 sleep=1/8 waiting
[INFO] [Deactivate] voxel=8026 span=1 sleep=1/8 waiting
[INFO] [Deactivate] voxel=8027 span=1 sleep=1/8 waiting
[INFO] VAO: [ID 57] Unloaded vertex array data from VRAM (GPU)
[INFO] VAO: [ID 58] Mesh uploaded successfully to VRAM (GPU)
[INFO] [RemoveVoxel] idx=7924 voxel_count_before=8031 moved_from=8030 voxel_count_after=8030
[INFO] [RemoveVoxel] idx=7922 voxel_count_before=8030 moved_from=8029 voxel_count_after=8029
[INFO] [RemoveVoxel] idx=7920 voxel_count_before=8029 moved_from=8028 voxel_count_after=8028
[INFO] [RemoveVoxel] idx=7919 voxel_count_before=8028 moved_from=8027 voxel_count_after=8027
[INFO] [RemoveVoxel] idx=7915 voxel_count_before=8027 moved_from=8026 voxel_count_after=8026
[INFO] [RemoveVoxel] idx=7779 voxel_count_before=8026 moved_from=8025 voxel_count_after=8025
[INFO] [RemoveVoxel] idx=3924 voxel_count_before=8025 moved_from=8024 voxel_count_after=8024
[INFO] [Multiscale] Emit span=1 grid=(1..1,4..4,-5..-5) pos=(0.75,2.25,-2.25)
[INFO] [Multiscale] Emit span=1 grid=(8..8,0..0,-4..-4) pos=(4.25,0.25,-1.75)
[INFO] [Multiscale] Emit span=1 grid=(8..8,1..1,-4..-4) pos=(4.25,0.75,-1.75)
[INFO] [Multiscale] Emit span=1 grid=(1..1,4..4,-4..-4) pos=(0.75,2.25,-1.75)
[INFO] [Multiscale] Emit span=1 grid=(0..0,5..5,-4..-4) pos=(0.25,2.75,-1.75)
[INFO] [Multiscale] Emit span=1 grid=(1..1,5..5,-4..-4) pos=(0.75,2.75,-1.75)
[INFO] [Multiscale] Emit span=1 grid=(0..0,4..4,-3..-3) pos=(0.25,2.25,-1.25)
[INFO] [Multiscale] Converted 7 unit voxels into 7 span clusters
[INFO] [Activation] static->dynamic units=7 spawned=7 base=8024 after=8031
[INFO] [RemoveVoxel] idx=8026 voxel_count_before=8031 moved_from=8030 voxel_count_after=8030
[INFO] [RemoveVoxel] idx=8025 voxel_count_before=8030 moved_from=8029 voxel_count_after=8029
[INFO] [Multiscale] Emit span=1 grid=(8..8,0..0,-4..-4) pos=(4.25,0.25,-1.75)
[INFO] [Multiscale] Emit span=1 grid=(8..8,1..1,-4..-4) pos=(4.25,0.75,-1.75)
[INFO] [Multiscale] Converted 2 unit voxels into 2 span clusters
[INFO] [Support] no-static-connection pos=(3.54,0.54,-2.21) bounds=(7..7,1..1,-5..-5)
[INFO] [Deactivate] cluster_support=false count=1 checked=1 invalid=0 reason=no-static-connection
[INFO] [Deactivate] voxel=3518 cluster=1 lacks static support
[INFO] [Deactivate] voxel=3519 span=1 sleep=2/8 waiting
[INFO] [Deactivate] voxel=3520 cluster_ready=false fail_idx=3519 sleep=2 reason=insufficient-sleep
[INFO] [Deactivate] voxel=3597 span=1 sleep=7/8 waiting
[INFO] [Deactivate] voxel=3598 span=1 sleep=7/8 waiting
[INFO] [Deactivate] voxel=3599 span=1 sleep=7/8 waiting
[INFO] [Deactivate] voxel=3600 span=1 sleep=7/8 waiting
[INFO] [Deactivate] voxel=3677 span=1 sleep=7/8 waiting
[INFO] [Deactivate] voxel=3678 span=1 sleep=7/8 waiting
[INFO] [Deactivate] voxel=3679 span=1 sleep=7/8 waiting
[INFO] [Deactivate] voxel=3680 span=1 sleep=7/8 waiting
[INFO] [Deactivate] voxel=3681 span=1 sleep=7/8 waiting
[INFO] [Deactivate] voxel=3758 span=1 sleep=3/8 waiting
[INFO] [Deactivate] voxel=3759 span=1 sleep=7/8 waiting
[INFO] [Deactivate] voxel=3760 span=1 sleep=7/8 waiting
[INFO] [Deactivate] voxel=3761 span=1 sleep=7/8 waiting
[INFO] [Deactivate] voxel=3762 span=1 sleep=7/8 waiting
[INFO] [Deactivate] voxel=3763 span=1 sleep=7/8 waiting
[INFO] [Deactivate] voxel=3839 span=1 sleep=7/8 waiting
[INFO] [Deactivate] voxel=3840 span=1 sleep=7/8 waiting
[INFO] [Deactivate] voxel=3841 span=1 sleep=7/8 waiting
[INFO] [Deactivate] voxel=3842 span=1 sleep=7/8 waiting
[INFO] [Deactivate] voxel=3843 span=1 sleep=7/8 waiting
[INFO] [Deactivate] voxel=3923 span=1 sleep=7/8 waiting
[INFO] [Deactivate] voxel=3924 span=1 sleep=2/8 waiting
[INFO] [Deactivate] voxel=6934 span=1 sleep=7/8 waiting
[INFO] [Deactivate] voxel=6945 span=1 sleep=7/8 waiting
[INFO] [Deactivate] voxel=6946 span=1 sleep=7/8 waiting
[INFO] [Deactivate] voxel=6947 span=1 sleep=7/8 waiting
[INFO] [Deactivate] voxel=6951 span=1 sleep=7/8 waiting
[INFO] [Deactivate] voxel=6952 span=1 sleep=7/8 waiting
[INFO] [Deactivate] voxel=6953 span=1 sleep=7/8 waiting
[INFO] [Deactivate] voxel=6957 span=1 sleep=7/8 waiting
[INFO] [Deactivate] voxel=6958 span=1 sleep=7/8 waiting
[INFO] [Deactivate] voxel=6964 span=1 sleep=7/8 waiting
[INFO] [Deactivate] voxel=6966 span=1 sleep=7/8 waiting
[INFO] [Deactivate] voxel=6970 span=1 sleep=7/8 waiting
[INFO] [Deactivate] voxel=6974 span=1 sleep=7/8 waiting
[INFO] [Deactivate] voxel=6976 span=1 sleep=7/8 waiting
[INFO] [Deactivate] voxel=6979 span=1 sleep=7/8 waiting
[INFO] [Deactivate] voxel=6980 span=1 sleep=7/8 waiting
[INFO] [Deactivate] voxel=6981 span=1 sleep=7/8 waiting
[INFO] [Deactivate] voxel=6982 span=1 sleep=7/8 waiting
[INFO] [Deactivate] voxel=6983 span=1 sleep=7/8 waiting
[INFO] [Deactivate] voxel=6986 span=1 sleep=7/8 waiting
[INFO] [Deactivate] voxel=6987 span=1 sleep=7/8 waiting
[INFO] [Deactivate] voxel=6988 span=1 sleep=7/8 waiting
[INFO] [Deactivate] voxel=6989 span=1 sleep=7/8 waiting
[INFO] [Deactivate] voxel=6990 span=1 sleep=7/8 waiting
[INFO] [Deactivate] voxel=6991 span=1 sleep=7/8 waiting
[INFO] [Deactivate] voxel=6992 span=1 sleep=7/8 waiting
[INFO] [Deactivate] voxel=6993 span=1 sleep=7/8 waiting
[INFO] [Deactivate] voxel=6995 span=1 sleep=7/8 waiting
[INFO] [Deactivate] voxel=7014 span=1 sleep=7/8 waiting
[INFO] [Deactivate] voxel=7015 span=1 sleep=7/8 waiting
[INFO] [Deactivate] voxel=7018 span=1 sleep=7/8 waiting
[INFO] [Deactivate] voxel=7019 span=1 sleep=7/8 waiting
[INFO] [Support] no-static-connection pos=(15.55,22.24,-12.51) bounds=(31..31,44..44,-26..-26)
[INFO] [Deactivate] cluster_support=false count=1 checked=1 invalid=0 reason=no-static-connection
[INFO] [Deactivate] voxel=7023 cluster=1 lacks static support
[INFO] [Deactivate] voxel=7024 span=1 sleep=7/8 waiting
[INFO] [Deactivate] voxel=7028 span=1 sleep=7/8 waiting
[INFO] [Deactivate] voxel=7029 span=1 sleep=7/8 waiting
[INFO] [Deactivate] voxel=7032 span=1 sleep=7/8 waiting
[INFO] [Deactivate] voxel=7033 span=1 sleep=7/8 waiting
[INFO] [Deactivate] voxel=7035 span=1 sleep=7/8 waiting
[INFO] [Deactivate] voxel=7038 span=1 sleep=7/8 waiting
[INFO] [Deactivate] voxel=7042 span=1 sleep=7/8 waiting
[INFO] [Deactivate] voxel=7043 span=1 sleep=7/8 waiting
[INFO] [Deactivate] voxel=7049 span=1 sleep=7/8 waiting
[INFO] [Deactivate] voxel=7061 span=1 sleep=7/8 waiting
[INFO] [Deactivate] voxel=7062 span=1 sleep=7/8 waiting
[INFO] [Deactivate] voxel=7063 span=1 sleep=7/8 waiting
[INFO] [Deactivate] voxel=7067 span=1 sleep=7/8 waiting
[INFO] [Deactivate] voxel=7070 span=1 sleep=7/8 waiting
[INFO] [Deactivate] voxel=7073 span=1 sleep=7/8 waiting
[INFO] [Deactivate] voxel=7077 span=1 sleep=7/8 waiting
[INFO] [Deactivate] voxel=7078 span=1 sleep=7/8 waiting
[INFO] [Deactivate] voxel=7079 span=1 sleep=7/8 waiting
[INFO] [Deactivate] voxel=7104 span=1 sleep=7/8 waiting
[INFO] [Deactivate] voxel=7108 span=1 sleep=7/8 waiting
[INFO] [Deactivate] voxel=7460 span=1 sleep=7/8 waiting
[INFO] [Deactivate] voxel=7489 span=1 sleep=7/8 waiting
[INFO] [Deactivate] voxel=7723 span=1 sleep=7/8 waiting
[INFO] [Deactivate] voxel=7736 span=1 sleep=7/8 waiting
[INFO] [Deactivate] voxel=7739 span=1 sleep=7/8 waiting
[INFO] [Deactivate] voxel=7755 span=1 sleep=7/8 waiting
[INFO] [Deactivate] voxel=7768 span=1 sleep=7/8 waiting
[INFO] [Deactivate] voxel=7769 span=1 sleep=7/8 waiting
[INFO] [Deactivate] voxel=7776 span=1 sleep=7/8 waiting
[INFO] [Deactivate] voxel=7779 span=1 sleep=2/8 waiting
[INFO] [Deactivate] voxel=7787 span=1 sleep=7/8 waiting
[INFO] [Deactivate] voxel=7790 span=1 sleep=7/8 waiting
[INFO] [Deactivate] voxel=7794 span=1 sleep=7/8 waiting
[INFO] [Deactivate] voxel=7797 span=1 sleep=7/8 waiting
[INFO] [Deactivate] voxel=7800 span=1 sleep=7/8 waiting
[INFO] [Deactivate] voxel=7812 span=1 sleep=7/8 waiting
[INFO] [Deactivate] voxel=7814 span=1 sleep=7/8 waiting
[INFO] [Deactivate] voxel=7815 span=1 sleep=7/8 waiting
[INFO] [Deactivate] voxel=7816 span=1 sleep=7/8 waiting
[INFO] [Deactivate] voxel=7817 span=1 sleep=7/8 waiting
[INFO] [Deactivate] voxel=7818 span=1 sleep=7/8 waiting
[INFO] [Deactivate] voxel=7823 span=1 sleep=7/8 waiting
[INFO] [Deactivate] voxel=7829 span=1 sleep=7/8 waiting
[INFO] [Deactivate] voxel=7832 span=1 sleep=7/8 waiting
[INFO] [Deactivate] voxel=7833 span=1 sleep=7/8 waiting
[INFO] [Deactivate] voxel=7834 span=1 sleep=7/8 waiting
[INFO] [Deactivate] voxel=7837 span=1 sleep=7/8 waiting
[INFO] [Deactivate] voxel=7838 span=1 sleep=7/8 waiting
[INFO] [Deactivate] voxel=7839 span=1 sleep=7/8 waiting
[INFO] [Deactivate] voxel=7840 span=1 sleep=7/8 waiting
[INFO] [Deactivate] voxel=7841 span=1 sleep=7/8 waiting
[INFO] [Deactivate] voxel=7842 span=1 sleep=7/8 waiting
[INFO] [Deactivate] voxel=7843 span=1 sleep=7/8 waiting
[INFO] [Deactivate] voxel=7844 span=1 sleep=7/8 waiting
[INFO] [Deactivate] voxel=7852 span=1 sleep=7/8 waiting
[INFO] [Deactivate] voxel=7854 span=1 sleep=7/8 waiting
[INFO] [Deactivate] voxel=7855 span=1 sleep=7/8 waiting
[INFO] [Deactivate] voxel=7856 span=1 sleep=7/8 waiting
[INFO] [Deactivate] voxel=7857 span=1 sleep=7/8 waiting
[INFO] [Deactivate] voxel=7858 span=1 sleep=7/8 waiting
[INFO] [Deactivate] voxel=7859 span=1 sleep=7/8 waiting
[INFO] [Deactivate] voxel=7860 span=2 sleep=7/8 waiting
[INFO] [Deactivate] voxel=7861 span=1 sleep=7/8 waiting
[INFO] [Deactivate] voxel=7868 span=1 sleep=7/8 waiting
[INFO] [Deactivate] voxel=7872 span=1 sleep=7/8 waiting
[INFO] [Deactivate] voxel=7874 span=1 sleep=7/8 waiting
[INFO] [Deactivate] voxel=7875 span=1 sleep=7/8 waiting
[INFO] [Deactivate] voxel=7876 span=1 sleep=7/8 waiting
[INFO] [Deactivate] voxel=7877 span=1 sleep=7/8 waiting
[INFO] [Deactivate] voxel=7878 span=1 sleep=7/8 waiting
[INFO] [Deactivate] voxel=7879 span=1 sleep=7/8 waiting
[INFO] [Deactivate] voxel=7880 span=1 sleep=7/8 waiting
[INFO] [Deactivate] voxel=7881 span=1 sleep=7/8 waiting
[INFO] [Deactivate] voxel=7892 span=1 sleep=7/8 waiting
[INFO] [Deactivate] voxel=7894 span=1 sleep=7/8 waiting
[INFO] [Deactivate] voxel=7895 span=1 sleep=7/8 waiting
[INFO] [Deactivate] voxel=7896 span=1 sleep=7/8 waiting
[INFO] [Deactivate] voxel=7897 span=1 sleep=7/8 waiting
[INFO] [Deactivate] voxel=7898 span=1 sleep=7/8 waiting
[INFO] [Deactivate] voxel=7899 span=1 sleep=7/8 waiting
[INFO] [Deactivate] voxel=7900 span=1 sleep=7/8 waiting
[INFO] [Deactivate] voxel=7902 span=1 sleep=7/8 waiting
[INFO] [Deactivate] voxel=7903 span=1 sleep=7/8 waiting
[INFO] [Deactivate] voxel=7904 span=1 sleep=7/8 waiting
[INFO] [Deactivate] voxel=7905 span=1 sleep=7/8 waiting
[INFO] [Deactivate] voxel=7906 span=1 sleep=7/8 waiting
[INFO] [Deactivate] voxel=7907 span=1 sleep=7/8 waiting
[INFO] [Deactivate] voxel=7908 span=1 sleep=7/8 waiting
[INFO] [Deactivate] voxel=7909 span=1 sleep=7/8 waiting
[INFO] [Deactivate] voxel=7910 span=1 sleep=7/8 waiting
[INFO] [Deactivate] voxel=7911 span=1 sleep=7/8 waiting
[INFO] [Deactivate] voxel=7913 span=1 sleep=7/8 waiting
[INFO] [Deactivate] voxel=7915 span=1 sleep=2/8 waiting
[INFO] [Deactivate] voxel=7916 span=1 sleep=7/8 waiting
[INFO] [Deactivate] voxel=7917 span=1 sleep=7/8 waiting
[INFO] [Deactivate] voxel=7918 span=1 sleep=7/8 waiting
[INFO] [Deactivate] voxel=7919 span=1 sleep=2/8 waiting
[INFO] [Deactivate] voxel=7921 span=1 sleep=7/8 waiting
[INFO] [Deactivate] voxel=7985 span=1 sleep=7/8 waiting
[INFO] [Deactivate] voxel=7986 span=1 sleep=7/8 waiting
[INFO] [Deactivate] voxel=7987 span=1 sleep=7/8 waiting
[INFO] [Deactivate] voxel=7988 span=1 sleep=7/8 waiting
[INFO] [Deactivate] voxel=7989 span=1 sleep=7/8 waiting
[INFO] [Deactivate] voxel=7990 span=1 sleep=7/8 waiting
[INFO] [Deactivate] voxel=7991 span=1 sleep=7/8 waiting
[INFO] [Deactivate] voxel=7992 span=1 sleep=7/8 waiting
[INFO] [Deactivate] voxel=7993 span=1 sleep=7/8 waiting
[INFO] [Deactivate] voxel=7994 span=1 sleep=7/8 waiting
[INFO] [Deactivate] voxel=7995 span=1 sleep=7/8 waiting
[INFO] [Deactivate] voxel=7996 span=1 sleep=7/8 waiting
[INFO] [Deactivate] voxel=7997 span=1 sleep=7/8 waiting
[INFO] [Deactivate] voxel=7998 span=1 sleep=7/8 waiting
[INFO] [Deactivate] voxel=7999 span=1 sleep=7/8 waiting
[INFO] [Deactivate] voxel=8000 span=1 sleep=7/8 waiting
[INFO] [Deactivate] voxel=8001 span=1 sleep=7/8 waiting
[INFO] [Deactivate] voxel=8002 span=1 sleep=7/8 waiting
[INFO] [Deactivate] voxel=8003 span=1 sleep=7/8 waiting
[INFO] [Deactivate] voxel=8004 span=1 sleep=7/8 waiting
[INFO] [Deactivate] voxel=8005 span=1 sleep=7/8 waiting
[INFO] [Deactivate] voxel=8006 span=1 sleep=7/8 waiting
[INFO] [Deactivate] voxel=8007 span=1 sleep=7/8 waiting
[INFO] [Deactivate] voxel=8008 span=1 sleep=7/8 waiting
[INFO] [Deactivate] voxel=8009 span=1 sleep=7/8 waiting
[INFO] [Deactivate] voxel=8010 span=1 sleep=7/8 waiting
[INFO] [Deactivate] voxel=8011 span=1 sleep=7/8 waiting
[INFO] [Deactivate] voxel=8012 span=1 sleep=7/8 waiting
[INFO] [Deactivate] voxel=8013 span=1 sleep=7/8 waiting
[INFO] [Deactivate] voxel=8014 span=1 sleep=7/8 waiting
[INFO] [Deactivate] voxel=8015 span=1 sleep=7/8 waiting
[INFO] [Deactivate] voxel=8016 span=1 sleep=7/8 waiting
[INFO] [Deactivate] voxel=8018 span=1 sleep=7/8 waiting
[INFO] [Deactivate] voxel=8019 span=1 sleep=2/8 waiting
[INFO] [Deactivate] voxel=8020 span=1 sleep=2/8 waiting
[INFO] [Deactivate] voxel=8024 span=1 sleep=1/8 waiting
[INFO] [Deactivate] voxel=8025 span=1 sleep=1/8 waiting
[INFO] [Deactivate] voxel=8026 span=1 sleep=1/8 waiting
[INFO] [Deactivate] voxel=8027 span=1 sleep=1/8 waiting
[INFO] [Deactivate] voxel=8028 span=1 sleep=1/8 waiting
[INFO] [Deactivate] voxel=8029 span=1 sleep=1/8 waiting
[INFO] [Deactivate] voxel=8030 span=1 sleep=1/8 waiting
[INFO] VAO: [ID 58] Unloaded vertex array data from VRAM (GPU)
[INFO] VAO: [ID 59] Mesh uploaded successfully to VRAM (GPU)
[INFO] [RemoveVoxel] idx=7973 voxel_count_before=8031 moved_from=8030 voxel_count_after=8030
[INFO] [RemoveVoxel] idx=7972 voxel_count_before=8030 moved_from=8029 voxel_count_after=8029
[INFO] [RemoveVoxel] idx=7967 voxel_count_before=8029 moved_from=8028 voxel_count_after=8028
[INFO] [RemoveVoxel] idx=7965 voxel_count_before=8028 moved_from=8027 voxel_count_after=8027
[INFO] [RemoveVoxel] idx=7951 voxel_count_before=8027 moved_from=8026 voxel_count_after=8026
[INFO] [RemoveVoxel] idx=7949 voxel_count_before=8026 moved_from=8025 voxel_count_after=8025
[INFO] [RemoveVoxel] idx=7937 voxel_count_before=8025 moved_from=8024 voxel_count_after=8024
[INFO] [RemoveVoxel] idx=7936 voxel_count_before=8024 moved_from=8023 voxel_count_after=8023
[INFO] [RemoveVoxel] idx=7935 voxel_count_before=8023 moved_from=8022 voxel_count_after=8022
[INFO] [RemoveVoxel] idx=7930 voxel_count_before=8022 moved_from=8021 voxel_count_after=8021
[INFO] [RemoveVoxel] idx=7929 voxel_count_before=8021 moved_from=8020 voxel_count_after=8020
[INFO] [RemoveVoxel] idx=7928 voxel_count_before=8020 moved_from=8019 voxel_count_after=8019
[INFO] [RemoveVoxel] idx=7927 voxel_count_before=8019 moved_from=8018 voxel_count_after=8018
[INFO] [RemoveVoxel] idx=7926 voxel_count_before=8018 moved_from=8017 voxel_count_after=8017
[INFO] [RemoveVoxel] idx=7925 voxel_count_before=8017 moved_from=8016 voxel_count_after=8016
[INFO] [RemoveVoxel] idx=7923 voxel_count_before=8016 moved_from=8015 voxel_count_after=8015
[INFO] [Multiscale] Emit span=1 grid=(-1..-1,4..4,-5..-5) pos=(-0.25,2.25,-2.25)
[INFO] [Multiscale] Emit span=1 grid=(-1..-1,5..5,-5..-5) pos=(-0.25,2.75,-2.25)
[INFO] [Multiscale] Emit span=1 grid=(-1..-1,4..4,-4..-4) pos=(-0.25,2.25,-1.75)
[INFO] [Multiscale] Emit span=1 grid=(-2..-2,5..5,-4..-4) pos=(-0.75,2.75,-1.75)
[INFO] [Multiscale] Emit span=1 grid=(-1..-1,5..5,-4..-4) pos=(-0.25,2.75,-1.75)
[INFO] [Multiscale] Emit span=1 grid=(-1..-1,3..3,-3..-3) pos=(-0.25,1.75,-1.25)
[INFO] [Multiscale] Emit span=1 grid=(0..0,3..3,-3..-3) pos=(0.25,1.75,-1.25)
[INFO] [Multiscale] Emit span=1 grid=(-2..-2,4..4,-3..-3) pos=(-0.75,2.25,-1.25)
[INFO] [Multiscale] Emit span=1 grid=(-1..-1,4..4,-3..-3) pos=(-0.25,2.25,-1.25)
[INFO] [Multiscale] Emit span=1 grid=(-2..-2,3..3,-2..-2) pos=(-0.75,1.75,-0.75)
[INFO] [Multiscale] Emit span=1 grid=(-1..-1,3..3,-2..-2) pos=(-0.25,1.75,-0.75)
[INFO] [Multiscale] Emit span=1 grid=(-2..-2,4..4,-2..-2) pos=(-0.75,2.25,-0.75)
[INFO] [Multiscale] Emit span=1 grid=(-1..-1,4..4,-2..-2) pos=(-0.25,2.25,-0.75)
[INFO] [Multiscale] Emit span=1 grid=(-2..-2,3..3,-1..-1) pos=(-0.75,1.75,-0.25)
[INFO] [Multiscale] Emit span=1 grid=(-3..-3,4..4,-1..-1) pos=(-1.25,2.25,-0.25)
[INFO] [Multiscale] Emit span=1 grid=(-2..-2,4..4,-1..-1) pos=(-0.75,2.25,-0.25)
[INFO] [Multiscale] Converted 16 unit voxels into 16 span clusters
[INFO] [Activation] static->dynamic units=16 spawned=16 base=8015 after=8031
[INFO] [Support] no-static-connection pos=(3.47,0.46,-2.05) bounds=(6..6,0..0,-5..-5)
[INFO] [Deactivate] cluster_support=false count=1 checked=1 invalid=0 reason=no-static-connection
[INFO] [Deactivate] voxel=3518 cluster=1 lacks static support
[INFO] [Deactivate] voxel=3519 span=1 sleep=3/8 waiting
[INFO] [Deactivate] voxel=3520 cluster_ready=false fail_idx=7929 sleep=3 reason=insufficient-sleep
[INFO] [Deactivate] voxel=3597 span=1 sleep=7/8 waiting
[INFO] [Deactivate] voxel=3598 span=1 sleep=7/8 waiting
[INFO] [Deactivate] voxel=3599 span=1 sleep=7/8 waiting
[INFO] [Deactivate] voxel=3600 span=1 sleep=7/8 waiting
[INFO] [Deactivate] voxel=3677 span=1 sleep=7/8 waiting
[INFO] [Deactivate] voxel=3678 span=1 sleep=7/8 waiting
[INFO] [Deactivate] voxel=3679 span=1 sleep=7/8 waiting
[INFO] [Deactivate] voxel=3680 span=1 sleep=7/8 waiting
[INFO] [Deactivate] voxel=3681 span=1 sleep=7/8 waiting
[INFO] [Deactivate] voxel=3758 span=1 sleep=4/8 waiting
[INFO] [Deactivate] voxel=3759 span=1 sleep=7/8 waiting
[INFO] [Deactivate] voxel=3760 span=1 sleep=7/8 waiting
[INFO] [Deactivate] voxel=3761 span=1 sleep=7/8 waiting
[INFO] [Deactivate] voxel=3762 span=1 sleep=7/8 waiting
[INFO] [Deactivate] voxel=3763 span=1 sleep=7/8 waiting
[INFO] [Deactivate] voxel=3839 span=1 sleep=7/8 waiting
[INFO] [Deactivate] voxel=3840 span=1 sleep=7/8 waiting
[INFO] [Deactivate] voxel=3841 span=1 sleep=7/8 waiting
[INFO] [Deactivate] voxel=3842 span=1 sleep=7/8 waiting
[INFO] [RemoveVoxel] idx=3843 voxel_count_before=8031 moved_from=8030 voxel_count_after=8030
[INFO] [RestoreCluster] count=1 voxel_count before=8031 after_removal=8030 after_restore=8031 static_success=1
[INFO] [Deactivate] restored cluster starting=3843 count=1 remaining_budget_before=128
[INFO] [Deactivate] voxel=3843 span=1 sleep=1/8 waiting
[INFO] [Deactivate] voxel=3923 span=1 sleep=7/8 waiting
[INFO] [Deactivate] voxel=3924 span=1 sleep=3/8 waiting
[INFO] [Deactivate] voxel=6934 span=1 sleep=7/8 waiting
[INFO] [Deactivate] voxel=6945 span=1 sleep=7/8 waiting
[INFO] [Deactivate] voxel=6946 span=1 sleep=7/8 waiting
[INFO] [Deactivate] voxel=6947 span=1 sleep=7/8 waiting
[INFO] [Deactivate] voxel=6951 span=1 sleep=7/8 waiting
[INFO] [Deactivate] voxel=6952 span=1 sleep=7/8 waiting
[INFO] [Deactivate] voxel=6953 span=1 sleep=7/8 waiting
[INFO] [Deactivate] voxel=6957 span=1 sleep=7/8 waiting
[INFO] [Deactivate] voxel=6958 span=1 sleep=7/8 waiting
[INFO] [Deactivate] voxel=6964 span=1 sleep=7/8 waiting
[INFO] [Deactivate] voxel=6966 span=1 sleep=7/8 waiting
[INFO] [Deactivate] voxel=6970 span=1 sleep=7/8 waiting
[INFO] [Deactivate] voxel=6974 span=1 sleep=7/8 waiting
[INFO] [Deactivate] voxel=6976 span=1 sleep=7/8 waiting
[INFO] [Deactivate] voxel=6979 span=1 sleep=7/8 waiting
[INFO] [Deactivate] voxel=6980 span=1 sleep=7/8 waiting
[INFO] [Deactivate] voxel=6981 span=1 sleep=7/8 waiting
[INFO] [Deactivate] voxel=6982 span=1 sleep=7/8 waiting
[INFO] [Deactivate] voxel=6983 span=1 sleep=7/8 waiting
[INFO] [Deactivate] voxel=6986 span=1 sleep=7/8 waiting
[INFO] [Deactivate] voxel=6987 span=1 sleep=7/8 waiting
[INFO] [Deactivate] voxel=6988 span=1 sleep=7/8 waiting
[INFO] [Deactivate] voxel=6989 span=1 sleep=7/8 waiting
[INFO] [Deactivate] voxel=6990 span=1 sleep=7/8 waiting
[INFO] [Deactivate] voxel=6991 span=1 sleep=7/8 waiting
[INFO] [Deactivate] voxel=6992 span=1 sleep=7/8 waiting
[INFO] [Deactivate] voxel=6993 span=1 sleep=7/8 waiting
[INFO] [Deactivate] voxel=6995 span=1 sleep=7/8 waiting
[INFO] [Deactivate] voxel=7014 span=1 sleep=7/8 waiting
[INFO] [Deactivate] voxel=7015 span=1 sleep=7/8 waiting
[INFO] [Deactivate] voxel=7018 span=1 sleep=7/8 waiting
[INFO] [Deactivate] voxel=7019 span=1 sleep=7/8 waiting
[INFO] [Support] no-static-connection pos=(15.04,20.69,-14.20) bounds=(30..30,41..41,-29..-29)
[INFO] [Deactivate] cluster_support=false count=1 checked=1 invalid=0 reason=no-static-connection
[INFO] [Deactivate] voxel=7023 cluster=1 lacks static support
[INFO] [Deactivate] voxel=7024 span=1 sleep=7/8 waiting
[INFO] [Deactivate] voxel=7028 span=1 sleep=7/8 waiting
[INFO] [Deactivate] voxel=7029 span=1 sleep=7/8 waiting
[INFO] [Deactivate] voxel=7032 span=1 sleep=7/8 waiting
[INFO] [Deactivate] voxel=7033 span=1 sleep=7/8 waiting
[INFO] [Deactivate] voxel=7035 span=1 sleep=7/8 waiting
[INFO] [Deactivate] voxel=7038 span=1 sleep=7/8 waiting
[INFO] [Deactivate] voxel=7042 span=1 sleep=7/8 waiting
[INFO] [Deactivate] voxel=7043 span=1 sleep=7/8 waiting
[INFO] [Deactivate] voxel=7049 span=1 sleep=7/8 waiting
[INFO] [Deactivate] voxel=7061 span=1 sleep=7/8 waiting
[INFO] [Deactivate] voxel=7062 span=1 sleep=7/8 waiting
[INFO] [Deactivate] voxel=7063 span=1 sleep=7/8 waiting
[INFO] [Deactivate] voxel=7067 span=1 sleep=7/8 waiting
[INFO] [Deactivate] voxel=7070 span=1 sleep=7/8 waiting
[INFO] [Deactivate] voxel=7073 span=1 sleep=7/8 waiting
[INFO] [Deactivate] voxel=7077 span=1 sleep=7/8 waiting
[INFO] [Deactivate] voxel=7078 span=1 sleep=7/8 waiting
[INFO] [Deactivate] voxel=7079 span=1 sleep=7/8 waiting
[INFO] [Deactivate] voxel=7104 span=1 sleep=7/8 waiting
[INFO] [Deactivate] voxel=7108 span=1 sleep=7/8 waiting
[INFO] [Deactivate] voxel=7460 span=1 sleep=7/8 waiting
[INFO] [Deactivate] voxel=7489 span=1 sleep=7/8 waiting
[INFO] [Deactivate] voxel=7723 span=1 sleep=7/8 waiting
[INFO] [Deactivate] voxel=7736 span=1 sleep=7/8 waiting
[INFO] [Deactivate] voxel=7739 span=1 sleep=7/8 waiting
[INFO] [Deactivate] voxel=7755 span=1 sleep=7/8 waiting
[INFO] [Deactivate] voxel=7768 span=1 sleep=7/8 waiting
[INFO] [Deactivate] voxel=7769 span=1 sleep=7/8 waiting
[INFO] [Deactivate] voxel=7776 span=1 sleep=7/8 waiting
[INFO] [Deactivate] voxel=7779 span=1 sleep=3/8 waiting
[INFO] [Deactivate] voxel=7787 span=1 sleep=7/8 waiting
[INFO] [Deactivate] voxel=7790 span=1 sleep=7/8 waiting
[INFO] [Deactivate] voxel=7794 span=1 sleep=7/8 waiting
[INFO] [Deactivate] voxel=7797 span=1 sleep=7/8 waiting
[INFO] [Deactivate] voxel=7800 span=1 sleep=7/8 waiting
[INFO] [Deactivate] voxel=7812 span=1 sleep=7/8 waiting
[INFO] [Deactivate] voxel=7814 span=1 sleep=7/8 waiting
[INFO] [Deactivate] voxel=7815 span=1 sleep=7/8 waiting
[INFO] [Deactivate] voxel=7816 span=1 sleep=7/8 waiting
[INFO] [Deactivate] voxel=7817 span=1 sleep=7/8 waiting
[INFO] [Deactivate] voxel=7818 span=1 sleep=7/8 waiting
[INFO] [Deactivate] voxel=7823 span=1 sleep=7/8 waiting
[INFO] [Deactivate] voxel=7829 span=1 sleep=7/8 waiting
[INFO] [Deactivate] voxel=7832 span=1 sleep=7/8 waiting
[INFO] [Deactivate] voxel=7833 span=1 sleep=7/8 waiting
[INFO] [Deactivate] voxel=7834 span=1 sleep=7/8 waiting
[INFO] [Deactivate] voxel=7837 span=1 sleep=7/8 waiting
[INFO] [Deactivate] voxel=7838 span=1 sleep=7/8 waiting
[INFO] [Deactivate] voxel=7839 span=1 sleep=7/8 waiting
[INFO] [Deactivate] voxel=7840 span=1 sleep=7/8 waiting
[INFO] [Deactivate] voxel=7841 span=1 sleep=7/8 waiting
[INFO] [Deactivate] voxel=7842 span=1 sleep=7/8 waiting
[INFO] [Deactivate] voxel=7843 span=1 sleep=7/8 waiting
[INFO] [Deactivate] voxel=7844 span=1 sleep=7/8 waiting
[INFO] [Deactivate] voxel=7852 span=1 sleep=7/8 waiting
[INFO] [Deactivate] voxel=7854 span=1 sleep=7/8 waiting
[INFO] [Deactivate] voxel=7855 span=1 sleep=7/8 waiting
[INFO] [Deactivate] voxel=7856 span=1 sleep=7/8 waiting
[INFO] [Deactivate] voxel=7857 span=1 sleep=7/8 waiting
[INFO] [Deactivate] voxel=7858 span=1 sleep=7/8 waiting
[INFO] [Deactivate] voxel=7859 span=1 sleep=7/8 waiting
[INFO] [Deactivate] voxel=7860 span=2 sleep=7/8 waiting
[INFO] [Deactivate] voxel=7861 span=1 sleep=7/8 waiting
[INFO] [Deactivate] voxel=7868 span=1 sleep=7/8 waiting
[INFO] [Deactivate] voxel=7872 span=1 sleep=7/8 waiting
[INFO] [Deactivate] voxel=7874 span=1 sleep=7/8 waiting
[INFO] [Deactivate] voxel=7875 span=1 sleep=7/8 waiting
[INFO] [Deactivate] voxel=7876 span=1 sleep=7/8 waiting
[INFO] [Deactivate] voxel=7877 span=1 sleep=7/8 waiting
[INFO] [Deactivate] voxel=7878 span=1 sleep=7/8 waiting
[INFO] [Deactivate] voxel=7879 span=1 sleep=7/8 waiting
[INFO] [Deactivate] voxel=7880 span=1 sleep=7/8 waiting
[INFO] [Deactivate] voxel=7881 span=1 sleep=7/8 waiting
[INFO] [Deactivate] voxel=7892 span=1 sleep=7/8 waiting
[INFO] [Deactivate] voxel=7894 span=1 sleep=7/8 waiting
[INFO] [Deactivate] voxel=7895 span=1 sleep=7/8 waiting
[INFO] [Deactivate] voxel=7896 span=1 sleep=7/8 waiting
[INFO] [Deactivate] voxel=7897 span=1 sleep=7/8 waiting
[INFO] [Deactivate] voxel=7898 span=1 sleep=7/8 waiting
[INFO] [Deactivate] voxel=7899 span=1 sleep=7/8 waiting
[INFO] [Deactivate] voxel=7900 span=1 sleep=7/8 waiting
[INFO] [Deactivate] voxel=7902 span=1 sleep=7/8 waiting
[INFO] [Deactivate] voxel=7903 span=1 sleep=7/8 waiting
[INFO] [Deactivate] voxel=7904 span=1 sleep=7/8 waiting
[INFO] [Deactivate] voxel=7905 span=1 sleep=7/8 waiting
[INFO] [Deactivate] voxel=7906 span=1 sleep=7/8 waiting
[INFO] [Deactivate] voxel=7907 span=1 sleep=7/8 waiting
[INFO] [Deactivate] voxel=7908 span=1 sleep=7/8 waiting
[INFO] [Deactivate] voxel=7909 span=1 sleep=7/8 waiting
[INFO] [Deactivate] voxel=7910 span=1 sleep=7/8 waiting
[INFO] [Deactivate] voxel=7911 span=1 sleep=7/8 waiting
[INFO] [Deactivate] voxel=7913 span=1 sleep=7/8 waiting
[INFO] [Deactivate] voxel=7915 span=1 sleep=3/8 waiting
[INFO] [Deactivate] voxel=7916 span=1 sleep=7/8 waiting
[INFO] [Deactivate] voxel=7917 span=1 sleep=7/8 waiting
[INFO] [Deactivate] voxel=7918 span=1 sleep=7/8 waiting
[INFO] [Deactivate] voxel=7919 span=1 sleep=3/8 waiting
[INFO] [Deactivate] voxel=7921 span=1 sleep=7/8 waiting
[INFO] [Deactivate] voxel=7923 span=1 sleep=7/8 waiting
[INFO] [Deactivate] voxel=7925 span=1 sleep=7/8 waiting
[INFO] [Support] no-static-connection pos=(2.65,0.70,-3.01) bounds=(5..5,1..1,-7..-7)
[INFO] [Deactivate] cluster_support=false count=1 checked=1 invalid=0 reason=no-static-connection
[INFO] [Deactivate] voxel=7927 cluster=1 lacks static support
[INFO] [Deactivate] voxel=7928 span=1 sleep=3/8 waiting
[INFO] [Deactivate] voxel=7929 span=1 sleep=3/8 waiting
[INFO] [Deactivate] voxel=7937 span=1 sleep=2/8 waiting
[INFO] [Deactivate] voxel=7949 span=1 sleep=2/8 waiting
[INFO] [Deactivate] voxel=7951 span=1 sleep=2/8 waiting
[INFO] [Deactivate] voxel=7965 span=1 sleep=2/8 waiting
[INFO] [Deactivate] voxel=7967 span=1 sleep=2/8 waiting
[INFO] [Deactivate] voxel=7972 span=1 sleep=2/8 waiting
[INFO] [Deactivate] voxel=7973 span=1 sleep=2/8 waiting
[INFO] [Deactivate] voxel=7985 span=1 sleep=7/8 waiting
[INFO] [Deactivate] voxel=7986 span=1 sleep=7/8 waiting
[INFO] [Deactivate] voxel=7987 span=1 sleep=7/8 waiting
[INFO] [Deactivate] voxel=7988 span=1 sleep=7/8 waiting
[INFO] [Deactivate] voxel=7989 span=1 sleep=7/8 waiting
[INFO] [Deactivate] voxel=7990 span=1 sleep=7/8 waiting
[INFO] [Deactivate] voxel=7991 span=1 sleep=7/8 waiting
[INFO] [Deactivate] voxel=7992 span=1 sleep=7/8 waiting
[INFO] [Deactivate] voxel=7993 span=1 sleep=7/8 waiting
[INFO] [Deactivate] voxel=7994 span=1 sleep=7/8 waiting
[INFO] [Deactivate] voxel=7995 span=1 sleep=7/8 waiting
[INFO] [Deactivate] voxel=7996 span=1 sleep=7/8 waiting
[INFO] [Deactivate] voxel=7997 span=1 sleep=7/8 waiting
[INFO] [Deactivate] voxel=7998 span=1 sleep=7/8 waiting
[INFO] [Deactivate] voxel=7999 span=1 sleep=7/8 waiting
[INFO] [Deactivate] voxel=8000 span=1 sleep=7/8 waiting
[INFO] [Deactivate] voxel=8001 span=1 sleep=7/8 waiting
[INFO] [Deactivate] voxel=8002 span=1 sleep=7/8 waiting
[INFO] [Deactivate] voxel=8003 span=1 sleep=7/8 waiting
[INFO] [Deactivate] voxel=8004 span=1 sleep=7/8 waiting
[INFO] [Deactivate] voxel=8005 span=1 sleep=7/8 waiting
[INFO] [Deactivate] voxel=8006 span=1 sleep=7/8 waiting
[INFO] [Deactivate] voxel=8007 span=1 sleep=7/8 waiting
[INFO] [Deactivate] voxel=8008 span=1 sleep=7/8 waiting
[INFO] [Deactivate] voxel=8009 span=1 sleep=7/8 waiting
[INFO] [Deactivate] voxel=8010 span=1 sleep=7/8 waiting
[INFO] [Deactivate] voxel=8011 span=1 sleep=7/8 waiting
[INFO] [Deactivate] voxel=8012 span=1 sleep=7/8 waiting
[INFO] [Deactivate] voxel=8013 span=1 sleep=7/8 waiting
[INFO] [Deactivate] voxel=8014 span=1 sleep=7/8 waiting
[INFO] [Deactivate] voxel=8015 span=1 sleep=1/8 waiting
[INFO] [Deactivate] voxel=8016 span=1 sleep=1/8 waiting
[INFO] [Deactivate] voxel=8017 span=1 sleep=1/8 waiting
[INFO] [Deactivate] voxel=8018 span=1 sleep=1/8 waiting
[INFO] [Deactivate] voxel=8019 span=1 sleep=1/8 waiting
[INFO] [Deactivate] voxel=8020 span=1 sleep=1/8 waiting
[INFO] [Deactivate] voxel=8021 span=1 sleep=1/8 waiting
[INFO] [Deactivate] voxel=8022 span=1 sleep=1/8 waiting
[INFO] [Deactivate] voxel=8023 span=1 sleep=1/8 waiting
[INFO] [Deactivate] voxel=8024 span=1 sleep=1/8 waiting
[INFO] [Deactivate] voxel=8025 span=1 sleep=1/8 waiting
[INFO] [Deactivate] voxel=8026 span=1 sleep=1/8 waiting
[INFO] [Deactivate] voxel=8027 span=1 sleep=1/8 waiting
[INFO] [Deactivate] voxel=8028 span=1 sleep=1/8 waiting
[INFO] [Deactivate] voxel=8029 span=1 sleep=1/8 waiting
[INFO] VAO: [ID 59] Unloaded vertex array data from VRAM (GPU)
[INFO] VAO: [ID 60] Mesh uploaded successfully to VRAM (GPU)
[INFO] [RemoveVoxel] idx=7984 voxel_count_before=8031 moved_from=8030 voxel_count_after=8030
[INFO] [RemoveVoxel] idx=7980 voxel_count_before=8030 moved_from=8029 voxel_count_after=8029
[INFO] [RemoveVoxel] idx=7979 voxel_count_before=8029 moved_from=8028 voxel_count_after=8028
[INFO] [RemoveVoxel] idx=7976 voxel_count_before=8028 moved_from=8027 voxel_count_after=8027
[INFO] [RemoveVoxel] idx=7970 voxel_count_before=8027 moved_from=8026 voxel_count_after=8026
[INFO] [RemoveVoxel] idx=7966 voxel_count_before=8026 moved_from=8025 voxel_count_after=8025
[INFO] [RemoveVoxel] idx=7963 voxel_count_before=8025 moved_from=8024 voxel_count_after=8024
[INFO] [RemoveVoxel] idx=7952 voxel_count_before=8024 moved_from=8023 voxel_count_after=8023
[INFO] [RemoveVoxel] idx=7950 voxel_count_before=8023 moved_from=8022 voxel_count_after=8022
[INFO] [RemoveVoxel] idx=7948 voxel_count_before=8022 moved_from=8021 voxel_count_after=8021
[INFO] [RemoveVoxel] idx=7939 voxel_count_before=8021 moved_from=8020 voxel_count_after=8020
[INFO] [RemoveVoxel] idx=7938 voxel_count_before=8020 moved_from=8019 voxel_count_after=8019
[INFO] [RemoveVoxel] idx=7934 voxel_count_before=8019 moved_from=8018 voxel_count_after=8018
[INFO] [RemoveVoxel] idx=7933 voxel_count_before=8018 moved_from=8017 voxel_count_after=8017
[INFO] [RemoveVoxel] idx=7932 voxel_count_before=8017 moved_from=8016 voxel_count_after=8016
[INFO] [RemoveVoxel] idx=7931 voxel_count_before=8016 moved_from=8015 voxel_count_after=8015
[INFO] [RemoveVoxel] idx=7072 voxel_count_before=8015 moved_from=8014 voxel_count_after=8014
[INFO] [RemoveVoxel] idx=7064 voxel_count_before=8014 moved_from=8013 voxel_count_after=8013
[INFO] [Multiscale] Emit span=1 grid=(-3..-3,4..4,-5..-5) pos=(-1.25,2.25,-2.25)
[INFO] [Multiscale] Emit span=1 grid=(-2..-2,4..4,-5..-5) pos=(-0.75,2.25,-2.25)
[INFO] [Multiscale] Emit span=1 grid=(-2..-2,5..5,-5..-5) pos=(-0.75,2.75,-2.25)
[INFO] [Multiscale] Emit span=1 grid=(-3..-3,4..4,-4..-4) pos=(-1.25,2.25,-1.75)
[INFO] [Multiscale] Emit span=1 grid=(-2..-2,4..4,-4..-4) pos=(-0.75,2.25,-1.75)
[INFO] [Multiscale] Emit span=1 grid=(-3..-3,5..5,-4..-4) pos=(-1.25,2.75,-1.75)
[INFO] [Multiscale] Emit span=1 grid=(-4..-4,4..4,-3..-3) pos=(-1.75,2.25,-1.25)
[INFO] [Multiscale] Emit span=1 grid=(-3..-3,4..4,-3..-3) pos=(-1.25,2.25,-1.25)
[INFO] [Multiscale] Emit span=1 grid=(-3..-3,5..5,-3..-3) pos=(-1.25,2.75,-1.25)
[INFO] [Multiscale] Emit span=1 grid=(-2..-2,5..5,-3..-3) pos=(-0.75,2.75,-1.25)
[INFO] [Multiscale] Emit span=1 grid=(-4..-4,4..4,-2..-2) pos=(-1.75,2.25,-0.75)
[INFO] [Multiscale] Emit span=1 grid=(-3..-3,4..4,-2..-2) pos=(-1.25,2.25,-0.75)
[INFO] [Multiscale] Emit span=1 grid=(-3..-3,3..3,-1..-1) pos=(-1.25,1.75,-0.25)
[INFO] [Multiscale] Emit span=1 grid=(-4..-4,4..4,-1..-1) pos=(-1.75,2.25,-0.25)
[INFO] [Multiscale] Emit span=1 grid=(-3..-3,3..3,0..0) pos=(-1.25,1.75,0.25)
[INFO] [Multiscale] Emit span=1 grid=(-3..-3,4..4,0..0) pos=(-1.25,2.25,0.25)
[INFO] [Multiscale] Emit span=1 grid=(-3..-3,3..3,1..1) pos=(-1.25,1.75,0.75)
[INFO] [Multiscale] Emit span=1 grid=(-4..-4,4..4,1..1) pos=(-1.75,2.25,0.75)
[INFO] [Multiscale] Converted 18 unit voxels into 18 span clusters
[INFO] [Activation] static->dynamic units=18 spawned=18 base=8013 after=8031
[INFO] [RemoveVoxel] idx=3518 voxel_count_before=8031 moved_from=8030 voxel_count_after=8030
[INFO] [RestoreCluster] count=1 voxel_count before=8031 after_removal=8030 after_restore=8031 static_success=1
[INFO] [Deactivate] restored cluster starting=3518 count=1 remaining_budget_before=128
[INFO] [Deactivate] voxel=3518 span=1 sleep=1/8 waiting
[INFO] [Deactivate] voxel=3519 span=1 sleep=4/8 waiting
[INFO] [Deactivate] voxel=3520 cluster_ready=false fail_idx=3519 sleep=4 reason=insufficient-sleep
[INFO] [Deactivate] voxel=3597 span=1 sleep=7/8 waiting
[INFO] [Deactivate] voxel=3598 span=1 sleep=7/8 waiting
[INFO] [Deactivate] voxel=3599 span=1 sleep=7/8 waiting
[INFO] [Deactivate] voxel=3600 span=1 sleep=7/8 waiting
[INFO] [Deactivate] voxel=3677 span=1 sleep=7/8 waiting
[INFO] [Deactivate] voxel=3678 span=1 sleep=7/8 waiting
[INFO] [Deactivate] voxel=3679 span=1 sleep=7/8 waiting
[INFO] [Deactivate] voxel=3680 span=1 sleep=7/8 waiting
[INFO] [Deactivate] voxel=3681 span=1 sleep=7/8 waiting
[INFO] [Deactivate] voxel=3758 span=1 sleep=5/8 waiting
[INFO] [Deactivate] voxel=3759 span=1 sleep=7/8 waiting
[INFO] [Deactivate] voxel=3760 span=1 sleep=7/8 waiting
[INFO] [Deactivate] voxel=3761 span=1 sleep=7/8 waiting
[INFO] [Deactivate] voxel=3762 span=1 sleep=7/8 waiting
[INFO] [Deactivate] voxel=3763 span=1 sleep=7/8 waiting
[INFO] [Deactivate] voxel=3839 span=1 sleep=7/8 waiting
[INFO] [Deactivate] voxel=3840 span=1 sleep=7/8 waiting
[INFO] [Deactivate] voxel=3841 span=1 sleep=7/8 waiting
[INFO] [Deactivate] voxel=3842 span=1 sleep=7/8 waiting
[INFO] [Deactivate] voxel=3843 span=1 sleep=2/8 waiting
[INFO] [Deactivate] voxel=3923 span=1 sleep=7/8 waiting
[INFO] [Deactivate] voxel=3924 span=1 sleep=4/8 waiting
[INFO] [Deactivate] voxel=6934 span=1 sleep=7/8 waiting
[INFO] [Deactivate] voxel=6945 span=1 sleep=7/8 waiting
[INFO] [Deactivate] voxel=6946 span=1 sleep=7/8 waiting
[INFO] [Deactivate] voxel=6947 span=1 sleep=7/8 waiting
[INFO] [Deactivate] voxel=6951 span=1 sleep=7/8 waiting
[INFO] [Deactivate] voxel=6952 span=1 sleep=7/8 waiting
[INFO] [Deactivate] voxel=6953 span=1 sleep=7/8 waiting
[INFO] [Deactivate] voxel=6957 span=1 sleep=7/8 waiting
[INFO] [Deactivate] voxel=6958 span=1 sleep=7/8 waiting
[INFO] [Deactivate] voxel=6964 span=1 sleep=7/8 waiting
[INFO] [Deactivate] voxel=6966 span=1 sleep=7/8 waiting
[INFO] [Deactivate] voxel=6970 span=1 sleep=7/8 waiting
[INFO] [Deactivate] voxel=6974 span=1 sleep=7/8 waiting
[INFO] [Deactivate] voxel=6976 span=1 sleep=7/8 waiting
[INFO] [Deactivate] voxel=6979 span=1 sleep=7/8 waiting
[INFO] [Deactivate] voxel=6980 span=1 sleep=7/8 waiting
[INFO] [Deactivate] voxel=6981 span=1 sleep=7/8 waiting
[INFO] [Deactivate] voxel=6982 span=1 sleep=7/8 waiting
[INFO] [Deactivate] voxel=6983 span=1 sleep=7/8 waiting
[INFO] [Deactivate] voxel=6986 span=1 sleep=7/8 waiting
[INFO] [Deactivate] voxel=6987 span=1 sleep=7/8 waiting
[INFO] [Deactivate] voxel=6988 span=1 sleep=7/8 waiting
[INFO] [Deactivate] voxel=6989 span=1 sleep=7/8 waiting
[INFO] [Deactivate] voxel=6990 span=1 sleep=7/8 waiting
[INFO] [Deactivate] voxel=6991 span=1 sleep=7/8 waiting
[INFO] [Deactivate] voxel=6992 span=1 sleep=7/8 waiting
[INFO] [Deactivate] voxel=6993 span=1 sleep=7/8 waiting
[INFO] [Deactivate] voxel=6995 span=1 sleep=7/8 waiting
[INFO] [Deactivate] voxel=7014 span=1 sleep=7/8 waiting
[INFO] [Deactivate] voxel=7015 span=1 sleep=7/8 waiting
[INFO] [Deactivate] voxel=7018 span=1 sleep=7/8 waiting
[INFO] [Deactivate] voxel=7019 span=1 sleep=7/8 waiting
[INFO] [Support] no-static-connection pos=(14.50,18.83,-15.97) bounds=(28..28,37..37,-32..-32)
[INFO] [Deactivate] cluster_support=false count=1 checked=1 invalid=0 reason=no-static-connection
[INFO] [Deactivate] voxel=7023 cluster=1 lacks static support
[INFO] [Deactivate] voxel=7024 span=1 sleep=7/8 waiting
[INFO] [Deactivate] voxel=7028 span=1 sleep=7/8 waiting
[INFO] [Deactivate] voxel=7029 span=1 sleep=7/8 waiting
[INFO] [Deactivate] voxel=7032 span=1 sleep=7/8 waiting
[INFO] [Deactivate] voxel=7033 span=1 sleep=7/8 waiting
[INFO] [Deactivate] voxel=7035 span=1 sleep=7/8 waiting
[INFO] [Deactivate] voxel=7038 span=1 sleep=7/8 waiting
[INFO] [Deactivate] voxel=7042 span=1 sleep=7/8 waiting
[INFO] [Deactivate] voxel=7043 span=1 sleep=7/8 waiting
[INFO] [Deactivate] voxel=7049 span=1 sleep=7/8 waiting
[INFO] [Deactivate] voxel=7061 span=1 sleep=7/8 waiting
[INFO] [Deactivate] voxel=7062 span=1 sleep=7/8 waiting
[INFO] [Deactivate] voxel=7063 span=1 sleep=7/8 waiting
[INFO] [Deactivate] voxel=7064 span=1 sleep=7/8 waiting
[INFO] [Deactivate] voxel=7067 span=1 sleep=7/8 waiting
[INFO] [Deactivate] voxel=7070 span=1 sleep=7/8 waiting
[INFO] [Deactivate] voxel=7072 span=1 sleep=7/8 waiting
[INFO] [Deactivate] voxel=7073 span=1 sleep=7/8 waiting
[INFO] [Deactivate] voxel=7077 span=1 sleep=7/8 waiting
[INFO] [Deactivate] voxel=7078 span=1 sleep=7/8 waiting
[INFO] [Deactivate] voxel=7079 span=1 sleep=7/8 waiting
[INFO] [Deactivate] voxel=7104 span=1 sleep=7/8 waiting
[INFO] [Deactivate] voxel=7108 span=1 sleep=7/8 waiting
[INFO] [Deactivate] voxel=7460 span=1 sleep=7/8 waiting
[INFO] [Deactivate] voxel=7489 span=1 sleep=7/8 waiting
[INFO] [Deactivate] voxel=7723 span=1 sleep=7/8 waiting
[INFO] [Deactivate] voxel=7736 span=1 sleep=7/8 waiting
[INFO] [Deactivate] voxel=7739 span=1 sleep=7/8 waiting
[INFO] [Deactivate] voxel=7755 span=1 sleep=7/8 waiting
[INFO] [Deactivate] voxel=7768 span=1 sleep=7/8 waiting
[INFO] [Deactivate] voxel=7769 span=1 sleep=7/8 waiting
[INFO] [Deactivate] voxel=7776 span=1 sleep=7/8 waiting
[INFO] [Deactivate] voxel=7779 span=1 sleep=4/8 waiting
[INFO] [Deactivate] voxel=7787 span=1 sleep=7/8 waiting
[INFO] [Deactivate] voxel=7790 span=1 sleep=7/8 waiting
[INFO] [Deactivate] voxel=7794 span=1 sleep=7/8 waiting
[INFO] [Deactivate] voxel=7797 span=1 sleep=7/8 waiting
[INFO] [Deactivate] voxel=7800 span=1 sleep=7/8 waiting
[INFO] [Deactivate] voxel=7812 span=1 sleep=7/8 waiting
[INFO] [Deactivate] voxel=7814 span=1 sleep=7/8 waiting
[INFO] [Deactivate] voxel=7815 span=1 sleep=7/8 waiting
[INFO] [Deactivate] voxel=7816 span=1 sleep=7/8 waiting
[INFO] [Deactivate] voxel=7817 span=1 sleep=7/8 waiting
[INFO] [Deactivate] voxel=7818 span=1 sleep=7/8 waiting
[INFO] [Deactivate] voxel=7823 span=1 sleep=7/8 waiting
[INFO] [Deactivate] voxel=7829 span=1 sleep=7/8 waiting
[INFO] [Deactivate] voxel=7832 span=1 sleep=7/8 waiting
[INFO] [Deactivate] voxel=7833 span=1 sleep=7/8 waiting
[INFO] [Deactivate] voxel=7834 span=1 sleep=7/8 waiting
[INFO] [Deactivate] voxel=7837 span=1 sleep=7/8 waiting
[INFO] [Deactivate] voxel=7838 span=1 sleep=7/8 waiting
[INFO] [Deactivate] voxel=7839 span=1 sleep=7/8 waiting
[INFO] [Deactivate] voxel=7840 span=1 sleep=7/8 waiting
[INFO] [Deactivate] voxel=7841 span=1 sleep=7/8 waiting
[INFO] [Deactivate] voxel=7842 span=1 sleep=7/8 waiting
[INFO] [Deactivate] voxel=7843 span=1 sleep=7/8 waiting
[INFO] [Deactivate] voxel=7844 span=1 sleep=7/8 waiting
[INFO] [Deactivate] voxel=7852 span=1 sleep=7/8 waiting
[INFO] [Deactivate] voxel=7854 span=1 sleep=7/8 waiting
[INFO] [Deactivate] voxel=7855 span=1 sleep=7/8 waiting
[INFO] [Deactivate] voxel=7856 span=1 sleep=7/8 waiting
[INFO] [Deactivate] voxel=7857 span=1 sleep=7/8 waiting
[INFO] [Deactivate] voxel=7858 span=1 sleep=7/8 waiting
[INFO] [Deactivate] voxel=7859 span=1 sleep=7/8 waiting
[INFO] [Deactivate] voxel=7860 span=2 sleep=7/8 waiting
[INFO] [Deactivate] voxel=7861 span=1 sleep=7/8 waiting
[INFO] [Deactivate] voxel=7868 span=1 sleep=7/8 waiting
[INFO] [Deactivate] voxel=7872 span=1 sleep=7/8 waiting
[INFO] [Deactivate] voxel=7874 span=1 sleep=7/8 waiting
[INFO] [Deactivate] voxel=7875 span=1 sleep=7/8 waiting
[INFO] [Deactivate] voxel=7876 span=1 sleep=7/8 waiting
[INFO] [Deactivate] voxel=7877 span=1 sleep=7/8 waiting
[INFO] [Deactivate] voxel=7878 span=1 sleep=7/8 waiting
[INFO] [Deactivate] voxel=7879 span=1 sleep=7/8 waiting
[INFO] [Deactivate] voxel=7880 span=1 sleep=7/8 waiting
[INFO] [Deactivate] voxel=7881 span=1 sleep=7/8 waiting
[INFO] [Deactivate] voxel=7892 span=1 sleep=7/8 waiting
[INFO] [Deactivate] voxel=7894 span=1 sleep=7/8 waiting
[INFO] [Deactivate] voxel=7895 span=1 sleep=7/8 waiting
[INFO] [Deactivate] voxel=7896 span=1 sleep=7/8 waiting
[INFO] [Deactivate] voxel=7897 span=1 sleep=7/8 waiting
[INFO] [Deactivate] voxel=7898 span=1 sleep=7/8 waiting
[INFO] [Deactivate] voxel=7899 span=1 sleep=7/8 waiting
[INFO] [Deactivate] voxel=7900 span=1 sleep=7/8 waiting
[INFO] [Deactivate] voxel=7902 span=1 sleep=7/8 waiting
[INFO] [Deactivate] voxel=7903 span=1 sleep=7/8 waiting
[INFO] [Deactivate] voxel=7904 span=1 sleep=7/8 waiting
[INFO] [Deactivate] voxel=7905 span=1 sleep=7/8 waiting
[INFO] [Deactivate] voxel=7906 span=1 sleep=7/8 waiting
[INFO] [Deactivate] voxel=7907 span=1 sleep=7/8 waiting
[INFO] [Deactivate] voxel=7908 span=1 sleep=7/8 waiting
[INFO] [Deactivate] voxel=7909 span=1 sleep=7/8 waiting
[INFO] [Deactivate] voxel=7910 span=1 sleep=7/8 waiting
[INFO] [Deactivate] voxel=7911 span=1 sleep=7/8 waiting
[INFO] [Deactivate] voxel=7913 span=1 sleep=7/8 waiting
[INFO] [Deactivate] voxel=7915 span=1 sleep=4/8 waiting
[INFO] [Deactivate] voxel=7916 span=1 sleep=7/8 waiting
[INFO] [Deactivate] voxel=7917 span=1 sleep=7/8 waiting
[INFO] [Deactivate] voxel=7918 span=1 sleep=7/8 waiting
[INFO] [Deactivate] voxel=7919 span=1 sleep=4/8 waiting
[INFO] [Deactivate] voxel=7921 span=1 sleep=7/8 waiting
[INFO] [RemoveVoxel] idx=7923 voxel_count_before=8031 moved_from=8030 voxel_count_after=8030
[INFO] [RestoreCluster] count=1 voxel_count before=8031 after_removal=8030 after_restore=8031 static_success=1
[INFO] [Deactivate] restored cluster starting=7923 count=1 remaining_budget_before=127
[INFO] [Deactivate] voxel=7925 span=1 sleep=7/8 waiting
[INFO] [Support] no-static-connection pos=(2.65,0.36,-3.01) bounds=(5..5,0..0,-7..-7)
[INFO] [Deactivate] cluster_support=false count=1 checked=1 invalid=0 reason=no-static-connection
[INFO] [Deactivate] voxel=7927 cluster=1 lacks static support
[INFO] [Deactivate] voxel=7928 span=1 sleep=4/8 waiting
[INFO] [Deactivate] voxel=7929 span=1 sleep=4/8 waiting
[INFO] [Deactivate] voxel=7931 span=1 sleep=2/8 waiting
[INFO] [Deactivate] voxel=7932 span=1 sleep=2/8 waiting
[INFO] [Deactivate] voxel=7933 span=1 sleep=2/8 waiting
[INFO] [Deactivate] voxel=7934 span=1 sleep=2/8 waiting
[INFO] [Deactivate] voxel=7937 span=1 sleep=3/8 waiting
[INFO] [Deactivate] voxel=7938 span=1 sleep=2/8 waiting
[INFO] [Deactivate] voxel=7939 span=1 sleep=2/8 waiting
[INFO] [Deactivate] voxel=7948 span=1 sleep=2/8 waiting
[INFO] [Deactivate] voxel=7949 span=1 sleep=3/8 waiting
[INFO] [Deactivate] voxel=7950 span=1 sleep=2/8 waiting
[INFO] [Deactivate] voxel=7951 span=1 sleep=3/8 waiting
[INFO] [Deactivate] voxel=7952 span=1 sleep=2/8 waiting
[INFO] [Deactivate] voxel=7963 span=1 sleep=2/8 waiting
[INFO] [Deactivate] voxel=7965 span=1 sleep=3/8 waiting
[INFO] [Deactivate] voxel=7966 span=1 sleep=2/8 waiting
[INFO] [Deactivate] voxel=7967 span=1 sleep=3/8 waiting
[INFO] [Deactivate] voxel=7970 span=1 sleep=2/8 waiting
[INFO] [Deactivate] voxel=7972 span=1 sleep=3/8 waiting
[INFO] [Deactivate] voxel=7973 span=1 sleep=3/8 waiting
[INFO] [Deactivate] voxel=7976 span=1 sleep=2/8 waiting
[INFO] [Deactivate] voxel=7979 span=1 sleep=2/8 waiting
[INFO] [Deactivate] voxel=7980 span=1 sleep=2/8 waiting
[INFO] [Deactivate] voxel=7985 span=1 sleep=7/8 waiting
[INFO] [Deactivate] voxel=7986 span=1 sleep=7/8 waiting
[INFO] [Deactivate] voxel=7987 span=1 sleep=7/8 waiting
[INFO] [Deactivate] voxel=7988 span=1 sleep=7/8 waiting
[INFO] [Deactivate] voxel=7989 span=1 sleep=7/8 waiting
[INFO] [Deactivate] voxel=7990 span=1 sleep=7/8 waiting
[INFO] [Deactivate] voxel=7991 span=1 sleep=7/8 waiting
[INFO] [Deactivate] voxel=7992 span=1 sleep=7/8 waiting
[INFO] [Deactivate] voxel=7993 span=1 sleep=7/8 waiting
[INFO] [Deactivate] voxel=7994 span=1 sleep=7/8 waiting
[INFO] [Deactivate] voxel=7995 span=1 sleep=7/8 waiting
[INFO] [Deactivate] voxel=7996 span=1 sleep=7/8 waiting
[INFO] [Deactivate] voxel=7997 span=1 sleep=7/8 waiting
[INFO] [Deactivate] voxel=7998 span=1 sleep=7/8 waiting
[INFO] [Deactivate] voxel=7999 span=1 sleep=7/8 waiting
[INFO] [Deactivate] voxel=8000 span=1 sleep=7/8 waiting
[INFO] [Deactivate] voxel=8001 span=1 sleep=7/8 waiting
[INFO] [Deactivate] voxel=8002 span=1 sleep=7/8 waiting
[INFO] [Deactivate] voxel=8003 span=1 sleep=7/8 waiting
[INFO] [Deactivate] voxel=8004 span=1 sleep=7/8 waiting
[INFO] [Deactivate] voxel=8005 span=1 sleep=7/8 waiting
[INFO] [Deactivate] voxel=8006 span=1 sleep=7/8 waiting
[INFO] [Deactivate] voxel=8007 span=1 sleep=7/8 waiting
[INFO] [Deactivate] voxel=8008 span=1 sleep=7/8 waiting
[INFO] [Deactivate] voxel=8009 span=1 sleep=7/8 waiting
[INFO] [Deactivate] voxel=8010 span=1 sleep=7/8 waiting
[INFO] [Deactivate] voxel=8011 span=1 sleep=7/8 waiting
[INFO] [Deactivate] voxel=8012 span=1 sleep=7/8 waiting
[INFO] [Deactivate] voxel=8013 span=1 sleep=1/8 waiting
[INFO] [Deactivate] voxel=8014 span=1 sleep=1/8 waiting
[INFO] [Deactivate] voxel=8015 span=1 sleep=1/8 waiting
[INFO] [Deactivate] voxel=8016 span=1 sleep=1/8 waiting
[INFO] [Deactivate] voxel=8017 span=1 sleep=1/8 waiting
[INFO] [Deactivate] voxel=8018 span=1 sleep=1/8 waiting
[INFO] [Deactivate] voxel=8019 span=1 sleep=1/8 waiting
[INFO] [Deactivate] voxel=8020 span=1 sleep=1/8 waiting
[INFO] [Deactivate] voxel=8021 span=1 sleep=1/8 waiting
[INFO] [Deactivate] voxel=8022 span=1 sleep=1/8 waiting
[INFO] [Deactivate] voxel=8023 span=1 sleep=1/8 waiting
[INFO] [Deactivate] voxel=8024 span=1 sleep=1/8 waiting
[INFO] [Deactivate] voxel=8025 span=1 sleep=1/8 waiting
[INFO] [Deactivate] voxel=8026 span=1 sleep=1/8 waiting
[INFO] [Deactivate] voxel=8027 span=1 sleep=1/8 waiting
[INFO] [Deactivate] voxel=8028 span=1 sleep=1/8 waiting
[INFO] [Deactivate] voxel=8029 span=1 sleep=1/8 waiting
[INFO] VAO: [ID 60] Unloaded vertex array data from VRAM (GPU)
[INFO] VAO: [ID 61] Mesh uploaded successfully to VRAM (GPU)
[INFO] [RemoveVoxel] idx=7983 voxel_count_before=8031 moved_from=8030 voxel_count_after=8030
[INFO] [RemoveVoxel] idx=7982 voxel_count_before=8030 moved_from=8029 voxel_count_after=8029
[INFO] [RemoveVoxel] idx=7981 voxel_count_before=8029 moved_from=8028 voxel_count_after=8028
[INFO] [RemoveVoxel] idx=7977 voxel_count_before=8028 moved_from=8027 voxel_count_after=8027
[INFO] [RemoveVoxel] idx=7975 voxel_count_before=8027 moved_from=8026 voxel_count_after=8026
[INFO] [RemoveVoxel] idx=7974 voxel_count_before=8026 moved_from=8025 voxel_count_after=8025
[INFO] [RemoveVoxel] idx=7971 voxel_count_before=8025 moved_from=8024 voxel_count_after=8024
[INFO] [RemoveVoxel] idx=7969 voxel_count_before=8024 moved_from=8023 voxel_count_after=8023
[INFO] [RemoveVoxel] idx=7968 voxel_count_before=8023 moved_from=8022 voxel_count_after=8022
[INFO] [RemoveVoxel] idx=7964 voxel_count_before=8022 moved_from=8021 voxel_count_after=8021
[INFO] [RemoveVoxel] idx=7962 voxel_count_before=8021 moved_from=8020 voxel_count_after=8020
[INFO] [RemoveVoxel] idx=7961 voxel_count_before=8020 moved_from=8019 voxel_count_after=8019
[INFO] [RemoveVoxel] idx=7947 voxel_count_before=8019 moved_from=8018 voxel_count_after=8018
[INFO] [RemoveVoxel] idx=7946 voxel_count_before=8018 moved_from=8017 voxel_count_after=8017
[INFO] [RemoveVoxel] idx=7945 voxel_count_before=8017 moved_from=8016 voxel_count_after=8016
[INFO] [RemoveVoxel] idx=7943 voxel_count_before=8016 moved_from=8015 voxel_count_after=8015
[INFO] [RemoveVoxel] idx=7942 voxel_count_before=8015 moved_from=8014 voxel_count_after=8014
[INFO] [RemoveVoxel] idx=7941 voxel_count_before=8014 moved_from=8013 voxel_count_after=8013
[INFO] [RemoveVoxel] idx=7044 voxel_count_before=8013 moved_from=8012 voxel_count_after=8012
[INFO] [RemoveVoxel] idx=6994 voxel_count_before=8012 moved_from=8011 voxel_count_after=8011
[INFO] [Multiscale] Emit span=1 grid=(-4..-4,3..3,-5..-5) pos=(-1.75,1.75,-2.25)
[INFO] [Multiscale] Emit span=1 grid=(-3..-3,3..3,-5..-5) pos=(-1.25,1.75,-2.25)
[INFO] [Multiscale] Emit span=1 grid=(-5..-5,4..4,-5..-5) pos=(-2.25,2.25,-2.25)
[INFO] [Multiscale] Emit span=1 grid=(-4..-4,4..4,-5..-5) pos=(-1.75,2.25,-2.25)
[INFO] [Multiscale] Emit span=1 grid=(-4..-4,3..3,-4..-4) pos=(-1.75,1.75,-1.75)
[INFO] [Multiscale] Emit span=1 grid=(-5..-5,4..4,-4..-4) pos=(-2.25,2.25,-1.75)
[INFO] [Multiscale] Emit span=1 grid=(-4..-4,4..4,-4..-4) pos=(-1.75,2.25,-1.75)
[INFO] [Multiscale] Emit span=1 grid=(-5..-5,3..3,-3..-3) pos=(-2.25,1.75,-1.25)
[INFO] [Multiscale] Emit span=1 grid=(-5..-5,4..4,-3..-3) pos=(-2.25,2.25,-1.25)
[INFO] [Multiscale] Emit span=1 grid=(-4..-4,5..5,-3..-3) pos=(-1.75,2.75,-1.25)
[INFO] [Multiscale] Emit span=1 grid=(-5..-5,4..4,-2..-2) pos=(-2.25,2.25,-0.75)
[INFO] [Multiscale] Emit span=1 grid=(-5..-5,5..5,-2..-2) pos=(-2.25,2.75,-0.75)
[INFO] [Multiscale] Emit span=1 grid=(-4..-4,5..5,-2..-2) pos=(-1.75,2.75,-0.75)
[INFO] [Multiscale] Emit span=1 grid=(-5..-5,4..4,-1..-1) pos=(-2.25,2.25,-0.25)
[INFO] [Multiscale] Emit span=1 grid=(-5..-5,5..5,-1..-1) pos=(-2.25,2.75,-0.25)
[INFO] [Multiscale] Emit span=1 grid=(-4..-4,5..5,-1..-1) pos=(-1.75,2.75,-0.25)
[INFO] [Multiscale] Emit span=1 grid=(-5..-5,4..4,0..0) pos=(-2.25,2.25,0.25)
[INFO] [Multiscale] Emit span=1 grid=(-5..-5,5..5,0..0) pos=(-2.25,2.75,0.25)
[INFO] [Multiscale] Emit span=1 grid=(-4..-4,5..5,0..0) pos=(-1.75,2.75,0.25)
[INFO] [Multiscale] Emit span=1 grid=(-5..-5,4..4,1..1) pos=(-2.25,2.25,0.75)
[INFO] [Multiscale] Converted 20 unit voxels into 20 span clusters
[INFO] [Activation] static->dynamic units=20 spawned=20 base=8011 after=8031
[INFO] [Deactivate] voxel=3518 span=1 sleep=2/8 waiting
[INFO] [Deactivate] voxel=3519 span=1 sleep=5/8 waiting
[INFO] [Deactivate] voxel=3520 cluster_ready=false fail_idx=7929 sleep=5 reason=insufficient-sleep
[INFO] [Deactivate] voxel=3597 span=1 sleep=7/8 waiting
[INFO] [Deactivate] voxel=3598 span=1 sleep=7/8 waiting
[INFO] [Deactivate] voxel=3599 span=1 sleep=7/8 waiting
[INFO] [Deactivate] voxel=3600 span=1 sleep=7/8 waiting
[INFO] [Deactivate] voxel=3677 span=1 sleep=7/8 waiting
[INFO] [Deactivate] voxel=3678 span=1 sleep=7/8 waiting
[INFO] [Deactivate] voxel=3679 span=1 sleep=7/8 waiting
[INFO] [Deactivate] voxel=3680 span=1 sleep=7/8 waiting
[INFO] [Deactivate] voxel=3681 span=1 sleep=7/8 waiting
[INFO] [Deactivate] voxel=3758 span=1 sleep=6/8 waiting
[INFO] [Deactivate] voxel=3759 span=1 sleep=7/8 waiting
[INFO] [Deactivate] voxel=3760 span=1 sleep=7/8 waiting
[INFO] [Deactivate] voxel=3761 span=1 sleep=7/8 waiting
[INFO] [Deactivate] voxel=3762 span=1 sleep=7/8 waiting
[INFO] [Deactivate] voxel=3763 span=1 sleep=7/8 waiting
[INFO] [Deactivate] voxel=3839 span=1 sleep=7/8 waiting
[INFO] [Deactivate] voxel=3840 span=1 sleep=7/8 waiting
[INFO] [Deactivate] voxel=3841 span=1 sleep=7/8 waiting
[INFO] [Deactivate] voxel=3842 span=1 sleep=7/8 waiting
[INFO] [Deactivate] voxel=3843 span=1 sleep=3/8 waiting
[INFO] [Deactivate] voxel=3923 span=1 sleep=7/8 waiting
[INFO] [Deactivate] voxel=3924 span=1 sleep=5/8 waiting
[INFO] [Deactivate] voxel=6934 span=1 sleep=7/8 waiting
[INFO] [Deactivate] voxel=6945 span=1 sleep=7/8 waiting
[INFO] [Deactivate] voxel=6946 span=1 sleep=7/8 waiting
[INFO] [Deactivate] voxel=6947 span=1 sleep=7/8 waiting
[INFO] [Deactivate] voxel=6951 span=1 sleep=7/8 waiting
[INFO] [Deactivate] voxel=6952 span=1 sleep=7/8 waiting
[INFO] [Deactivate] voxel=6953 span=1 sleep=7/8 waiting
[INFO] [Deactivate] voxel=6957 span=1 sleep=7/8 waiting
[INFO] [Deactivate] voxel=6958 span=1 sleep=7/8 waiting
[INFO] [Deactivate] voxel=6964 span=1 sleep=7/8 waiting
[INFO] [Deactivate] voxel=6966 span=1 sleep=7/8 waiting
[INFO] [Deactivate] voxel=6970 span=1 sleep=7/8 waiting
[INFO] [Deactivate] voxel=6974 span=1 sleep=7/8 waiting
[INFO] [Deactivate] voxel=6976 span=1 sleep=7/8 waiting
[INFO] [Deactivate] voxel=6979 span=1 sleep=7/8 waiting
[INFO] [Deactivate] voxel=6980 span=1 sleep=7/8 waiting
[INFO] [Deactivate] voxel=6981 span=1 sleep=7/8 waiting
[INFO] [Deactivate] voxel=6982 span=1 sleep=7/8 waiting
[INFO] [Deactivate] voxel=6983 span=1 sleep=7/8 waiting
[INFO] [Deactivate] voxel=6986 span=1 sleep=7/8 waiting
[INFO] [Deactivate] voxel=6987 span=1 sleep=7/8 waiting
[INFO] [Deactivate] voxel=6988 span=1 sleep=7/8 waiting
[INFO] [Deactivate] voxel=6989 span=1 sleep=7/8 waiting
[INFO] [Deactivate] voxel=6990 span=1 sleep=7/8 waiting
[INFO] [Deactivate] voxel=6991 span=1 sleep=7/8 waiting
[INFO] [Deactivate] voxel=6992 span=1 sleep=7/8 waiting
[INFO] [Deactivate] voxel=6993 span=1 sleep=7/8 waiting
[INFO] [Deactivate] voxel=6994 span=1 sleep=7/8 waiting
[INFO] [Deactivate] voxel=6995 span=1 sleep=7/8 waiting
[INFO] [Deactivate] voxel=7014 span=1 sleep=7/8 waiting
[INFO] [Deactivate] voxel=7015 span=1 sleep=7/8 waiting
[INFO] [Deactivate] voxel=7018 span=1 sleep=7/8 waiting
[INFO] [Deactivate] voxel=7019 span=1 sleep=7/8 waiting
[INFO] [Support] no-static-connection pos=(13.93,16.61,-17.83) bounds=(27..27,33..33,-36..-36)
[INFO] [Deactivate] cluster_support=false count=1 checked=1 invalid=0 reason=no-static-connection
[INFO] [Deactivate] voxel=7023 cluster=1 lacks static support
[INFO] [Deactivate] voxel=7024 span=1 sleep=7/8 waiting
[INFO] [Deactivate] voxel=7028 span=1 sleep=7/8 waiting
[INFO] [Deactivate] voxel=7029 span=1 sleep=7/8 waiting
[INFO] [Deactivate] voxel=7032 span=1 sleep=7/8 waiting
[INFO] [Deactivate] voxel=7033 span=1 sleep=7/8 waiting
[INFO] [Deactivate] voxel=7035 span=1 sleep=7/8 waiting
[INFO] [Deactivate] voxel=7038 span=1 sleep=7/8 waiting
[INFO] [Deactivate] voxel=7042 span=1 sleep=7/8 waiting
[INFO] [Deactivate] voxel=7043 span=1 sleep=7/8 waiting
[INFO] [Deactivate] voxel=7044 span=1 sleep=7/8 waiting
[INFO] [Deactivate] voxel=7049 span=1 sleep=7/8 waiting
[INFO] [Deactivate] voxel=7061 span=1 sleep=7/8 waiting
[INFO] [Deactivate] voxel=7062 span=1 sleep=7/8 waiting
[INFO] [Deactivate] voxel=7063 span=1 sleep=7/8 waiting
[INFO] [Deactivate] voxel=7064 span=1 sleep=7/8 waiting
[INFO] [Deactivate] voxel=7067 span=1 sleep=7/8 waiting
[INFO] [Deactivate] voxel=7070 span=1 sleep=7/8 waiting
[INFO] [Deactivate] voxel=7072 span=1 sleep=7/8 waiting
[INFO] [Deactivate] voxel=7073 span=1 sleep=7/8 waiting
[INFO] [Deactivate] voxel=7077 span=1 sleep=7/8 waiting
[INFO] [Deactivate] voxel=7078 span=1 sleep=7/8 waiting
[INFO] [Deactivate] voxel=7079 span=1 sleep=7/8 waiting
[INFO] [Deactivate] voxel=7104 span=1 sleep=7/8 waiting
[INFO] [Deactivate] voxel=7108 span=1 sleep=7/8 waiting
[INFO] [Deactivate] voxel=7460 span=1 sleep=7/8 waiting
[INFO] [Deactivate] voxel=7489 span=1 sleep=7/8 waiting
[INFO] [Deactivate] voxel=7723 span=1 sleep=7/8 waiting
[INFO] [Deactivate] voxel=7736 span=1 sleep=7/8 waiting
[INFO] [Deactivate] voxel=7739 span=1 sleep=7/8 waiting
[INFO] [Deactivate] voxel=7755 span=1 sleep=7/8 waiting
[INFO] [Deactivate] voxel=7768 span=1 sleep=7/8 waiting
[INFO] [Deactivate] voxel=7769 span=1 sleep=7/8 waiting
[INFO] [Deactivate] voxel=7776 span=1 sleep=7/8 waiting
[INFO] [Deactivate] voxel=7779 span=1 sleep=5/8 waiting
[INFO] [Deactivate] voxel=7787 span=1 sleep=7/8 waiting
[INFO] [Deactivate] voxel=7790 span=1 sleep=7/8 waiting
[INFO] [Deactivate] voxel=7794 span=1 sleep=7/8 waiting
[INFO] [Deactivate] voxel=7797 span=1 sleep=7/8 waiting
[INFO] [Deactivate] voxel=7800 span=1 sleep=7/8 waiting
[INFO] [Deactivate] voxel=7812 span=1 sleep=7/8 waiting
[INFO] [Deactivate] voxel=7814 span=1 sleep=7/8 waiting
[INFO] [Deactivate] voxel=7815 span=1 sleep=7/8 waiting
[INFO] [Deactivate] voxel=7816 span=1 sleep=7/8 waiting
[INFO] [Deactivate] voxel=7817 span=1 sleep=7/8 waiting
[INFO] [Deactivate] voxel=7818 span=1 sleep=7/8 waiting
[INFO] [Deactivate] voxel=7823 span=1 sleep=7/8 waiting
[INFO] [Deactivate] voxel=7829 span=1 sleep=7/8 waiting
[INFO] [Deactivate] voxel=7832 span=1 sleep=7/8 waiting
[INFO] [Deactivate] voxel=7833 span=1 sleep=7/8 waiting
[INFO] [Deactivate] voxel=7834 span=1 sleep=7/8 waiting
[INFO] [Deactivate] voxel=7837 span=1 sleep=7/8 waiting
[INFO] [Deactivate] voxel=7838 span=1 sleep=7/8 waiting
[INFO] [Deactivate] voxel=7839 span=1 sleep=7/8 waiting
[INFO] [Deactivate] voxel=7840 span=1 sleep=7/8 waiting
[INFO] [Deactivate] voxel=7841 span=1 sleep=7/8 waiting
[INFO] [Deactivate] voxel=7842 span=1 sleep=7/8 waiting
[INFO] [Deactivate] voxel=7843 span=1 sleep=7/8 waiting
[INFO] [Deactivate] voxel=7844 span=1 sleep=7/8 waiting
[INFO] [Deactivate] voxel=7852 span=1 sleep=7/8 waiting
[INFO] [Deactivate] voxel=7854 span=1 sleep=7/8 waiting
[INFO] [Deactivate] voxel=7855 span=1 sleep=7/8 waiting
[INFO] [Deactivate] voxel=7856 span=1 sleep=7/8 waiting
[INFO] [Deactivate] voxel=7857 span=1 sleep=7/8 waiting
[INFO] [Deactivate] voxel=7858 span=1 sleep=7/8 waiting
[INFO] [Deactivate] voxel=7859 span=1 sleep=7/8 waiting
[INFO] [Deactivate] voxel=7860 span=2 sleep=7/8 waiting
[INFO] [Deactivate] voxel=7861 span=1 sleep=7/8 waiting
[INFO] [Deactivate] voxel=7868 span=1 sleep=7/8 waiting
[INFO] [Deactivate] voxel=7872 span=1 sleep=7/8 waiting
[INFO] [Deactivate] voxel=7874 span=1 sleep=7/8 waiting
[INFO] [Deactivate] voxel=7875 span=1 sleep=7/8 waiting
[INFO] [Deactivate] voxel=7876 span=1 sleep=7/8 waiting
[INFO] [Deactivate] voxel=7877 span=1 sleep=7/8 waiting
[INFO] [Deactivate] voxel=7878 span=1 sleep=7/8 waiting
[INFO] [Deactivate] voxel=7879 span=1 sleep=7/8 waiting
[INFO] [Deactivate] voxel=7880 span=1 sleep=7/8 waiting
[INFO] [Deactivate] voxel=7881 span=1 sleep=7/8 waiting
[INFO] [Deactivate] voxel=7892 span=1 sleep=7/8 waiting
[INFO] [Deactivate] voxel=7894 span=1 sleep=7/8 waiting
[INFO] [Deactivate] voxel=7895 span=1 sleep=7/8 waiting
[INFO] [Deactivate] voxel=7896 span=1 sleep=7/8 waiting
[INFO] [Deactivate] voxel=7897 span=1 sleep=7/8 waiting
[INFO] [Deactivate] voxel=7898 span=1 sleep=7/8 waiting
[INFO] [Deactivate] voxel=7899 span=1 sleep=7/8 waiting
[INFO] [Deactivate] voxel=7900 span=1 sleep=7/8 waiting
[INFO] [Deactivate] voxel=7902 span=1 sleep=7/8 waiting
[INFO] [Deactivate] voxel=7903 span=1 sleep=7/8 waiting
[INFO] [Deactivate] voxel=7904 span=1 sleep=7/8 waiting
[INFO] [Deactivate] voxel=7905 span=1 sleep=7/8 waiting
[INFO] [Deactivate] voxel=7906 span=1 sleep=7/8 waiting
[INFO] [Deactivate] voxel=7907 span=1 sleep=7/8 waiting
[INFO] [Deactivate] voxel=7908 span=1 sleep=7/8 waiting
[INFO] [Deactivate] voxel=7909 span=1 sleep=7/8 waiting
[INFO] [Deactivate] voxel=7910 span=1 sleep=7/8 waiting
[INFO] [Deactivate] voxel=7911 span=1 sleep=7/8 waiting
[INFO] [Deactivate] voxel=7913 span=1 sleep=7/8 waiting
[INFO] [Deactivate] voxel=7915 span=1 sleep=5/8 waiting
[INFO] [Deactivate] voxel=7916 span=1 sleep=7/8 waiting
[INFO] [Deactivate] voxel=7917 span=1 sleep=7/8 waiting
[INFO] [Deactivate] voxel=7918 span=1 sleep=7/8 waiting
[INFO] [Deactivate] voxel=7919 span=1 sleep=5/8 waiting
[INFO] [Deactivate] voxel=7921 span=1 sleep=7/8 waiting
[INFO] [Deactivate] voxel=7925 span=1 sleep=7/8 waiting
[INFO] [Deactivate] voxel=7927 span=1 sleep=7/8 waiting
[INFO] [Deactivate] voxel=7928 span=1 sleep=5/8 waiting
[INFO] [Deactivate] voxel=7929 span=1 sleep=5/8 waiting
[INFO] [Deactivate] voxel=7931 span=1 sleep=3/8 waiting
[INFO] [Deactivate] voxel=7932 span=1 sleep=3/8 waiting
[INFO] [Deactivate] voxel=7933 span=1 sleep=3/8 waiting
[INFO] [Deactivate] voxel=7934 span=1 sleep=3/8 waiting
[INFO] [Deactivate] voxel=7937 span=1 sleep=4/8 waiting
[INFO] [Deactivate] voxel=7938 span=1 sleep=3/8 waiting
[INFO] [Deactivate] voxel=7939 span=1 sleep=3/8 waiting
[INFO] [Deactivate] voxel=7941 span=1 sleep=2/8 waiting
[INFO] [Deactivate] voxel=7942 span=1 sleep=2/8 waiting
[INFO] [Deactivate] voxel=7943 span=1 sleep=2/8 waiting
[INFO] [Deactivate] voxel=7945 span=1 sleep=2/8 waiting
[INFO] [Deactivate] voxel=7946 span=1 sleep=2/8 waiting
[INFO] [Deactivate] voxel=7947 span=1 sleep=2/8 waiting
[INFO] [Deactivate] voxel=7948 span=1 sleep=3/8 waiting
[INFO] [Deactivate] voxel=7949 span=1 sleep=4/8 waiting
[INFO] [Deactivate] voxel=7950 span=1 sleep=3/8 waiting
[INFO] [Deactivate] voxel=7951 span=1 sleep=4/8 waiting
[INFO] [Deactivate] voxel=7952 span=1 sleep=3/8 waiting
[INFO] [Deactivate] voxel=7961 span=1 sleep=2/8 waiting
[INFO] [Deactivate] voxel=7962 span=1 sleep=2/8 waiting
[INFO] [Deactivate] voxel=7963 span=1 sleep=3/8 waiting
[INFO] [Deactivate] voxel=7964 span=1 sleep=2/8 waiting
[INFO] [Deactivate] voxel=7965 span=1 sleep=4/8 waiting
[INFO] [Deactivate] voxel=7966 span=1 sleep=3/8 waiting
[INFO] [Deactivate] voxel=7967 span=1 sleep=4/8 waiting
[INFO] [Deactivate] voxel=7968 span=1 sleep=2/8 waiting
[INFO] [Deactivate] voxel=7969 span=1 sleep=2/8 waiting
[INFO] [Deactivate] voxel=7970 span=1 sleep=3/8 waiting
[INFO] [Deactivate] voxel=7971 span=1 sleep=2/8 waiting
[INFO] [Deactivate] voxel=7972 span=1 sleep=4/8 waiting
[INFO] [Deactivate] voxel=7973 span=1 sleep=4/8 waiting
[INFO] [Deactivate] voxel=7974 span=1 sleep=2/8 waiting
[INFO] [Deactivate] voxel=7975 span=1 sleep=2/8 waiting
[INFO] [Deactivate] voxel=7976 span=1 sleep=3/8 waiting
[INFO] [Deactivate] voxel=7977 span=1 sleep=2/8 waiting
[INFO] [Deactivate] voxel=7979 span=1 sleep=3/8 waiting
[INFO] [Deactivate] voxel=7980 span=1 sleep=3/8 waiting
[INFO] [Deactivate] voxel=7981 span=1 sleep=2/8 waiting
[INFO] [Deactivate] voxel=7982 span=1 sleep=2/8 waiting
[INFO] [Deactivate] voxel=7985 span=1 sleep=7/8 waiting
[INFO] [Deactivate] voxel=7986 span=1 sleep=7/8 waiting
[INFO] [Deactivate] voxel=7987 span=1 sleep=7/8 waiting
[INFO] [Deactivate] voxel=7988 span=1 sleep=7/8 waiting
[INFO] [Deactivate] voxel=7989 span=1 sleep=7/8 waiting
[INFO] [Deactivate] voxel=7990 span=1 sleep=7/8 waiting
[INFO] [Deactivate] voxel=7991 span=1 sleep=7/8 waiting
[INFO] [Deactivate] voxel=7992 span=1 sleep=7/8 waiting
[INFO] [Deactivate] voxel=7993 span=1 sleep=7/8 waiting
[INFO] [Deactivate] voxel=7994 span=1 sleep=7/8 waiting
[INFO] [Deactivate] voxel=7995 span=1 sleep=7/8 waiting
[INFO] [Deactivate] voxel=7996 span=1 sleep=7/8 waiting
[INFO] [Deactivate] voxel=7997 span=1 sleep=7/8 waiting
[INFO] [Deactivate] voxel=7998 span=1 sleep=7/8 waiting
[INFO] [Deactivate] voxel=7999 span=1 sleep=7/8 waiting
[INFO] [Deactivate] voxel=8000 span=1 sleep=7/8 waiting
[INFO] [Deactivate] voxel=8001 span=1 sleep=7/8 waiting
[INFO] [Deactivate] voxel=8002 span=1 sleep=7/8 waiting
[INFO] [Deactivate] voxel=8003 span=1 sleep=7/8 waiting
[INFO] [Deactivate] voxel=8004 span=1 sleep=7/8 waiting
[INFO] [Deactivate] voxel=8005 span=1 sleep=7/8 waiting
[INFO] [Deactivate] voxel=8006 span=1 sleep=7/8 waiting
[INFO] [Deactivate] voxel=8007 span=1 sleep=7/8 waiting
[INFO] [Deactivate] voxel=8008 span=1 sleep=7/8 waiting
[INFO] [Deactivate] voxel=8009 span=1 sleep=7/8 waiting
[INFO] [Deactivate] voxel=8010 span=1 sleep=7/8 waiting
[INFO] [Deactivate] voxel=8011 span=1 sleep=1/8 waiting
[INFO] [Deactivate] voxel=8012 span=1 sleep=1/8 waiting
[INFO] [Deactivate] voxel=8013 span=1 sleep=1/8 waiting
[INFO] [Deactivate] voxel=8014 span=1 sleep=1/8 waiting
[INFO] [Deactivate] voxel=8015 span=1 sleep=1/8 waiting
[INFO] [Deactivate] voxel=8016 span=1 sleep=1/8 waiting
[INFO] [Deactivate] voxel=8017 span=1 sleep=1/8 waiting
[INFO] [Deactivate] voxel=8018 span=1 sleep=1/8 waiting
[INFO] [Deactivate] voxel=8019 span=1 sleep=1/8 waiting
[INFO] [Deactivate] voxel=8020 span=1 sleep=1/8 waiting
[INFO] [Deactivate] voxel=8021 span=1 sleep=1/8 waiting
[INFO] [Deactivate] voxel=8022 span=1 sleep=1/8 waiting
[INFO] [Deactivate] voxel=8023 span=1 sleep=1/8 waiting
[INFO] [Deactivate] voxel=8024 span=1 sleep=1/8 waiting
[INFO] [Deactivate] voxel=8025 span=1 sleep=1/8 waiting
[INFO] [Deactivate] voxel=8026 span=1 sleep=1/8 waiting
[INFO] [Deactivate] voxel=8027 span=1 sleep=1/8 waiting
[INFO] [Deactivate] voxel=8028 span=1 sleep=1/8 waiting
[INFO] [Deactivate] voxel=8029 span=1 sleep=1/8 waiting
[INFO] [Deactivate] voxel=8030 span=1 sleep=1/8 waiting
[INFO] VAO: [ID 61] Unloaded vertex array data from VRAM (GPU)
[INFO] VAO: [ID 62] Mesh uploaded successfully to VRAM (GPU)
[INFO] [Deactivate] voxel=3518 span=1 sleep=3/8 waiting
[INFO] [Deactivate] voxel=3519 span=1 sleep=6/8 waiting
[INFO] [Deactivate] voxel=3520 cluster_ready=false fail_idx=7929 sleep=6 reason=insufficient-sleep
[INFO] [Deactivate] voxel=3597 span=1 sleep=7/8 waiting
[INFO] [Deactivate] voxel=3598 span=1 sleep=7/8 waiting
[INFO] [Deactivate] voxel=3599 span=1 sleep=7/8 waiting
[INFO] [Deactivate] voxel=3600 span=1 sleep=7/8 waiting
[INFO] [Deactivate] voxel=3677 span=1 sleep=7/8 waiting
[INFO] [Deactivate] voxel=3678 span=1 sleep=7/8 waiting
[INFO] [Deactivate] voxel=3679 span=1 sleep=7/8 waiting
[INFO] [Deactivate] voxel=3680 span=1 sleep=7/8 waiting
[INFO] [Deactivate] voxel=3681 span=1 sleep=7/8 waiting
[INFO] [Deactivate] voxel=3758 span=1 sleep=7/8 waiting
[INFO] [Deactivate] voxel=3759 span=1 sleep=7/8 waiting
[INFO] [Deactivate] voxel=3760 span=1 sleep=7/8 waiting
[INFO] [Deactivate] voxel=3761 span=1 sleep=7/8 waiting
[INFO] [Deactivate] voxel=3762 span=1 sleep=7/8 waiting
[INFO] [Deactivate] voxel=3763 span=1 sleep=7/8 waiting
[INFO] [Deactivate] voxel=3839 span=1 sleep=7/8 waiting
[INFO] [Deactivate] voxel=3840 span=1 sleep=7/8 waiting
[INFO] [Deactivate] voxel=3841 span=1 sleep=7/8 waiting
[INFO] [Deactivate] voxel=3842 span=1 sleep=7/8 waiting
[INFO] [Deactivate] voxel=3843 span=1 sleep=4/8 waiting
[INFO] [Deactivate] voxel=3923 span=1 sleep=7/8 waiting
[INFO] [Deactivate] voxel=3924 span=1 sleep=6/8 waiting
[INFO] [Deactivate] voxel=6934 span=1 sleep=7/8 waiting
[INFO] [Deactivate] voxel=6945 span=1 sleep=7/8 waiting
[INFO] [Deactivate] voxel=6946 span=1 sleep=7/8 waiting
[INFO] [Deactivate] voxel=6947 span=1 sleep=7/8 waiting
[INFO] [Deactivate] voxel=6951 span=1 sleep=7/8 waiting
[INFO] [Deactivate] voxel=6952 span=1 sleep=7/8 waiting
[INFO] [Deactivate] voxel=6953 span=1 sleep=7/8 waiting
[INFO] [Deactivate] voxel=6957 span=1 sleep=7/8 waiting
[INFO] [Deactivate] voxel=6958 span=1 sleep=7/8 waiting
[INFO] [Deactivate] voxel=6964 span=1 sleep=7/8 waiting
[INFO] [Deactivate] voxel=6966 span=1 sleep=7/8 waiting
[INFO] [Deactivate] voxel=6970 span=1 sleep=7/8 waiting
[INFO] [Deactivate] voxel=6974 span=1 sleep=7/8 waiting
[INFO] [Deactivate] voxel=6976 span=1 sleep=7/8 waiting
[INFO] [Deactivate] voxel=6979 span=1 sleep=7/8 waiting
[INFO] [Deactivate] voxel=6980 span=1 sleep=7/8 waiting
[INFO] [Deactivate] voxel=6981 span=1 sleep=7/8 waiting
[INFO] [Deactivate] voxel=6982 span=1 sleep=7/8 waiting
[INFO] [Deactivate] voxel=6983 span=1 sleep=7/8 waiting
[INFO] [Deactivate] voxel=6986 span=1 sleep=7/8 waiting
[INFO] [Deactivate] voxel=6987 span=1 sleep=7/8 waiting
[INFO] [Deactivate] voxel=6988 span=1 sleep=7/8 waiting
[INFO] [Deactivate] voxel=6989 span=1 sleep=7/8 waiting
[INFO] [Deactivate] voxel=6990 span=1 sleep=7/8 waiting
[INFO] [Deactivate] voxel=6991 span=1 sleep=7/8 waiting
[INFO] [Deactivate] voxel=6992 span=1 sleep=7/8 waiting
[INFO] [Deactivate] voxel=6993 span=1 sleep=7/8 waiting
[INFO] [Deactivate] voxel=6994 span=1 sleep=7/8 waiting
[INFO] [Deactivate] voxel=6995 span=1 sleep=7/8 waiting
[INFO] [Deactivate] voxel=7014 span=1 sleep=7/8 waiting
[INFO] [Deactivate] voxel=7015 span=1 sleep=7/8 waiting
[INFO] [Deactivate] voxel=7018 span=1 sleep=7/8 waiting
[INFO] [Deactivate] voxel=7019 span=1 sleep=7/8 waiting
[INFO] [Support] no-static-connection pos=(13.30,13.86,-19.66) bounds=(26..26,27..27,-40..-40)
[INFO] [Deactivate] cluster_support=false count=1 checked=1 invalid=0 reason=no-static-connection
[INFO] [Deactivate] voxel=7023 cluster=1 lacks static support
[INFO] [Deactivate] voxel=7024 span=1 sleep=7/8 waiting
[INFO] [Deactivate] voxel=7028 span=1 sleep=7/8 waiting
[INFO] [Deactivate] voxel=7029 span=1 sleep=7/8 waiting
[INFO] [Deactivate] voxel=7032 span=1 sleep=7/8 waiting
[INFO] [Deactivate] voxel=7033 span=1 sleep=7/8 waiting
[INFO] [Deactivate] voxel=7035 span=1 sleep=7/8 waiting
[INFO] [Deactivate] voxel=7038 span=1 sleep=7/8 waiting
[INFO] [Deactivate] voxel=7042 span=1 sleep=7/8 waiting
[INFO] [Deactivate] voxel=7043 span=1 sleep=7/8 waiting
[INFO] [Deactivate] voxel=7044 span=1 sleep=7/8 waiting
[INFO] [Deactivate] voxel=7049 span=1 sleep=7/8 waiting
[INFO] [Deactivate] voxel=7061 span=1 sleep=7/8 waiting
[INFO] [Deactivate] voxel=7062 span=1 sleep=7/8 waiting
[INFO] [Deactivate] voxel=7063 span=1 sleep=7/8 waiting
[INFO] [Deactivate] voxel=7064 span=1 sleep=7/8 waiting
[INFO] [Deactivate] voxel=7067 span=1 sleep=7/8 waiting
[INFO] [Deactivate] voxel=7070 span=1 sleep=7/8 waiting
[INFO] [Deactivate] voxel=7072 span=1 sleep=7/8 waiting
[INFO] [Deactivate] voxel=7073 span=1 sleep=7/8 waiting
[INFO] [Deactivate] voxel=7077 span=1 sleep=7/8 waiting
[INFO] [Deactivate] voxel=7078 span=1 sleep=7/8 waiting
[INFO] [Deactivate] voxel=7079 span=1 sleep=7/8 waiting
[INFO] [Deactivate] voxel=7104 span=1 sleep=7/8 waiting
[INFO] [Deactivate] voxel=7108 span=1 sleep=7/8 waiting
[INFO] [Deactivate] voxel=7460 span=1 sleep=7/8 waiting
[INFO] [Deactivate] voxel=7489 span=1 sleep=7/8 waiting
[INFO] [Deactivate] voxel=7723 span=1 sleep=7/8 waiting
[INFO] [Deactivate] voxel=7736 span=1 sleep=7/8 waiting
[INFO] [Deactivate] voxel=7739 span=1 sleep=7/8 waiting
[INFO] [Deactivate] voxel=7755 span=1 sleep=7/8 waiting
[INFO] [Deactivate] voxel=7768 span=1 sleep=7/8 waiting
[INFO] [Deactivate] voxel=7769 span=1 sleep=7/8 waiting
[INFO] [Deactivate] voxel=7776 span=1 sleep=7/8 waiting
[INFO] [Deactivate] voxel=7779 span=1 sleep=6/8 waiting
[INFO] [Deactivate] voxel=7787 span=1 sleep=7/8 waiting
[INFO] [Deactivate] voxel=7790 span=1 sleep=7/8 waiting
[INFO] [Deactivate] voxel=7794 span=1 sleep=7/8 waiting
[INFO] [Deactivate] voxel=7797 span=1 sleep=7/8 waiting
[INFO] [Deactivate] voxel=7800 span=1 sleep=7/8 waiting
[INFO] [Deactivate] voxel=7812 span=1 sleep=7/8 waiting
[INFO] [Deactivate] voxel=7814 span=1 sleep=7/8 waiting
[INFO] [Deactivate] voxel=7815 span=1 sleep=7/8 waiting
[INFO] [Deactivate] voxel=7816 span=1 sleep=7/8 waiting
[INFO] [Deactivate] voxel=7817 span=1 sleep=7/8 waiting
[INFO] [Deactivate] voxel=7818 span=1 sleep=7/8 waiting
[INFO] [Deactivate] voxel=7823 span=1 sleep=7/8 waiting
[INFO] [Deactivate] voxel=7829 span=1 sleep=7/8 waiting
[INFO] [Deactivate] voxel=7832 span=1 sleep=7/8 waiting
[INFO] [Deactivate] voxel=7833 span=1 sleep=7/8 waiting
[INFO] [Deactivate] voxel=7834 span=1 sleep=7/8 waiting
[INFO] [Deactivate] voxel=7837 span=1 sleep=7/8 waiting
[INFO] [Deactivate] voxel=7838 span=1 sleep=7/8 waiting
[INFO] [Deactivate] voxel=7839 span=1 sleep=7/8 waiting
[INFO] [Deactivate] voxel=7840 span=1 sleep=7/8 waiting
[INFO] [Deactivate] voxel=7841 span=1 sleep=7/8 waiting
[INFO] [Deactivate] voxel=7842 span=1 sleep=7/8 waiting
[INFO] [Deactivate] voxel=7843 span=1 sleep=7/8 waiting
[INFO] [Deactivate] voxel=7844 span=1 sleep=7/8 waiting
[INFO] [Deactivate] voxel=7852 span=1 sleep=7/8 waiting
[INFO] [Deactivate] voxel=7854 span=1 sleep=7/8 waiting
[INFO] [Deactivate] voxel=7855 span=1 sleep=7/8 waiting
[INFO] [Deactivate] voxel=7856 span=1 sleep=7/8 waiting
[INFO] [Deactivate] voxel=7857 span=1 sleep=7/8 waiting
[INFO] [Deactivate] voxel=7858 span=1 sleep=7/8 waiting
[INFO] [Deactivate] voxel=7859 span=1 sleep=7/8 waiting
[INFO] [Deactivate] voxel=7860 span=2 sleep=7/8 waiting
[INFO] [Deactivate] voxel=7861 span=1 sleep=7/8 waiting
[INFO] [Deactivate] voxel=7868 span=1 sleep=7/8 waiting
[INFO] [Deactivate] voxel=7872 span=1 sleep=7/8 waiting
[INFO] [Deactivate] voxel=7874 span=1 sleep=7/8 waiting
[INFO] [Deactivate] voxel=7875 span=1 sleep=7/8 waiting
[INFO] [Deactivate] voxel=7876 span=1 sleep=7/8 waiting
[INFO] [Deactivate] voxel=7877 span=1 sleep=7/8 waiting
[INFO] [Deactivate] voxel=7878 span=1 sleep=7/8 waiting
[INFO] [Deactivate] voxel=7879 span=1 sleep=7/8 waiting
[INFO] [Deactivate] voxel=7880 span=1 sleep=7/8 waiting
[INFO] [Deactivate] voxel=7881 span=1 sleep=7/8 waiting
[INFO] [Deactivate] voxel=7892 span=1 sleep=7/8 waiting
[INFO] [Deactivate] voxel=7894 span=1 sleep=7/8 waiting
[INFO] [Deactivate] voxel=7895 span=1 sleep=7/8 waiting
[INFO] [Deactivate] voxel=7896 span=1 sleep=7/8 waiting
[INFO] [Deactivate] voxel=7897 span=1 sleep=7/8 waiting
[INFO] [Deactivate] voxel=7898 span=1 sleep=7/8 waiting
[INFO] [Deactivate] voxel=7899 span=1 sleep=7/8 waiting
[INFO] [Deactivate] voxel=7900 span=1 sleep=7/8 waiting
[INFO] [Deactivate] voxel=7902 span=1 sleep=7/8 waiting
[INFO] [Deactivate] voxel=7903 span=1 sleep=7/8 waiting
[INFO] [Deactivate] voxel=7904 span=1 sleep=7/8 waiting
[INFO] [Deactivate] voxel=7905 span=1 sleep=7/8 waiting
[INFO] [Deactivate] voxel=7906 span=1 sleep=7/8 waiting
[INFO] [Deactivate] voxel=7907 span=1 sleep=7/8 waiting
[INFO] [Deactivate] voxel=7908 span=1 sleep=7/8 waiting
[INFO] [Deactivate] voxel=7909 span=1 sleep=7/8 waiting
[INFO] [Deactivate] voxel=7910 span=1 sleep=7/8 waiting
[INFO] [Deactivate] voxel=7911 span=1 sleep=7/8 waiting
[INFO] [Deactivate] voxel=7913 span=1 sleep=7/8 waiting
[INFO] [Deactivate] voxel=7915 span=1 sleep=6/8 waiting
[INFO] [Deactivate] voxel=7916 span=1 sleep=7/8 waiting
[INFO] [Deactivate] voxel=7917 span=1 sleep=7/8 waiting
[INFO] [Deactivate] voxel=7918 span=1 sleep=7/8 waiting
[INFO] [Deactivate] voxel=7919 span=1 sleep=6/8 waiting
[INFO] [Deactivate] voxel=7921 span=1 sleep=7/8 waiting
[INFO] [Deactivate] voxel=7925 span=1 sleep=7/8 waiting
[INFO] [Deactivate] voxel=7927 span=1 sleep=7/8 waiting
[INFO] [Deactivate] voxel=7928 span=1 sleep=6/8 waiting
[INFO] [Deactivate] voxel=7929 span=1 sleep=6/8 waiting
[INFO] [Deactivate] voxel=7931 span=1 sleep=4/8 waiting
[INFO] [Deactivate] voxel=7932 span=1 sleep=4/8 waiting
[INFO] [Deactivate] voxel=7933 span=1 sleep=4/8 waiting
[INFO] [Deactivate] voxel=7934 span=1 sleep=4/8 waiting
[INFO] [Deactivate] voxel=7937 span=1 sleep=5/8 waiting
[INFO] [Deactivate] voxel=7938 span=1 sleep=4/8 waiting
[INFO] [Deactivate] voxel=7939 span=1 sleep=4/8 waiting
[INFO] [Deactivate] voxel=7941 span=1 sleep=3/8 waiting
[INFO] [Deactivate] voxel=7942 span=1 sleep=3/8 waiting
[INFO] [Deactivate] voxel=7943 span=1 sleep=3/8 waiting
[INFO] [Deactivate] voxel=7945 span=1 sleep=3/8 waiting
[INFO] [Deactivate] voxel=7946 span=1 sleep=3/8 waiting
[INFO] [Deactivate] voxel=7947 span=1 sleep=3/8 waiting
[INFO] [Deactivate] voxel=7948 span=1 sleep=4/8 waiting
[INFO] [Deactivate] voxel=7949 span=1 sleep=5/8 waiting
[INFO] [Deactivate] voxel=7950 span=1 sleep=4/8 waiting
[INFO] [Deactivate] voxel=7951 span=1 sleep=5/8 waiting
[INFO] [Deactivate] voxel=7952 span=1 sleep=4/8 waiting
[INFO] [Deactivate] voxel=7961 span=1 sleep=3/8 waiting
[INFO] [Deactivate] voxel=7962 span=1 sleep=3/8 waiting
[INFO] [Deactivate] voxel=7963 span=1 sleep=4/8 waiting
[INFO] [Deactivate] voxel=7964 span=1 sleep=3/8 waiting
[INFO] [Deactivate] voxel=7965 span=1 sleep=5/8 waiting
[INFO] [Deactivate] voxel=7966 span=1 sleep=4/8 waiting
[INFO] [Deactivate] voxel=7967 span=1 sleep=5/8 waiting
[INFO] [Deactivate] voxel=7968 span=1 sleep=3/8 waiting
[INFO] [Deactivate] voxel=7969 span=1 sleep=3/8 waiting
[INFO] [Deactivate] voxel=7970 span=1 sleep=4/8 waiting
[INFO] [Deactivate] voxel=7971 span=1 sleep=3/8 waiting
[INFO] [Deactivate] voxel=7972 span=1 sleep=5/8 waiting
[INFO] [Deactivate] voxel=7973 span=1 sleep=5/8 waiting
[INFO] [Deactivate] voxel=7974 span=1 sleep=3/8 waiting
[INFO] [Deactivate] voxel=7975 span=1 sleep=3/8 waiting
[INFO] [Deactivate] voxel=7976 span=1 sleep=4/8 waiting
[INFO] [Deactivate] voxel=7977 span=1 sleep=3/8 waiting
[INFO] [Deactivate] voxel=7979 span=1 sleep=4/8 waiting
[INFO] [Deactivate] voxel=7980 span=1 sleep=4/8 waiting
[INFO] [Deactivate] voxel=7981 span=1 sleep=3/8 waiting
[INFO] [Deactivate] voxel=7982 span=1 sleep=3/8 waiting
[INFO] [Deactivate] voxel=7985 span=1 sleep=7/8 waiting
[INFO] [Deactivate] voxel=7986 span=1 sleep=7/8 waiting
[INFO] [Deactivate] voxel=7987 span=1 sleep=7/8 waiting
[INFO] [Deactivate] voxel=7988 span=1 sleep=7/8 waiting
[INFO] [Deactivate] voxel=7989 span=1 sleep=7/8 waiting
[INFO] [Deactivate] voxel=7990 span=1 sleep=7/8 waiting
[INFO] [Deactivate] voxel=7991 span=1 sleep=7/8 waiting
[INFO] [Deactivate] voxel=7992 span=1 sleep=7/8 waiting
[INFO] [Deactivate] voxel=7993 span=1 sleep=7/8 waiting
[INFO] [Deactivate] voxel=7994 span=1 sleep=7/8 waiting
[INFO] [Deactivate] voxel=7995 span=1 sleep=7/8 waiting
[INFO] [Deactivate] voxel=7996 span=1 sleep=7/8 waiting
[INFO] [Deactivate] voxel=7997 span=1 sleep=7/8 waiting
[INFO] [Deactivate] voxel=7998 span=1 sleep=7/8 waiting
[INFO] [Deactivate] voxel=7999 span=1 sleep=7/8 waiting
[INFO] [Deactivate] voxel=8000 span=1 sleep=7/8 waiting
[INFO] [Deactivate] voxel=8001 span=1 sleep=7/8 waiting
[INFO] [Deactivate] voxel=8002 span=1 sleep=7/8 waiting
[INFO] [Deactivate] voxel=8003 span=1 sleep=7/8 waiting
[INFO] [Deactivate] voxel=8004 span=1 sleep=7/8 waiting
[INFO] [Deactivate] voxel=8005 span=1 sleep=7/8 waiting
[INFO] [Deactivate] voxel=8006 span=1 sleep=7/8 waiting
[INFO] [Deactivate] voxel=8007 span=1 sleep=7/8 waiting
[INFO] [Deactivate] voxel=8008 span=1 sleep=7/8 waiting
[INFO] [Deactivate] voxel=8009 span=1 sleep=7/8 waiting
[INFO] [Deactivate] voxel=8010 span=1 sleep=7/8 waiting
[INFO] [Deactivate] voxel=8011 span=1 sleep=2/8 waiting
[INFO] [Deactivate] voxel=8012 span=1 sleep=2/8 waiting
[INFO] [Deactivate] voxel=8013 span=1 sleep=2/8 waiting
[INFO] [Deactivate] voxel=8014 span=1 sleep=2/8 waiting
[INFO] [Deactivate] voxel=8015 span=1 sleep=2/8 waiting
[INFO] [Deactivate] voxel=8016 span=1 sleep=2/8 waiting
[INFO] [Deactivate] voxel=8017 span=1 sleep=2/8 waiting
[INFO] [Deactivate] voxel=8018 span=1 sleep=2/8 waiting
[INFO] [Deactivate] voxel=8019 span=1 sleep=2/8 waiting
[INFO] [Deactivate] voxel=8020 span=1 sleep=2/8 waiting
[INFO] [Deactivate] voxel=8021 span=1 sleep=2/8 waiting
[INFO] [Deactivate] voxel=8022 span=1 sleep=2/8 waiting
[INFO] [Deactivate] voxel=8023 span=1 sleep=2/8 waiting
[INFO] [Deactivate] voxel=8024 span=1 sleep=2/8 waiting
[INFO] [Deactivate] voxel=8025 span=1 sleep=2/8 waiting
[INFO] [Deactivate] voxel=8026 span=1 sleep=2/8 waiting
[INFO] [Deactivate] voxel=8027 span=1 sleep=2/8 waiting
[INFO] [Deactivate] voxel=8028 span=1 sleep=2/8 waiting
[INFO] [Deactivate] voxel=8029 span=1 sleep=2/8 waiting
[INFO] [Deactivate] voxel=8030 span=1 sleep=2/8 waiting
[INFO] [RemoveVoxel] idx=7983 voxel_count_before=8031 moved_from=8030 voxel_count_after=8030
[INFO] [Multiscale] Emit span=1 grid=(3..3,1..1,-6..-6) pos=(1.75,0.75,-2.75)
[INFO] [Multiscale] Converted 1 unit voxels into 1 span clusters
[INFO] [Activation] static->dynamic units=1 spawned=1 base=8030 after=8031
[INFO] [RemoveVoxel] idx=3842 voxel_count_before=8031 moved_from=8030 voxel_count_after=8030
[INFO] [RestoreCluster] count=1 voxel_count before=8031 after_removal=8030 after_restore=8031 static_success=1
[INFO] [Deactivate] restored cluster starting=3842 count=1 remaining_budget_before=128
[INFO] [Support] no-static-connection pos=(12.75,11.15,-19.19) bounds=(25..25,22..22,-39..-39)
[INFO] [Deactivate] cluster_support=false count=1 checked=1 invalid=0 reason=no-static-connection
[INFO] [Deactivate] voxel=7023 cluster=1 lacks static support
[INFO] [Support] no-static-connection pos=(0.90,1.67,-1.62) bounds=(1..1,3..3,-4..-4)
[INFO] [Deactivate] cluster_support=false count=1 checked=1 invalid=0 reason=no-static-connection
[INFO] [Deactivate] voxel=7916 cluster=1 lacks static support
[INFO] [Deactivate] voxel=7972 span=1 sleep=6/8 waiting
[INFO] [Deactivate] voxel=7973 span=1 sleep=6/8 waiting
[INFO] VAO: [ID 62] Unloaded vertex array data from VRAM (GPU)
[INFO] VAO: [ID 63] Mesh uploaded successfully to VRAM (GPU)
[INFO] [Support] no-static-connection pos=(12.35,9.02,-18.75) bounds=(24..24,18..18,-38..-38)
[INFO] [Deactivate] cluster_support=false count=1 checked=1 invalid=0 reason=no-static-connection
[INFO] [Deactivate] voxel=7023 cluster=1 lacks static support
[INFO] [Support] no-static-connection pos=(0.81,1.30,-1.57) bounds=(1..1,2..2,-4..-4)
[INFO] [Deactivate] cluster_support=false count=1 checked=1 invalid=0 reason=no-static-connection
[INFO] [Deactivate] voxel=7916 cluster=1 lacks static support
[INFO] [Deactivate] voxel=7972 span=1 sleep=7/8 waiting
[INFO] [Deactivate] voxel=7973 span=1 sleep=7/8 waiting
[INFO] [Support] no-static-connection pos=(12.13,7.82,-18.51) bounds=(24..24,15..15,-38..-38)
[INFO] [Deactivate] cluster_support=false count=1 checked=1 invalid=0 reason=no-static-connection
[INFO] [Deactivate] voxel=7023 cluster=1 lacks static support
[INFO] [Support] no-static-connection pos=(0.76,1.04,-1.55) bounds=(1..1,2..2,-4..-4)
[INFO] [Deactivate] cluster_support=false count=1 checked=1 invalid=0 reason=no-static-connection
[INFO] [Deactivate] voxel=7916 cluster=1 lacks static support
[INFO] [RemoveVoxel] idx=7972 voxel_count_before=8031 moved_from=8030 voxel_count_after=8030
[INFO] [RestoreCluster] count=1 voxel_count before=8031 after_removal=8030 after_restore=8031 static_success=1
[INFO] [Deactivate] restored cluster starting=7972 count=1 remaining_budget_before=128
[INFO] [RemoveVoxel] idx=7973 voxel_count_before=8031 moved_from=8030 voxel_count_after=8030
[INFO] [RestoreCluster] count=1 voxel_count before=8031 after_removal=8030 after_restore=8031 static_success=1
[INFO] [Deactivate] restored cluster starting=7973 count=1 remaining_budget_before=127
[INFO] VAO: [ID 63] Unloaded vertex array data from VRAM (GPU)
[INFO] VAO: [ID 64] Mesh uploaded successfully to VRAM (GPU)
[INFO] [RemoveVoxel] idx=7916 voxel_count_before=8031 moved_from=8030 voxel_count_after=8030
[INFO] [RestoreCluster] count=1 voxel_count before=8031 after_removal=8030 after_restore=8031 static_success=1
[INFO] [Deactivate] restored cluster starting=7916 count=1 remaining_budget_before=128
[INFO] VAO: [ID 64] Unloaded vertex array data from VRAM (GPU)
[INFO] VAO: [ID 65] Mesh uploaded successfully to VRAM (GPU)
[INFO] [Deactivate] voxel=7023 span=1 sleep=1/8 waiting
[INFO] [Deactivate] voxel=7023 span=1 sleep=2/8 waiting
[INFO] [Deactivate] voxel=7023 span=1 sleep=3/8 waiting
[INFO] [Deactivate] voxel=7023 span=1 sleep=4/8 waiting
[INFO] [Deactivate] voxel=7023 span=1 sleep=5/8 waiting
[INFO] [Deactivate] voxel=7023 span=1 sleep=6/8 waiting
[INFO] FBO: [ID 1] Unloaded framebuffer from VRAM (GPU)
[INFO] FBO: [ID 2] Unloaded framebuffer from VRAM (GPU)
[INFO] VAO: [ID 65] Unloaded vertex array data from VRAM (GPU)
[INFO] TEXTURE: [ID 2] Unloaded texture data from VRAM (GPU)
[INFO] SHADER: [ID 3] Default shader unloaded successfully
[INFO] TEXTURE: [ID 1] Default texture unloaded successfully
[INFO] Window closed successfully
