step,level,count,p50,p90,p99,max,above100,meanChildCurvature,childMeansAbove100,aboveAdaptiveThreshold,childMeansAboveAdaptiveThreshold
0,0,1,0,0,0,0,0,0,0,0,0
0,1,8,0,0,0,0,0,0,0,0,0
0,2,64,0,0,0,0,0,0,0,0,0
0,3,512,0,0,0,0,0,0,0,0,0
0,4,4096,0,0,0,0,0,0,0,0,0
0,5,32768,0,0,0,0,0,0,0,0,0
1,0,1,0,0,0,0,0,0.00961299334,0,0,0
1,1,8,0.00961299427,0.00961299427,0.00961299427,0.00961299427,0,0.00446321117,0,0,0
1,2,64,0.0027465818,0.0192259885,0.0192264076,0.0192264076,0,0.00523569511,0,0,0
1,3,512,0.0054931636,0.0054931636,0.0384536535,0.0384536535,0,0.00954867396,0,0,0
1,4,4096,0.0109863272,0.0109863272,0.0109863272,0.0769106597,0,0.0188666701,0,0,0
1,5,32768,0.0219726544,0.0219726544,0.0219726544,0.153868258,0,0,0,0,0
2,0,1,0,0,0,0,0,0.00549339363,0,0,0
2,1,8,0.00549307931,0.00549370795,0.00549370795,0.00549370795,0,0.00686649635,0,0,0
2,2,64,0.0054931636,0.0109869968,0.0137329083,0.0137329083,0,0.0139904248,0,0,0
2,3,512,0.0164794903,0.0164794903,0.02197567,0.0274658166,0,0.027980836,0,0,0
2,4,4096,0.0329589806,0.0439453088,0.0549316332,0.0549500734,0,0.0566912025,0,0,0
2,5,32768,0.0659179613,0.0878906175,0.109863266,0.110014141,0,0,0,0,0
3,0,1,0,0,0,0,0,0.00961362291,0,0,0
3,1,8,0.00961320382,0.00961404201,0.00961404201,0.00961404201,0,0.00377670699,0,0,0
3,2,64,0.0027465818,0.0192272458,0.0219739936,0.0219739936,0,0.00523572398,0,0,0
3,3,512,0,0.0109863272,0.0384544916,0.0439496636,0,0.0112224271,0,0,0
3,4,4096,0.0109863272,0.0219726544,0.0439453088,0.0879194438,0,0.0227398276,0,0,0
3,5,32768,0.0219726544,0.0659179613,0.0878906175,0.176019937,0,0,0,0,0
4,0,1,0,0,0,0,0,0.00961383339,0,0,0
4,1,8,0.00961362291,0.00961404201,0.00961404201,0.00961404201,0,0.00240345811,0,0,0
4,2,64,0,0.0192272458,0.019228084,0.019228084,0,0.000600877625,0,0,0
4,3,512,0,0,0.0384528153,0.0384595208,0,0.000150281616,0,0,0
4,4,4096,0,0,0,0.0769458637,0,3.76309763e-05,0,0,0
4,5,32768,0,0,0,0.154139832,0,0,0,0,0
5,0,1,0,0,0,0,0,0.0109869977,0,0,0
5,1,8,0.0109869968,0.0109869968,0.0109869968,0.0109869968,0,0.00823987101,0,0,0
5,2,64,0.0054931636,0.0219739936,0.0247199051,0.0247199051,0,0.0145913518,0,0,0
5,3,512,0.0109863272,0.0219726544,0.0439546928,0.0494465157,0,0.0294829449,0,0,0
5,4,4096,0.0219726544,0.0439453088,0.0659179613,0.0989332646,0,0.0592983633,0,0,0
5,5,32768,0.0439453088,0.109863266,0.131835923,0.198121339,0,0,0,0,0
6,0,1,0,0,0,0,0,0.00823940989,0,0,0
6,1,8,0.00823940989,0.00823940989,0.00823940989,0.00823940989,0,0.00343310146,0,0,0
6,2,64,0.0027465818,0.0164788198,0.0192247313,0.0192247313,0,0.00798244716,0,0,0
6,3,512,0,0.0219726544,0.0329589806,0.0329676978,0,0.0208784206,0,0,0
6,4,4096,0.0109863272,0.0549316332,0.0988769382,0.131835923,0,0.0424863022,0,0,0
6,5,32768,0.0219726544,0.109863266,0.197753876,0.263671845,0,0,0,0,0
7,0,1,0,0,0,0,0,0.00961320382,0,0,0
7,1,8,0.00961320382,0.00961320382,0.00961320382,0.00961320382,0,0.00515000836,0,0,0
7,2,64,0.0054931636,0.019228084,0.0247199051,0.0247199051,0,0.00987072747,0,0,0
7,3,512,0,0.0219726544,0.0439453088,0.0494532213,0,0.0222946479,0,0,0
7,4,4096,0.0219726544,0.0439453088,0.0878906175,0.109863266,0,0.0454420954,0,0,0
7,5,32768,0.0439453088,0.131835923,0.175781235,0.219726533,0,0,0,0,0
8,0,1,0,0,0,0,0,0.00823940989,0,0,0
8,1,8,0.00823940989,0.00823940989,0.00823940989,0.00823940989,0,0.0041201869,0,0,0
8,2,64,0.0054931636,0.0109869968,0.0164838489,0.0164838489,0,0.00961321969,0,0,0
8,3,512,0,0.0219726544,0.0439453088,0.0439453088,0,0.0222302841,0,0,0
8,4,4096,0.0219726544,0.0439453088,0.0878906175,0.109863266,0,0.045426029,0,0,0
8,5,32768,0.0439453088,0.131835923,0.175781235,0.219726533,0,0,0,0,0
9,0,1,0,0,0,0,0,0.00824108627,0,0,0
9,1,8,0.00824108627,0.00824108627,0.00824108627,0.00824108627,0,0.00206048111,0,0,0
9,2,64,0,0.0164821725,0.0164855253,0.0164855253,0,0.000515120279,0,0,0
9,3,512,0,0,0.0329643451,0.0329710506,0,0.00012889794,0,0,0
9,4,4096,0,0,0,0.0659957454,0,3.23292588e-05,0,0,0
9,5,32768,0,0,0,0.132447466,0,0,0,0,0
10,0,1,0,0,0,0,0,0.00824108627,0,0,0
10,1,8,0.00823940989,0.00824276265,0.00824276265,0.00824276265,0,0.00206027157,0,0,0
10,2,64,0,0.0164821725,0.0164821725,0.0164821725,0,0.000515015505,0,0,0
10,3,512,0,0,0.0329576395,0.0329643451,0,0.000128884843,0,0,0
10,4,4096,0,0,0,0.0659957454,0,3.23194363e-05,0,0,0
10,5,32768,0,0,0,0.132420644,0,0,0,0,0
11,0,1,0,0,0,0,0,0.00824192446,0,0,0
11,1,8,0.00824108627,0.00824276265,0.00824276265,0.00824276265,0,0.00480655994,0,0,0
11,2,64,0.0054931636,0.0164821725,0.0219706409,0.0219706409,0,0.00978491774,0,0,0
11,3,512,0,0.0219726544,0.0439453088,0.0439613983,0,0.022273261,0,0,0
11,4,4096,0.0219726544,0.0439453088,0.0878906175,0.109863266,0,0.0448895879,0,0,0
11,5,32768,0.0439453088,0.131835923,0.175781235,0.219726533,0,0,0,0,0
12,0,1,0,0,0,0,0,0.00824192446,0,0,0
12,1,8,0.00823940989,0.00824443903,0.00824443903,0.00824443903,0,0.00412071077,0,0,0
12,2,64,0.0054931636,0.0109903496,0.0164888781,0.0164888781,0,0.00961303634,0,0,0
12,3,512,0,0.0219726544,0.0439453088,0.0439453088,0,0.022230343,0,0,0
12,4,4096,0.0219726544,0.0439453088,0.0878906175,0.109863266,0,0.0448788814,0,0,0
12,5,32768,0.0439453088,0.131835923,0.175781235,0.219726533,0,0,0,0,0
13,0,1,0,0,0,0,0,0.00824024808,0,0,0
13,1,8,0.00823940989,0.00824108627,0.00824108627,0.00824108627,0,0.00206006202,0,0,0
13,2,64,0,0.0164788198,0.0164821725,0.0164821725,0,0.000515120279,0,0,0
13,3,512,0,0,0.0329576395,0.0329777561,0,0.00012893723,0,0,0
13,4,4096,0,0,0,0.0660359785,0,3.23390814e-05,0,0,0
13,5,32768,0,0,0,0.13250111,0,0,0,0,0
14,0,1,0,0,0,0,0,0.00686645461,0,0,0
14,1,8,0.00686645415,0.00686645415,0.00686645415,0.00686645415,0,0.00309007207,0,0,0
14,2,64,0.0027465818,0.0137362611,0.0164788198,0.0164788198,0,0.00789645407,0,0,0
14,3,512,0,0.0219726544,0.0274658166,0.0329589806,0,0.0196983195,0,0,0
14,4,4096,0.0109863272,0.0549316332,0.0988769382,0.131835923,0,0.0378944212,0,0,0
14,5,32768,0.0219726544,0.109863266,0.175781235,0.263671845,0,0,0,0,0
15,0,1,0,0,0,0,0,0.00412054313,0,0,0
15,1,8,0.00412054313,0.00412054313,0.00412054313,0.00412054313,0,0.00652367662,0,0,0
15,2,64,0.0054931636,0.00824779179,0.0109869968,0.0109869968,0,0.0139047068,0,0,0
15,3,512,0.0164794903,0.0164794903,0.0219726544,0.0219806992,0,0.0282813222,0,0,0
15,4,4096,0.0329589806,0.0439453088,0.0549316332,0.0549316332,0,0.0571955929,0,0,0
15,5,32768,0.0659179613,0.0878906175,0.109863266,0.109863266,0,0,0,0,0
16,0,1,0,0,0,0,0,0.00549182249,0,0,0
16,1,8,0.00549182203,0.00549182203,0.00549182203,0.00549182203,0,0.00412071083,0,0,0
16,2,64,0.0027465818,0.0109903496,0.0164888781,0.0164888781,0,0.0116732658,0,0,0
16,3,512,0.0054931636,0.0274658166,0.038452141,0.0439546928,0,0.0267364346,0,0,0
16,4,4096,0.0109863272,0.076904282,0.0878906175,0.0988769382,0,0.0547976734,0,0,0
16,5,32768,0.0219726544,0.131835923,0.197753876,0.241699189,0,0,0,0,0
17,0,1,0,0,0,0,0,0.00686813099,0,0,0
17,1,8,0.00686813053,0.00686813053,0.00686813053,0.00686813053,0,0.00171661354,0,0,0
17,2,64,0,0.0137329083,0.0137329083,0.0137329083,0,0.00317587139,0,0,0
17,3,512,0,0.0109863272,0.0274725221,0.0384628735,0,0.00688809013,0,0,0
17,4,4096,0,0.0329589806,0.0549316332,0.0769793913,0,0.0128372037,0,0,0
17,5,32768,0,0.0659179613,0.109863266,0.154414758,0,0,0,0,0
18,0,1,0,0,0,0,0,0.0109869977,0,0,0
18,1,8,0.0109869968,0.0109869968,0.0109869968,0.0109869968,0,0.00892655831,0,0,0
18,2,64,0.00823974516,0.0219739936,0.0219739936,0.0219739936,0,0.0145914675,0,0,0
18,3,512,0.0164794903,0.0164794903,0.0439479873,0.0439748093,0,0.0283671559,0,0,0
18,4,4096,0.0329589806,0.0329589806,0.0329589806,0.0879496187,0,0.0565303801,0,0,0
18,5,32768,0.0659179613,0.0659179613,0.0659179613,0.176382035,0,0,0,0,0
19,0,1,0,0,0,0,0,0.00824108627,0,0,0
19,1,8,0.00824108627,0.00824108627,0.00824108627,0.00824108627,0,0.00309049158,0,0,0
19,2,64,0.0027465818,0.0137329083,0.0164888781,0.0164888781,0,0.00506405281,0,0,0
19,3,512,0.0054931636,0.0109863272,0.0274658166,0.0329643451,0,0.0116516583,0,0,0
19,4,4096,0.0109863272,0.0219726544,0.0329589806,0.0660091564,0,0.0218333383,0,0,0
19,5,32768,0.0219726544,0.0439453088,0.0659179613,0.132393822,0,0,0,0,0
20,0,1,0,0,0,0,0,0.00961571839,0,0,0
20,1,8,0.00961571839,0.00961571839,0.00961571839,0.00961571839,0,0.00549408561,0,0,0
20,2,64,0.0027465818,0.0164888781,0.0192314368,0.0192314368,0,0.00952733131,0,0,0
20,3,512,0.0109863272,0.0109863272,0.0329643451,0.0384628735,0,0.0199557957,0,0,0
20,4,4096,0.0219726544,0.0329589806,0.0439453088,0.0769793913,0,0.0379909376,0,0,0
20,5,32768,0.0439453088,0.0659179613,0.0878906175,0.154280648,0,0,0,0,0
21,0,1,0,0,0,0,0,0.0055002044,0,0,0
21,1,8,0.00549852755,0.00550188031,0.00550188031,0.00550188031,0,0.00274767133,0,0,0
21,2,64,0.0027465818,0.0109970551,0.0137396138,0.0137396138,0,0.00497845194,0,0,0
21,3,512,0,0.0109863272,0.0219941102,0.0274792276,0,0.00961318305,0,0,0
21,4,4096,0,0.0219726544,0.0439453088,0.0550120994,0,0.0190170477,0,0,0
21,5,32768,0.0219726544,0.0439453088,0.0878906175,0.110667929,0,0,0,0,0
22,0,1,0,0,0,0,0,0.00686980737,0,0,0
22,1,8,0.00686980691,0.00686980691,0.00686980691,0.00686980691,0,0.00721002847,0,0,0
22,2,64,0.0109863272,0.0137329083,0.0247232579,0.0247232579,0,0.0189689578,0,0,0
22,3,512,0,0.0439453088,0.0878906175,0.0878906175,0,0.0382162578,0,0,0
22,4,4096,0,0.0878906175,0.175781235,0.175781235,0,0.0760085809,0,0,0
22,5,32768,0.0878906175,0.175781235,0.35156247,0.439453065,0,0,0,0,0
23,0,1,0,0,0,0,0,0.00274926401,0,0,0
23,1,8,0.00274926377,0.00274926377,0.00274926377,0.00274926377,0,0.00618148549,0,0,0
23,2,64,0.0054931636,0.00823974516,0.00824779179,0.00824779179,0,0.0138189494,0,0,0
23,3,512,0.0164794903,0.0164794903,0.0219726544,0.0219726544,0,0.0292685507,0,0,0
23,4,4096,0.0329589806,0.0439453088,0.0549316332,0.0549316332,0,0.0567717953,0,0,0
23,5,32768,0.0659179613,0.0878906175,0.109863266,0.109863266,0,0,0,0,0
24,0,1,0,0,0,0,0,0.00412557228,0,0,0
24,1,8,0.00412054313,0.00413060142,0.00413060142,0.00413060142,0,0.00309049126,0,0,0
24,2,64,0.0027465818,0.00824108627,0.00824779179,0.00824779179,0,0.00489239068,0,0,0
24,3,512,0.0054931636,0.0054931636,0.0164821725,0.0164821725,0,0.0148916127,0,0,0
24,4,4096,0.0109863272,0.0549316332,0.0549316332,0.0549316332,0,0.0354803465,0,0,0
24,5,32768,0.0219726544,0.109863266,0.241699189,0.241699189,0,0,0,0,0
25,0,1,0,0,0,0,0,0.00549852801,0,0,0
25,1,8,0.00549182203,0.00550523307,0.00550523307,0.00550523307,0,0.0013733746,0,0,0
25,2,64,0,0.0109836441,0.0109903496,0.0109903496,0,0.00034334365,0,0,0
25,3,512,0,0,0.0219672881,0.0219806992,0,8.59668799e-05,0,0,0
25,4,4096,0,0,0,0.0440150425,0,2.16226872e-05,0,0,0
25,5,32768,0,0,0,0.0885665268,0,0,0,0,0
26,0,1,0,0,0,0,0,0.00686645461,0,0,0
26,1,8,0.00686645415,0.00686645415,0.00686645415,0.00686645415,0,0.00446394971,0,0,0
26,2,64,0.0054931636,0.0137396138,0.0192314368,0.0192314368,0,0.00969895085,0,0,0
26,3,512,0,0.0219726544,0.0439453088,0.0439453088,0,0.0191618254,0,0,0
26,4,4096,0,0.0439453088,0.0878906175,0.0878906175,0,0.0349492907,0,0,0
26,5,32768,0,0.0878906175,0.175781235,0.219726533,0,0,0,0,0
27,0,1,0,0,0,0,0,0.00274657877,0,0,0
27,1,8,0.002746579,0.002746579,0.002746579,0.002746579,0,0.00480676955,0,0,0
27,2,64,0.0054931636,0.0054931636,0.00549852755,0.00549852755,0,0.00944196153,0,0,0
27,3,512,0.0109863272,0.0109863272,0.0110104661,0.0110372882,0,0.0215464815,0,0,0
27,4,4096,0.0219726544,0.0439453088,0.0439453088,0.0439453088,0,0.0444403567,0,0,0
27,5,32768,0.0439453088,0.0439453088,0.153808564,0.153808564,0,0,0,0,0
28,0,1,0,0,0,0,0,0.00549349887,0,0,0
28,1,8,0.00549182203,0.00549517479,0.00549517479,0.00549517479,0,0.00240443245,0,0,0
28,2,64,0.0027465818,0.00824779179,0.0109970551,0.0109970551,0,0.00489264221,0,0,0
28,3,512,0,0.0109863272,0.0219726544,0.0219806992,0,0.0118662488,0,0,0
28,4,4096,0,0.0329589806,0.0439453088,0.0549316332,0,0.0233997462,0,0,0
28,5,32768,0,0.0878906175,0.153808564,0.153808579,0,0,0,0,0
29,0,1,0,0,0,0,0,0.00549517525,0,0,0
29,1,8,0.00549517479,0.00549517479,0.00549517479,0.00549517479,0,0.00274809042,0,0,0
29,2,64,0.0027465818,0.0109903496,0.0137530249,0.0137530249,0,0.00497834717,0,0,0
29,3,512,0,0.0109863272,0.0219806992,0.0274792276,0,0.00961315685,0,0,0
29,4,4096,0,0.0219726544,0.0439453088,0.0549852774,0,0.0174827391,0,0,0
29,5,32768,0,0.0439453088,0.0878906175,0.110131487,0,0,0,0,0
30,0,1,0.0054931636,0.0054931636,0.0054931636,0.0054931636,0,0.00291941664,0,0,0
30,1,8,0.00138133741,0.00454299105,0.00454299105,0.00454299105,0,0.00193973983,0,0,0
30,2,64,0.0013732909,0.00274926377,0.00893175509,0.00893175509,0,0.00171862528,0,0,0
30,3,512,0.0013732909,0.0027465818,0.00555217173,0.0171929579,0,0.00152591486,0,0,0
30,4,4096,0.0013732909,0.0027465818,0.0054931636,0.0358611308,0,0.00432361209,0,0,0
30,5,32768,0.00068664545,0.00823974423,0.0446319543,0.116354212,0,0,0,0,0
31,0,1,0.0054931636,0.0054931636,0.0054931636,0.0054931636,0,0.00697206659,0,0,0
31,1,8,0.00454634381,0.00960901286,0.00960901286,0.00960901286,0,0.0141621041,0,0,0
31,2,64,0.0137329083,0.0219726544,0.0219726544,0.0219726544,0,0.0167398751,0,0,0
31,3,512,0.0116729736,0.0439453088,0.0439453088,0.0439453088,0,0.0230469481,0,0,0
31,4,4096,0.0219726544,0.0494384877,0.0878906175,0.0878906175,0,0.0377748162,0,0,0
31,5,32768,0.0274658166,0.0878906175,0.175781235,0.175781235,0,0,0,0,0
32,0,1,0.00274658343,0.00274658343,0.00274658343,0.00274658343,0,0.0065211202,0,0,0
32,1,8,0.00548846927,0.00824108627,0.00824108627,0.00824108627,0,0.00807895936,0,0,0
32,2,64,0.0082397433,0.0109970551,0.0247232579,0.0247232579,0,0.0122257641,0,0,0
32,3,512,0.0109863263,0.0247031413,0.0274658166,0.0494465157,0,0.0181207194,0,0,0
32,4,4096,0.0123596136,0.0439453088,0.0549316332,0.0988930315,0,0.0278741821,0,0,0
32,5,32768,0.0219726544,0.0659179613,0.109863266,0.197786063,0,0,0,0,0
33,0,1,0.0027465818,0.0027465818,0.0027465818,0.0027465818,0,0.00583631871,0,0,0
33,1,8,0.00549517479,0.00687315967,0.00687315967,0.00687315967,0,0.0102955732,0,0,0
33,2,64,0.00823974516,0.0164794847,0.0164794903,0.0164794903,0,0.0193197643,0,0,0
33,3,512,0.0164794959,0.0329589806,0.0439453088,0.0466918834,0,0.0368786246,0,0,0
33,4,4096,0.0329589844,0.0659179613,0.0878906175,0.120849594,0,0.0637042336,0,0,0
33,5,32768,0.0659179613,0.11535646,0.175781235,0.241699189,0,0,0,0,0
34,0,1,7.80625458e-16,7.80625458e-16,7.80625458e-16,7.80625458e-16,0,0.00412473409,0,0,0
34,1,8,0.00412389589,0.00413060142,0.00413060142,0.00413060142,0,0.0106432552,0,0,0
34,2,64,0.0109836441,0.0164794903,0.0192260742,0.0192260742,0,0.0222942801,0,0,0
34,3,512,0.0219726544,0.0384521149,0.0494384654,0.0549316481,0,0.0418661686,0,0,0
34,4,4096,0.038452141,0.0769042447,0.109863222,0.142822221,0,0.0669626146,0,0,0
34,5,32768,0.06179801,0.131835923,0.205993563,0.307617158,0,0,0,0,0
35,0,1,2.09547824e-09,2.09547824e-09,2.09547824e-09,2.09547824e-09,0,0.001374632,0,0,0
35,1,8,0.00137463189,0.00137798465,0.00137798465,0.00137798465,0,0.00858394708,0,0,0
35,2,64,0.00823974609,0.0137328841,0.0137329083,0.0137329083,0,0.0219728553,0,0,0
35,3,512,0.0219726413,0.0384521,0.0549316071,0.0549316332,0,0.0450043772,0,0,0
35,4,4096,0.043945305,0.076904282,0.10025017,0.131835923,0,0.0856740743,0,0,0
35,5,32768,0.0823972672,0.153808564,0.244445488,0.376281828,0,0,0,0,0
36,0,1,0.0013732909,0.0013732909,0.0013732909,0.0013732909,0,0.0068672928,0,0,0
36,1,8,0.00549852755,0.00824108627,0.00824108627,0.00824108627,0,0.0103000647,0,0,0
36,2,64,0.0109863263,0.0164794885,0.0219672881,0.0219672881,0,0.0145244533,0,0,0
36,3,512,0.0109863644,0.0329589806,0.039825432,0.0439345762,0,0.0242033295,0,0,0
36,4,4096,0.0219726544,0.054931581,0.076904282,0.109863266,0,0.0482774136,0,0,0
36,5,32768,0.043945305,0.109176524,0.181274354,0.285644561,0,0,0,0,0
37,0,1,0.0054931636,0.0054931636,0.0054931636,0.0054931636,0,0.0058371569,0,0,0
37,1,8,0.0061690798,0.00686645415,0.00686645415,0.00686645415,0,0.014142977,0,0,0
37,2,64,0.0109863393,0.0247192364,0.0357055664,0.0357055664,0,0.0215333234,0,0,0
37,3,512,0.0164794959,0.0439453088,0.0659179538,0.0714111477,0,0.0383400707,0,0,0
37,4,4096,0.0329589844,0.076904282,0.110549927,0.153808594,0,0.0782445756,0,0,0
37,5,32768,0.0659179688,0.153808564,0.263671845,0.357055902,0,0,0,0,0
38,0,1,0,0,0,0,0,0.00154562283,0,0,0
38,1,8,0.00137463189,0.00171661354,0.00171661354,0.00171661354,0,0.00688852393,0,0,0
38,2,64,0.00823974051,0.00824108627,0.0109863346,0.0116743129,0,0.0142021712,0,0,0
38,3,512,0.0116729718,0.0274658091,0.0274658501,0.0329589918,0,0.0270893849,0,0,0
38,4,4096,0.023345964,0.0439453349,0.065917924,0.0878905952,0,0.0563111652,0,0,0
38,5,32768,0.0494384877,0.0988770053,0.148315609,0.220413163,0,0,0,0,0
39,0,1,0,0,0,0,0,0.00412641047,0,0,0
39,1,8,0.00412389589,0.00413395418,0.00413395418,0.00413395418,0,0.0092698466,0,0,0
39,2,64,0.0109863272,0.0137262028,0.0192381423,0.0192381423,0,0.0262211305,0,0,0
39,3,512,0.0219727457,0.0439453237,0.0659178942,0.0659179613,0,0.0503860926,0,0,0
39,4,4096,0.0439453311,0.0878906474,0.131835923,0.159301758,0,0.106184245,0,0,0
39,5,32768,0.0878907368,0.181274876,0.30761674,0.439453036,0,0,0,0,0
40,0,1,0.0027465818,0.0027465818,0.0027465818,0.0027465818,0,0.00309376023,0,0,0
40,1,8,0.00274926377,0.0034399326,0.0034399326,0.0034399326,0,0.0140334687,0,0,0
40,2,64,0.0137329083,0.0192260724,0.0247232579,0.0247232579,0,0.0287101087,0,0,0
40,3,512,0.0274658129,0.0494384728,0.0823974162,0.0823974162,0,0.0493138571,0,0,0
40,4,4096,0.043945495,0.0878906175,0.123596109,0.142822504,0,0.0995985965,0,0,0
40,5,32768,0.0878906399,0.175781295,0.28564468,0.390014678,0,0,0,0,0
41,0,1,0.0013732909,0.0013732909,0.0013732909,0.0013732909,0,0.00584386243,0,0,0
41,1,8,0.00549517479,0.00619254913,0.00619254913,0.00619254913,0,0.00738158904,0,0,0
41,2,64,0.00549317617,0.0123582762,0.016475467,0.0164888781,0,0.0144218351,0,0,0
41,3,512,0.0123596694,0.0233460423,0.031585712,0.0384521447,0,0.0255322386,0,0,0
41,4,4096,0.0219726674,0.0453185551,0.0659179613,0.0878906101,0,0.0486592313,0,0,0
41,5,32768,0.0439453088,0.0885772854,0.1483154,0.219726503,0,0,0,0,0
42,0,1,0,0,0,0,0,0.00137966115,0,0,0
42,1,8,0.00137798465,0.00138133741,0.00138133741,0.00138133741,0,0.0113300314,0,0,0
42,2,64,0.0109863719,0.0164794903,0.0192314368,0.0192314368,0,0.0215998951,0,0,0
42,3,512,0.019225996,0.038452141,0.0494384691,0.0604248047,0,0.0468490901,0,0,0
42,4,4096,0.0439453088,0.0878906175,0.131835863,0.153808594,0,0.101977819,0,0,0
42,5,32768,0.0878906175,0.197753698,0.307617158,0.439453036,0,0,0,0,0
43,0,1,0.00411987212,0.00411987212,0.00411987212,0.00411987212,0,0.00686477823,0,0,0
43,1,8,0.00549517479,0.00823438074,0.00823438074,0.00823438074,0,0.0116719275,0,0,0
43,2,64,0.0109863263,0.0164795369,0.0192260724,0.0219726544,0,0.0243534062,0,0,0
43,3,512,0.0219726562,0.0405121259,0.0549316071,0.0714111179,0,0.048507099,0,0,0
43,4,4096,0.0439453907,0.0769043192,0.109863371,0.153808579,0,0.103596459,0,0,0
43,5,32768,0.0878907815,0.175781727,0.263822049,0.417480379,0,0,0,0,0
44,0,1,0.0013732909,0.0013732909,0.0013732909,0.0013732909,0,0.00342618255,0,0,0
44,1,8,0.00137327646,0.0054851165,0.0054851165,0.0054851165,0,0.00969886966,0,0,0
44,2,64,0.010970233,0.0137329102,0.0164794996,0.0164794996,0,0.0247055399,0,0,0
44,3,512,0.0219726544,0.043258667,0.0755309686,0.0782776475,0,0.0473858875,0,0,0
44,4,4096,0.0439453088,0.0769042894,0.122222841,0.146942154,0,0.0984717244,0,0,0
44,5,32768,0.0878906175,0.17578122,0.296630979,0.352249056,0,0,0,0,0
45,0,1,0.0054931636,0.0054931636,0.0054931636,0.0054931636,0,0.00686645461,0,0,0
45,1,8,0.00686645415,0.00686645415,0.00686645415,0.00686645415,0,0.0116744398,0,0,0
45,2,64,0.0127029466,0.0192180257,0.025062535,0.0257491916,0,0.0245336509,0,0,0
45,3,512,0.0218653753,0.0494384803,0.0878906175,0.0933837891,0,0.0475896652,0,0,0
45,4,4096,0.0439452231,0.0892640799,0.154377297,0.198043466,0,0.099179074,0,0,0
45,5,32768,0.0878905281,0.197753891,0.348816246,0.395792276,0,0,0,0,0
46,0,1,0.0054931636,0.0054931636,0.0054931636,0.0054931636,0,0.00429488672,0,0,0
46,1,8,0.00309124542,0.00549852755,0.00549852755,0.00549852755,0,0.00742443709,0,0,0
46,2,64,0.00823973957,0.0109862927,0.0164821725,0.0164821725,0,0.0143195661,0,0,0
46,3,512,0.0137329083,0.0274657328,0.033645574,0.0336456262,0,0.0279697494,0,0,0
46,4,4096,0.022659367,0.0494384654,0.0769042,0.0878905803,0,0.0531525701,0,0,0
46,5,32768,0.0446319394,0.0906371996,0.148315117,0.197753876,0,0,0,0,0
47,0,1,0.0027465818,0.0027465818,0.0027465818,0.0027465818,0,0.00498387916,0,0,0
47,1,8,0.00447258307,0.00549852755,0.00549852755,0.00549852755,0,0.00935621507,0,0,0
47,2,64,0.00823974609,0.0164794885,0.0164794903,0.0164794903,0,0.0230215414,0,0,0
47,3,512,0.0219726544,0.0384521447,0.0549316481,0.061111439,0,0.0395336645,0,0,0
47,4,4096,0.0336457379,0.0672912598,0.0988770425,0.120849632,0,0.0825652325,0,0,0
47,5,32768,0.0727843344,0.1428224,0.219726533,0.374221772,0,0,0,0,0
48,0,1,0.0054931636,0.0054931636,0.0054931636,0.0054931636,0,0.00549517525,0,0,0
48,1,8,0.00274926377,0.00824108627,0.00824108627,0.00824108627,0,0.00596490124,0,0,0
48,2,64,0.0054931636,0.0109863272,0.0137194972,0.0137194972,0,0.0231740056,0,0,0
48,3,512,0.0219727345,0.038452141,0.0521850288,0.0604247972,0,0.0431263698,0,0,0
48,4,4096,0.043945279,0.0741577893,0.109176815,0.142822236,0,0.0859778565,0,0,0
48,5,32768,0.0775910169,0.15380834,0.219726533,0.401001215,0,0,0,0,0
49,0,1,0.0027465818,0.0027465818,0.0027465818,0.0027465818,0,0.00686980737,0,0,0
49,1,8,0.00685974862,0.00688657071,0.00688657071,0.00688657071,0,0.012185527,0,0,0
49,2,64,0.0109863244,0.0192260705,0.0302016698,0.0302016698,0,0.0258202046,0,0,0
49,3,512,0.0226592962,0.0439453349,0.0604248904,0.071411185,0,0.0467730221,0,0,0
49,4,4096,0.0439453088,0.0810242444,0.120849766,0.14350903,0,0.0892217102,0,0,0
49,5,32768,0.0796509162,0.15655528,0.244445831,0.351562589,0,0,0,0,0
50,0,1,0.0027465818,0.0027465818,0.0027465818,0.0027465818,0,0.00480618281,0,0,0
50,1,8,0.00412389589,0.00549182203,0.00549182203,0.00549182203,0,0.00572710403,0,0,0
50,2,64,0.00549316406,0.00823974516,0.0130221229,0.0130221229,0,0.0137806265,0,0,0
50,3,512,0.0109863309,0.0219726562,0.0384521745,0.0439453088,0,0.023951753,0,0,0
50,4,4096,0.0219726544,0.0439453125,0.0659179762,0.0769043416,0,0.052760436,0,0,0
50,5,32768,0.0439453237,0.0878908113,0.153808564,0.197753876,0,0,0,0,0
51,0,1,0.0054931636,0.0054931636,0.0054931636,0.0054931636,0,0.00378526701,0,0,0
51,1,8,0.00411987491,0.00413730694,0.00413730694,0.00413730694,0,0.00395014355,0,0,0
51,2,64,0.00274658203,0.00823974516,0.00823977683,0.00823977683,0,0.0155062843,0,0,0
51,3,512,0.0116729867,0.0274658725,0.0446319468,0.0659179688,0,0.029686488,0,0,0
51,4,4096,0.0219726786,0.0604247637,0.0988769457,0.123595938,0,0.0658098086,0,0,0
51,5,32768,0.0508117042,0.131835908,0.219726264,0.307617158,0,0,0,0,0
52,0,1,0.00137329078,0.00137329078,0.00137329078,0.00137329078,0,0.00840872433,0,0,0
52,1,8,0.00739619043,0.00960901286,0.00960901286,0.00960901286,0,0.00720885617,0,0,0
52,2,64,0.00686645415,0.0116541963,0.0185340624,0.0185340624,0,0.0109391788,0,0,0
52,3,512,0.0102997096,0.0219726451,0.0274657477,0.0281363688,0,0.0216235934,0,0,0
52,4,4096,0.0219726451,0.0384521969,0.0659179464,0.0769043192,0,0.0408957158,0,0,0
52,5,32768,0.0384520553,0.079651095,0.126342744,0.175781325,0,0,0,0,0
53,0,1,0.0027465818,0.0027465818,0.0027465818,0.0027465818,0,0.00686142547,0,0,0
53,1,8,0.0054851165,0.00824108627,0.00824108627,0.00824108627,0,0.00772308593,0,0,0
53,2,64,0.00823974516,0.0109863272,0.0164821725,0.0164821725,0,0.015430296,0,0,0
53,3,512,0.0116729708,0.0281524621,0.0604247972,0.0611114465,0,0.0326434368,0,0,0
53,4,4096,0.0274657533,0.0659179613,0.111236535,0.142822161,0,0.070996844,0,0,0
53,5,32768,0.0659178495,0.137328804,0.241699249,0.330276579,0,0,0,0,0
54,0,1,0.0054931636,0.0054931636,0.0054931636,0.0054931636,0,0.0044715777,0,0,0
54,1,8,0.00411987491,0.00550523307,0.00550523307,0.00550523307,0,0.0111580734,0,0,0
54,2,64,0.00823974516,0.0192260724,0.0219672881,0.0219672881,0,0.0259780079,0,0,0
54,3,512,0.0219726749,0.0439453125,0.0549316406,0.0604248829,0,0.0454942702,0,0,0
54,4,4096,0.0439452529,0.0823974758,0.120849609,0.14559029,0,0.0873251856,0,0,0
54,5,32768,0.0769042894,0.156555444,0.263671845,0.373535126,0,0,0,0,0
55,0,1,0.0054931636,0.0054931636,0.0054931636,0.0054931636,0,0.00343523733,0,0,0
55,1,8,0.002746579,0.00412389589,0.00412389589,0.00412389589,0,0.00103030417,0,0,0
55,2,64,6.54835491e-11,0.00274659391,0.00824779179,0.00824779179,0,0.0134325978,0,0,0
55,3,512,0.0109863719,0.0219727065,0.0329590328,0.0329590328,0,0.0267854952,0,0,0
55,4,4096,0.0219727457,0.0466918051,0.0659179762,0.1098634,0,0.0551091868,0,0,0
55,5,32768,0.0439453647,0.104370087,0.175780952,0.307617247,0,0,0,0,0
56,0,1,0.0027465818,0.0027465818,0.0027465818,0.0027465818,0,0.00652279658,0,0,0
56,1,8,0.00619590189,0.00685974862,0.00685974862,0.00685974862,0,0.00866680534,0,0,0
56,2,64,0.00686646393,0.0143766385,0.0164955836,0.0164955836,0,0.0133389635,0,0,0
56,3,512,0.0109863272,0.0274658166,0.0384628735,0.050125163,0,0.0263780498,0,0,0
56,4,4096,0.0219726544,0.0542449839,0.0878906325,0.109863408,0,0.0562366417,0,0,0
56,5,32768,0.0439454727,0.109863296,0.197753891,0.418167025,0,0,0,0,0
57,0,1,0.0027465818,0.0027465818,0.0027465818,0.0027465818,0,0.00960230734,0,0,0
57,1,8,0.00925362017,0.00995099451,0.00995099451,0.00995099451,0,0.01061526,0,0,0
57,2,64,0.00858303532,0.0178527795,0.0226110183,0.0226110183,0,0.0199748028,0,0,0
57,3,512,0.0185394287,0.0333667211,0.0494385511,0.0604248419,0,0.0374840965,0,0,0
57,4,4096,0.0329589881,0.0659179613,0.0947571024,0.126342773,0,0.0789348457,0,0,0
57,5,32768,0.0672914907,0.135955483,0.214233384,0.35156247,0,0,0,0,0
58,0,1,0.0054931636,0.0054931636,0.0054931636,0.0054931636,0,0.00651441468,0,0,0
58,1,8,0.00480115367,0.00822767522,0.00822767522,0.00822767522,0,0.00937285146,0,0,0
58,2,64,0.00823974516,0.0137329083,0.0219806992,0.0219806992,0,0.019803349,0,0,0
58,3,512,0.0171661079,0.0336455889,0.0549316667,0.0741576999,0,0.0390055933,0,0,0
58,4,4096,0.0329591073,0.0672911927,0.0988769457,0.142822236,0,0.0798504582,0,0,0
58,5,32768,0.0666045174,0.148315176,0.211486921,0.351562619,0,0,0,0,0
59,0,1,0.0027465818,0.0027465818,0.0027465818,0.0027465818,0,0.00721178902,0,0,0
59,1,8,0.00618919637,0.00823438074,0.00823438074,0.00823438074,0,0.0104292235,0,0,0
59,2,64,0.00961303525,0.0164794903,0.0247165523,0.0247165523,0,0.0221657026,0,0,0
59,3,512,0.0192260724,0.0384521447,0.0604248159,0.0741577074,0,0.0418717109,0,0,0
59,4,4096,0.038452141,0.0769041628,0.109863438,0.164795026,0,0.0833569203,0,0,0
59,5,32768,0.0714110583,0.153808564,0.230712906,0.395507932,0,0,0,0,0
60,0,1,0.0013732909,0.0013732909,0.0013732909,0.0013732909,0,0.00788904633,0,0,0
60,1,8,0.00685974862,0.00891834404,0.00891834404,0.00891834404,0,0.00956995477,0,0,0
60,2,64,0.00961303525,0.0164794885,0.0205993615,0.0205993615,0,0.017794438,0,0,0
60,3,512,0.0164794903,0.028152464,0.0439452976,0.0611114465,0,0.032448516,0,0,0
60,4,4096,0.0322723351,0.0604246333,0.0878906101,0.130462632,0,0.0652251989,0,0,0
60,5,32768,0.0652313158,0.110549927,0.17578122,0.285644382,0,0,0,0,0
61,0,1,0.0027465818,0.0027465818,0.0027465818,0.0027465818,0,0.003523411,0,0,0
61,1,8,0.00309124542,0.00411986187,0.00411986187,0.00411986187,0,0.00551848023,0,0,0
61,2,64,0.0054931785,0.00686645601,0.0110104661,0.0110104661,0,0.013765345,0,0,0
61,3,512,0.0109863849,0.0219726916,0.0329589844,0.0329589956,0,0.0231772658,0,0,0
61,4,4096,0.0219726544,0.0432586782,0.0659179986,0.079650782,0,0.0504287796,0,0,0
61,5,32768,0.0439453088,0.0885769576,0.153808579,0.267791837,0,0,0,0,0
62,0,1,0.0013732909,0.0013732909,0.0013732909,0.0013732909,0,0.00617913855,0,0,0
62,1,8,0.00549852755,0.00686645415,0.00686645415,0.00686645415,0,0.00723224331,0,0,0
62,2,64,0.00823974516,0.0123596182,0.0157982092,0.0157982092,0,0.0179878602,0,0,0
62,3,512,0.017852772,0.027465824,0.041198723,0.0439453162,0,0.033075879,0,0,0
62,4,4096,0.0329589806,0.0549316928,0.0823973715,0.109863296,0,0.0706802275,0,0,0
62,5,32768,0.0659179613,0.120849647,0.181274265,0.263672203,0,0,0,0,0
63,0,1,0.0027465818,0.0027465818,0.0027465818,0.0027465818,0,0.00754706515,0,0,0
63,1,8,0.00685974862,0.00823438074,0.00823438074,0.00823438074,0,0.00608618459,0,0,0
63,2,64,0.0054931636,0.0109863272,0.0123783927,0.0123783927,0,0.0128080689,0,0,0
63,3,512,0.0109863272,0.0205993764,0.0329589806,0.0329643451,0,0.0230300661,0,0,0
63,4,4096,0.0219726544,0.0384522192,0.0549316742,0.0714111254,0,0.049756509,0,0,0
63,5,32768,0.0439453162,0.087890625,0.131835893,0.17578128,0,0,0,0,0
64,0,1,0.0054931636,0.0054931636,0.0054931636,0.0054931636,0,0.00394787593,0,0,0
64,1,8,0.00274255825,0.00516325142,0.00516325142,0.00516325142,0,0.00562384151,0,0,0
64,2,64,0.0054931636,0.00961303525,0.0116810184,0.013048945,0,0.0146031845,0,0,0
64,3,512,0.0109863337,0.0274658166,0.0652313158,0.0659179613,0,0.0292842325,0,0,0
64,4,4096,0.0226593036,0.0549316332,0.0988769457,0.131835923,0,0.0662680961,0,0,0
64,5,32768,0.0549316332,0.131835923,0.200500518,0.329589784,0,0,0,0,0
65,0,1,0.00137329078,0.00137329078,0.00137329078,0.00137329078,0,0.00566616608,0,0,0
65,1,8,0.00464692665,0.00686645415,0.00686645415,0.00686645415,0,0.00640570128,0,0,0
65,2,64,0.0054931636,0.0109863272,0.0116810184,0.0116810184,0,0.0104019701,0,0,0
65,3,512,0.00892640464,0.0192260705,0.0302123986,0.0329589806,0,0.0208859103,0,0,0
65,4,4096,0.0219726488,0.03707885,0.0549316332,0.0769042894,0,0.0438942573,0,0,0
65,5,32768,0.041198846,0.0823973864,0.131835923,0.214233369,0,0,0,0,0
66,0,1,0.00411987258,0.00411987258,0.00411987258,0.00411987258,0,0.00721178902,0,0,0
66,1,8,0.00687315967,0.00755712297,0.00755712297,0.00755712297,0,0.00907579868,0,0,0
66,2,64,0.00823974516,0.0157982092,0.0164821725,0.0171527248,0,0.0194509266,0,0,0
66,3,512,0.0164794978,0.0329589695,0.0439453758,0.0494384728,0,0.0357444387,0,0,0
66,4,4096,0.0329589806,0.0604247972,0.098876901,0.120849632,0,0.077217717,0,0,0
66,5,32768,0.0659180135,0.131836012,0.214233518,0.329589784,0,0,0,0,0
67,0,1,0.00411987258,0.00411987258,0.00411987258,0.00411987258,0,0.00446587754,0,0,0
67,1,8,0.0034399326,0.00549182203,0.00549182203,0.00549182203,0,0.00820697233,0,0,0
67,2,64,0.00756382849,0.0137329083,0.0192260705,0.0205993615,0,0.0191100995,0,0,0
67,3,512,0.0178527534,0.0329589732,0.0439452976,0.0549315847,0,0.034872582,0,0,0
67,4,4096,0.0274658855,0.0714111179,0.0988772213,0.142822266,0,0.0709157868,0,0,0
67,5,32768,0.0659177899,0.131836057,0.199127197,0.291137695,0,0,0,0,0
68,0,1,0.00411987258,0.00411987258,0.00411987258,0.00411987258,0,0.001374632,0,0,0
68,1,8,0.00137463189,0.00137463189,0.00137463189,0.00137463189,0,0.00536031998,0,0,0
68,2,64,0.00549316034,0.00823974237,0.0109970551,0.0109970551,0,0.0193887013,0,0,0
68,3,512,0.0169730205,0.0377654918,0.0528716482,0.059051536,0,0.0395877578,0,0,0
68,4,4096,0.0329589806,0.0851440579,0.11398305,0.162048444,0,0.0810963669,0,0,0
68,5,32768,0.0686646104,0.148315012,0.241699114,0.35156247,0,0,0,0,0
69,0,1,0.0027465818,0.0027465818,0.0027465818,0.0027465818,0,0.00806338992,0,0,0
69,1,8,0.00788569357,0.00824108627,0.00824108627,0.00824108627,0,0.00712641643,0,0,0
69,2,64,0.0054931636,0.0113591533,0.0158116203,0.0178527795,0,0.0146477925,0,0,0
69,3,512,0.0137329083,0.0224232804,0.0345736705,0.0439452939,0,0.0294156183,0,0,0
69,4,4096,0.0260925703,0.0549316406,0.0796508566,0.10162352,0,0.0619842621,0,0,0
69,5,32768,0.0549316332,0.115356386,0.197753891,0.295944393,0,0,0,0,0
70,0,1,0.0027465818,0.0027465818,0.0027465818,0.0027465818,0,0.00445749564,0,0,0
70,1,8,0.00342652155,0.00549182203,0.00549182203,0.00549182203,0,0.00712419988,0,0,0
70,2,64,0.00686645415,0.0109863328,0.0123649817,0.0123649817,0,0.0144660243,0,0,0
70,3,512,0.0137329074,0.024719229,0.0370788015,0.0494385026,0,0.0258093197,0,0,0
70,4,4096,0.0226592869,0.0439453162,0.0631713867,0.107116796,0,0.0522696901,0,0,0
70,5,32768,0.0439454615,0.0906372145,0.13458252,0.252685845,0,0,0,0,0
71,0,1,0.0027465818,0.0027465818,0.0027465818,0.0027465818,0,0.00617578579,0,0,0
71,1,8,0.0054851165,0.00686645415,0.00686645415,0.00686645415,0,0.00698476593,0,0,0
71,2,64,0.00620931294,0.0109863272,0.0137329083,0.0137329083,0,0.0173982703,0,0,0
71,3,512,0.0164794903,0.0274658166,0.0439453162,0.047378622,0,0.0339741389,0,0,0
71,4,4096,0.0302125067,0.0645447597,0.087890543,0.109863371,0,0.0694376398,0,0,0
71,5,32768,0.0631713197,0.126342759,0.197753906,0.313110828,0,0,0,0,0
72,0,1,0.00411987258,0.00411987258,0.00411987258,0.00411987258,0,0.00497382088,0,0,0
72,1,8,0.00463351561,0.0054851165,0.0054851165,0.0054851165,0,0.00420939275,0,0,0
72,2,64,0.00274659367,0.00961303618,0.0137329083,0.0137329083,0,0.00779889077,0,0,0
72,3,512,0.0054931636,0.018539384,0.0329589732,0.0357055776,0,0.0136219668,0,0,0
72,4,4096,0.00961303618,0.0329589806,0.0549316332,0.0769043043,0,0.0306202726,0,0,0
72,5,32768,0.0220476724,0.0659179613,0.109916829,0.175781235,0,0,0,0,0
73,0,1,0.0027465818,0.0027465818,0.0027465818,0.0027465818,0,0.00327564753,0,0,0
73,1,8,0.00309795095,0.00346004916,0.00346004916,0.00346004916,0,0.00751127524,0,0,0
73,2,64,0.00619590189,0.0164794903,0.0192314368,0.0192314368,0,0.018085325,0,0,0
73,3,512,0.015792843,0.0322723314,0.0494384691,0.049438592,0,0.0335479074,0,0,0
73,4,4096,0.0329589732,0.0576780029,0.0892638937,0.109863266,0,0.066717104,0,0,0
73,5,32768,0.0631713942,0.111236624,0.197753876,0.307617277,0,0,0,0,0
74,0,1,0,0,0,0,0,0.00172331918,0,0,0
74,1,8,0.00137463189,0.00208541728,0.00208541728,0.00208541728,0,0.00317925653,0,0,0
74,2,64,0.00137329451,0.00823974516,0.0109863272,0.0109863272,0,0.00640535023,0,0,0
74,3,512,0.0054931636,0.0164795201,0.0274658166,0.0274658166,0,0.0138458093,0,0,0
74,4,4096,0.0109863272,0.0329589881,0.0494385138,0.0604247376,0,0.0293591325,0,0,0
74,5,32768,0.0219726805,0.0659179613,0.115356557,0.164795041,0,0,0,0,0
75,0,1,0.00274658157,0.00274658157,0.00274658157,0.00274658157,0,0.00206362433,0,0,0
75,1,8,0.00138804293,0.0027559693,0.0027559693,0.0027559693,0,0.0012033066,0,0,0
75,2,64,6.54835491e-11,0.00549852755,0.00826120283,0.00826120283,0,0.0154118575,0,0,0
75,3,512,0.0164794885,0.0274658203,0.0439454094,0.0549316332,0,0.0356747969,0,0,0
75,4,4096,0.0329589806,0.0659179613,0.0933840051,0.120849885,0,0.0734016961,0,0,0
75,5,32768,0.0659179613,0.131835923,0.219726562,0.329589844,0,0,0,0,0
76,0,1,0.0027465818,0.0027465818,0.0027465818,0.0027465818,0,0.00686980737,0,0,0
76,1,8,0.00549182203,0.00824779179,0.00824779179,0.00824779179,0,0.0069099589,0,0,0
76,2,64,0.0054931636,0.0123596173,0.0137329083,0.0137329083,0,0.0138354679,0,0,0
76,3,512,0.0109863272,0.0274658892,0.0439453237,0.0577747747,0,0.02849813,0,0,0
76,4,4096,0.0219726618,0.0549316481,0.097503826,0.115356594,0,0.0575720438,0,0,0
76,5,32768,0.0439453609,0.109863266,0.219726518,0.362548918,0,0,0,0,0
77,0,1,0.0027465818,0.0027465818,0.0027465818,0.0027465818,0,0.00342987454,0,0,0
77,1,8,0.00274255825,0.00411719037,0.00411719037,0.00411719037,0,0.00678079342,0,0,0
77,2,64,0.00686645415,0.0123596182,0.0151061993,0.0164794903,0,0.0162073942,0,0,0
77,3,512,0.0164794717,0.0274658166,0.0398254208,0.0549316332,0,0.0323322182,0,0,0
77,4,4096,0.0281524509,0.0604247972,0.082397446,0.113983154,0,0.0651151869,0,0,0
77,5,32768,0.0604246147,0.118102908,0.170288265,0.241699457,0,0,0,0,0
78,0,1,0.0027465818,0.0027465818,0.0027465818,0.0027465818,0,0.00472135516,0,0,0
78,1,8,0.00411986187,0.00549182203,0.00549182203,0.00549182203,0,0.00474427146,0,0,0
78,2,64,0.00414359337,0.00686645415,0.00823974516,0.00823974516,0,0.0136189516,0,0,0
78,3,512,0.0109863598,0.0247192793,0.0418853872,0.0460052788,0,0.0287442779,0,0,0
78,4,4096,0.0267791711,0.0497817062,0.0755310729,0.0899504051,0,0.0609963695,0,0,0
78,5,32768,0.0549316332,0.109863266,0.175781235,0.241699293,0,0,0,0,0
79,0,1,0.00549316406,0.00549316406,0.00549316406,0.00549316406,0,0.00411484297,0,0,0
79,1,8,0.002746579,0.0054851165,0.0054851165,0.0054851165,0,0.00428950851,0,0,0
79,2,64,0.00411987212,0.00755041745,0.00823974516,0.00961303525,0,0.0121293233,0,0,0
79,3,512,0.0102996863,0.0240326058,0.0398253687,0.0521689579,0,0.0253615687,0,0,0
79,4,4096,0.0219726544,0.0453185812,0.0878906697,0.13458249,0,0.0510944969,0,0,0
79,5,32768,0.0439452939,0.0988769457,0.175780997,0.307617307,0,0,0,0,0
80,0,1,0.00411987258,0.00411987258,0.00411987258,0.00411987258,0,0.00515721412,0,0,0
80,1,8,0.00411986187,0.00619590189,0.00619590189,0.00619590189,0,0.00379670889,0,0,0
80,2,64,0.00274658436,0.0054931636,0.0119894724,0.0123247486,0,0.0149043805,0,0,0
80,3,512,0.0137329083,0.0219726544,0.0357055888,0.040512044,0,0.0303059312,0,0,0
80,4,4096,0.0274658166,0.0542450063,0.0837706923,0.12222296,0,0.0610358982,0,0,0
80,5,32768,0.0549316332,0.109863266,0.175781235,0.307617158,0,0,0,0,0
81,0,1,0.00137329241,0.00137329241,0.00137329241,0.00137329241,0,0.00618249131,0,0,0
81,1,8,0.00549852755,0.00686645415,0.00686645415,0.00686645415,0,0.00561989826,0,0,0
81,2,64,0.00411987258,0.00961303618,0.0123515707,0.0123515707,0,0.0108863517,0,0,0
81,3,512,0.0109863272,0.0164794903,0.0247192364,0.0247567855,0,0.0207258177,0,0,0
81,4,4096,0.01922605,0.0348687135,0.0508118235,0.0563049093,0,0.04002238,0,0,0
81,5,32768,0.0336455666,0.0700377747,0.107116818,0.184021071,0,0,0,0,0
82,0,1,0.00137329078,0.00137329078,0.00137329078,0.00137329078,0,0.00222802744,0,0,0
82,1,8,0.00138314476,0.00340640498,0.00340640498,0.00340640498,0,0.00519334333,0,0,0
82,2,64,0.00411987258,0.00961303525,0.0103130918,0.0103130918,0,0.0133129087,0,0,0
82,3,512,0.0109863272,0.0219726544,0.0343323685,0.0384521447,0,0.0275855249,0,0,0
82,4,4096,0.0247192308,0.0494384691,0.081024155,0.131835923,0,0.0549864906,0,0,0
82,5,32768,0.0473784357,0.0988769382,0.159301668,0.307617158,0,0,0,0,0
83,0,1,0.0027465818,0.0027465818,0.0027465818,0.0027465818,0,0.00411551399,0,0,0
83,1,8,0.00411719037,0.00411719037,0.00411719037,0.00411719037,0,0.00446244233,0,0,0
83,2,64,0.00549316313,0.0109863272,0.0137329083,0.0137329083,0,0.0100469469,0,0,0
83,3,512,0.00961303618,0.0164794903,0.0219726656,0.0274658203,0,0.0193366196,0,0,0
83,4,4096,0.0164794903,0.0348150693,0.0604246669,0.0714110583,0,0.040031032,0,0,0
83,5,32768,0.0329589806,0.076904282,0.12084958,0.20874016,0,0,0,0,0
84,0,1,0.0013732909,0.0013732909,0.0013732909,0.0013732909,0,0.00292193121,0,0,0
84,1,8,0.00276267482,0.0030845399,0.0030845399,0.0030845399,0,0.00776784506,0,0,0
84,2,64,0.00686645415,0.0123596182,0.0123783927,0.0123783927,0,0.0114939974,0,0,0
84,3,512,0.0109863272,0.0164795052,0.0247193202,0.0357055627,0,0.0210152044,0,0,0
84,4,4096,0.0164795499,0.0384521484,0.0659179538,0.0837707296,0,0.0407632663,0,0,0
84,5,32768,0.032959085,0.0769041702,0.119476393,0.178527862,0,0,0,0,0
85,0,1,0.0027465818,0.0027465818,0.0027465818,0.0027465818,0,0.00240560598,0,0,0
85,1,8,0.00207200623,0.00274255825,0.00274255825,0.00274255825,0,0.00669387111,0,0,0
85,2,64,0.0054931636,0.00961303525,0.0123515707,0.0123515707,0,0.0145349404,0,0,0
85,3,512,0.0137328999,0.0219726823,0.0357055627,0.041198723,0,0.026411757,0,0,0
85,4,4096,0.0233459882,0.046691969,0.0686645061,0.0851441696,0,0.0513770465,0,0,0
85,5,32768,0.0439454801,0.093383953,0.140075475,0.192260608,0,0,0,0,0
86,0,1,0.0027465818,0.0027465818,0.0027465818,0.0027465818,0,0.00376850343,0,0,0
86,1,8,0.00274255825,0.00479444815,0.00479444815,0.00479444815,0,0.00328430836,0,0,0
86,2,64,0.0027465818,0.00347702252,0.00962912943,0.00962912943,0,0.00691662501,0,0,0
86,3,512,0.0054931636,0.0137329167,0.0211894475,0.0247299634,0,0.0132924656,0,0,0
86,4,4096,0.0109863272,0.0274658166,0.0439452939,0.0549316332,0,0.0306336938,0,0,0
86,5,32768,0.0233460311,0.0659178868,0.0885773003,0.126342729,0,0,0,0,0
87,0,1,0.0013732909,0.0013732909,0.0013732909,0.0013732909,0,0.00291354931,0,0,0
87,1,8,0.00274255825,0.0030845399,0.0030845399,0.0030845399,0,0.00625348574,0,0,0
87,2,64,0.0068530431,0.0109863272,0.0109863272,0.0109863272,0,0.0125606377,0,0,0
87,3,512,0.0109863272,0.0205993652,0.0288391262,0.0288391262,0,0.0258222724,0,0,0
87,4,4096,0.0219726544,0.0453186147,0.070037894,0.0878906175,0,0.0496714973,0,0,0
87,5,32768,0.0439453088,0.0892638937,0.137329131,0.192260802,0,0,0,0,0
88,0,1,0,0,0,0,0,0.00137329591,0,0,0
88,1,8,0.00137329602,0.00137329602,0.00137329602,0.00137329602,0,0.00219563427,0,0,0
88,2,64,0.0027465818,0.00308988546,0.0051364298,0.0051364298,0,0.01043776,0,0,0
88,3,512,0.00686645973,0.0326370709,0.0378298573,0.0384521261,0,0.0240578106,0,0,0
88,4,4096,0.0199127048,0.0549316332,0.0975037888,0.100250192,0,0.0523170071,0,0,0
88,5,32768,0.0439453088,0.109863296,0.176537439,0.200500712,0,0,0,0,0
89,0,1,0,0,0,0,0,0.00274591125,0,0,0
89,1,8,0.00274255825,0.00274926377,0.00274926377,0.00274926377,0,0.00437744582,0,0,0
89,2,64,0.00276267482,0.00686645415,0.0123596173,0.0123596173,0,0.0111251961,0,0,0
89,3,512,0.00961304642,0.0219726525,0.0274658166,0.0357055627,0,0.0254755594,0,0,0
89,4,4096,0.0219726544,0.0439453907,0.0659179166,0.0823974535,0,0.0510520642,0,0,0
89,5,32768,0.0439453088,0.0878907815,0.142822176,0.208740219,0,0,0,0,0
90,0,1,0,0,0,0,0,0.00138133753,0,0,0
90,1,8,0.00138133741,0.00138804293,0.00138804293,0.00138804293,0,0.00705974112,0,0,0
90,2,64,0.00686645415,0.00961303525,0.0137194972,0.0137194972,0,0.0120272126,0,0,0
90,3,512,0.0109863272,0.0219725911,0.0274658166,0.0329643451,0,0.024810352,0,0,0
90,4,4096,0.0219726544,0.0494384393,0.0659180507,0.076904282,0,0.0473825356,0,0,0
90,5,32768,0.0439453088,0.0878906175,0.120849594,0.164794892,0,0,0,0,0
91,0,1,0.0027465818,0.0027465818,0.0027465818,0.0027465818,0,0.00206127996,0,0,0
91,1,8,0.00137329602,0.00274926377,0.00274926377,0.00274926377,0,0.00161108693,0,0,0
91,2,64,0.0013732909,0.0027465818,0.00549852755,0.00549852755,0,0.00519261204,0,0,0
91,3,512,0.00411987258,0.0109863272,0.0164794903,0.0192260724,0,0.0148004975,0,0,0
91,4,4096,0.0109863486,0.0274658389,0.0549316332,0.082397446,0,0.0316575104,0,0,0
91,5,32768,0.0274658166,0.0604246743,0.109863102,0.186767519,0,0,0,0,0
92,0,1,0.0027465818,0.0027465818,0.0027465818,0.0027465818,0,0.00206127996,0,0,0
92,1,8,0.00137329602,0.00274926377,0.00274926377,0.00274926377,0,0.00227493476,0,0,0
92,2,64,0.00274658157,0.0027465818,0.00686645415,0.00686645415,0,0.00790746042,0,0,0
92,3,512,0.00549318735,0.0164794717,0.0219726544,0.0246494971,0,0.0234187789,0,0,0
92,4,4096,0.0219726544,0.0439454317,0.0659180954,0.0878907144,0,0.0490229825,0,0,0
92,5,32768,0.0439453088,0.0906371847,0.148315459,0.230712906,0,0,0,0,0
93,0,1,0.0027465818,0.0027465818,0.0027465818,0.0027465818,0,0.00188727048,0,0,0
93,1,8,0.00137329602,0.00274926377,0.00274926377,0.00274926377,0,0.000388082066,0,0,0
93,2,64,0,0.0014081595,0.00414401246,0.00414401246,0,0.000730179546,0,0,0
93,3,512,6.54835491e-11,0.0027465818,0.00411987258,0.0110775214,0,0.00144315553,0,0,0
93,4,4096,0,0.00549317943,0.0109863682,0.0219726954,0,0.00936134612,0,0,0
93,5,32768,0.0054931636,0.0329589173,0.0439452715,0.0823973864,0,0,0,0,0
94,0,1,0.0013732909,0.0013732909,0.0013732909,0.0013732909,0,0.00257592229,0,0,0
94,1,8,0.00274656597,0.00274926377,0.00274926377,0.00274926377,0,0.0029609896,0,0,0
94,2,64,0.0027465818,0.0027465818,0.00551193859,0.00551193859,0,0.00712704544,0,0,0
94,3,512,0.00549317524,0.0157928448,0.0219726171,0.0226592682,0,0.0198744001,0,0,0
94,4,4096,0.016479509,0.0343323052,0.0714110583,0.0775909498,0,0.0434523676,0,0,0
94,5,32768,0.038452141,0.0769044682,0.123596333,0.173034653,0,0,0,0,0
95,0,1,0,0,0,0,0,0.00446486892,0,0,0
95,1,8,0.00411986187,0.00549852755,0.00549852755,0.00549852755,0,0.00343264145,0,0,0
95,2,64,0.0027465818,0.0054931636,0.00687986519,0.00687986519,0,0.00861796023,0,0,0
95,3,512,0.00686645601,0.0164794903,0.0219726767,0.0302123949,0,0.0185023734,0,0,0
95,4,4096,0.0123596741,0.0384521596,0.0659179613,0.0885772184,0,0.0409408782,0,0,0
95,5,32768,0.0329589806,0.0878906175,0.137329325,0.184020966,0,0,0,0,0
96,0,1,0.0013732909,0.0013732909,0.0013732909,0.0013732909,0,0.00343490369,0,0,0
96,1,8,0.00276267482,0.00411719037,0.00411719037,0.00411719037,0,0.00416498445,0,0,0
96,2,64,0.0027465818,0.00686645415,0.00961303525,0.00961303525,0,0.009470631,0,0,0
96,3,512,0.00823974516,0.0171661396,0.0274658166,0.0281631909,0,0.0213677221,0,0,0
96,4,4096,0.0164795741,0.0384522304,0.0686645955,0.0810241774,0,0.043408857,0,0,0
96,5,32768,0.0384520739,0.0775909349,0.12084958,0.186767563,0,0,0,0,0
97,0,1,4.19095025e-09,4.19095025e-09,4.19095025e-09,4.19095025e-09,0,0.00206530071,0,0,0
97,1,8,0.00138133741,0.00274926377,0.00274926377,0.00274926377,0,0.00229488099,0,0,0
97,2,64,0.0027465818,0.00411987258,0.00547170546,0.00547170546,0,0.00651213195,0,0,0
97,3,512,0.00549318735,0.0109863272,0.0137329083,0.0164795127,0,0.0167912591,0,0,0
97,4,4096,0.0164794642,0.0329589285,0.0494384728,0.0714111254,0,0.0339820907,0,0,0
97,5,32768,0.0329588987,0.0659179017,0.0933837891,0.131835908,0,0,0,0,0
98,0,1,0.0027465818,0.0027465818,0.0027465818,0.0027465818,0,0.00308922864,0,0,0
98,1,8,0.00274255825,0.00411986187,0.00411986187,0.00411986187,0,0.00403387466,0,0,0
98,2,64,0.0027465818,0.00686645415,0.00960230734,0.00960230734,0,0.00922671415,0,0,0
98,3,512,0.00823974516,0.0164794903,0.0247192346,0.0274658203,0,0.0199861462,0,0,0
98,4,4096,0.0164794922,0.0343322419,0.0549316667,0.0769043192,0,0.0417901397,0,0,0
98,5,32768,0.0329590254,0.0769043043,0.131835997,0.18127422,0,0,0,0,0
99,0,1,6.24500367e-15,6.24500367e-15,6.24500367e-15,6.24500367e-15,0,0.00309459842,0,0,0
99,1,8,0.00207200623,0.00411719037,0.00411719037,0.00411719037,0,0.00356189068,0,0,0
99,2,64,0.00274658226,0.0054931636,0.00962912943,0.00962912943,0,0.00692032946,0,0,0
99,3,512,0.00549316406,0.0137329083,0.0192260705,0.0274658166,0,0.0142560926,0,0,0
99,4,4096,0.0137328915,0.0274657551,0.0439452454,0.0604248643,0,0.0294287037,0,0,0
99,5,32768,0.0274657346,0.0549316332,0.0878906175,0.17578128,0,0,0,0,0
100,0,1,0.0027465818,0.0027465818,0.0027465818,0.0027465818,0,0.00309459842,0,0,0
100,1,8,0.0027559693,0.00344663812,0.00344663812,0.00344663812,0,0.00356406375,0,0,0
100,2,64,0.0027465818,0.00686645415,0.00961571839,0.00961571839,0,0.00827029925,0,0,0
100,3,512,0.00686645415,0.0164794903,0.0219726823,0.0304162465,0,0.018527807,0,0,0
100,4,4096,0.0137329577,0.0384521335,0.0659177825,0.0714112222,0,0.0385106063,0,0,0
100,5,32768,0.0329589732,0.0769042373,0.129089326,0.197067097,0,0,0,0,0
101,0,1,0.0013732909,0.0013732909,0.0013732909,0.0013732909,0,0.00206194795,0,0,0
101,1,8,0.00137463189,0.00274926377,0.00274926377,0.00274926377,0,0.002873861,0,0,0
101,2,64,0.0013732909,0.0054931636,0.00615566876,0.00615566876,0,0.00534059206,0,0,0
101,3,512,0.0054931636,0.0109863272,0.0109863272,0.0117480736,0,0.0106583754,0,0,0
101,4,4096,0.0109862965,0.0219726451,0.0329589769,0.0378727876,0,0.0228437734,0,0,0
101,5,32768,0.0164795816,0.0494383872,0.0878905952,0.142822251,0,0,0,0,0
102,0,1,0.0027465818,0.0027465818,0.0027465818,0.0027465818,0,0.00334491581,0,0,0
102,1,8,0.00274255825,0.00411988841,0.00411988841,0.00411988841,0,0.00306728121,0,0,0
102,2,64,0.0027465818,0.00478229439,0.00549852755,0.00549852755,0,0.00535348105,0,0,0
102,3,512,0.0054931636,0.010327341,0.0116729727,0.0212699138,0,0.0176350701,0,0,0
102,4,4096,0.0151062012,0.0357055515,0.0700377747,0.0851440281,0,0.0349810816,0,0,0
102,5,32768,0.027465824,0.0686644465,0.120849632,0.162048101,0,0,0,0,0
103,0,1,7.80625458e-16,7.80625458e-16,7.80625458e-16,7.80625458e-16,0,0.001374632,0,0,0
103,1,8,0.00137463189,0.00137463189,0.00137463189,0.00137463189,0,0.00218952575,0,0,0
103,2,64,0.0027465818,0.0027465818,0.00344663812,0.00344663812,0,0.00414273596,0,0,0
103,3,512,0.00411987258,0.0061798091,0.0116729727,0.0123596182,0,0.0174342659,0,0,0
103,4,4096,0.0164794866,0.0384521186,0.0604247972,0.0775909349,0,0.0362671404,0,0,0
103,5,32768,0.0302124154,0.0769042447,0.109863438,0.153808668,0,0,0,0,0
104,0,1,0,0,0,0,0,0.00137731666,0,0,0
104,1,8,0.00137329602,0.00138804293,0.00138804293,0.00138804293,0,0.00146146851,0,0,0
104,2,64,0.00139474845,0.0027465818,0.00278949691,0.00278949691,0,0.0048488492,0,0,0
104,3,512,0.00411987258,0.00823977683,0.0164794903,0.0191777926,0,0.0121054972,0,0,0
104,4,4096,0.00823974516,0.0274657961,0.0604248047,0.082397446,0,0.027302927,0,0,0
104,5,32768,0.0219726544,0.0549316853,0.11535649,0.164794683,0,0,0,0,0
105,0,1,0,0,0,0,0,0.00138133753,0,0,0
105,1,8,0.00138133741,0.00138133741,0.00138133741,0.00138133741,0,0.00103164559,0,0,0
105,2,64,6.54835491e-11,0.00276267482,0.00549852755,0.00549852755,0,0.0027732202,0,0,0
105,3,512,0.0027465818,0.00823974516,0.0137329083,0.0164794903,0,0.0124748044,0,0,0
105,4,4096,0.0109863272,0.0302123427,0.0494384691,0.0604247972,0,0.0299163277,0,0,0
105,5,32768,0.0219727363,0.0659179613,0.0988769829,0.186767623,0,0,0,0,0
106,0,1,0.0013732909,0.0013732909,0.0013732909,0.0013732909,0,0.0013806629,0,0,0
106,1,8,0.00137329602,0.00139474845,0.00139474845,0.00139474845,0,0.00266091745,0,0,0
106,2,64,0.0013733746,0.0054931636,0.0054931636,0.0054931636,0,0.00388398682,0,0,0
106,3,512,0.0027465818,0.00823974516,0.0164795108,0.0164795127,0,0.00901342023,0,0,0
106,4,4096,0.00549318222,0.0219726544,0.0494384952,0.0769042894,0,0.0227562416,0,0,0
106,5,32768,0.0192260016,0.0439454429,0.0878907293,0.14282237,0,0,0,0,0
107,0,1,0,0,0,0,0,0.00206530071,0,0,0
107,1,8,0.00138804293,0.00274926377,0.00274926377,0.00274926377,0,0.00334957588,0,0,0
107,2,64,0.0027465818,0.0054931636,0.00551193859,0.00551193859,0,0.00583690694,0,0,0
107,3,512,0.0054931636,0.0109863272,0.0137329083,0.0137329083,0,0.01263519,0,0,0
107,4,4096,0.0109863272,0.0274658147,0.0384521671,0.0494385324,0,0.0268134473,0,0,0
107,5,32768,0.0219726581,0.0549315922,0.0878905281,0.120849647,0,0,0,0,0
108,0,1,0.0013732909,0.0013732909,0.0013732909,0.0013732909,0,0.00137564028,0,0,0
108,1,8,0.00137329602,0.00138133741,0.00138133741,0.00138133741,0,0.000258162596,0,0,0
108,2,64,6.54835491e-11,0.00136792636,0.00276267482,0.00276267482,0,0.000833937859,0,0,0
108,3,512,0.000343322085,0.00274659018,0.00274659158,0.00547170546,0,0.00543350741,0,0,0
108,4,4096,0.0027465818,0.0164794717,0.0219726544,0.0275194608,0,0.0181623342,0,0,0
108,5,32768,0.0164794717,0.0384522378,0.0659179613,0.098876968,0,0,0,0,0
109,0,1,67.2775269,67.2775269,67.2775269,67.2775269,0,67.2775269,0,1,1
109,1,8,67.2775269,67.2775269,67.2775269,67.2775269,0,4.20707636,0,8,0
109,2,64,0.0027465818,0.0054931636,67.3036194,67.3036194,0,1.05505213,0,4,0
109,3,512,0.00274659018,0.00961303525,0.0123596182,134.607208,4,0.275132836,0,4,0
109,4,4096,0.00823975168,0.0274657961,0.0439453796,269.217102,4,0.092781063,0,4,4
109,5,32768,0.0219726544,0.0549316332,0.0878907293,538.442749,4,0,0,4,0
110,0,1,50.6799164,50.6799164,50.6799164,50.6799164,0,55.1820831,0,1,1
110,1,8,16.4767475,93.9111099,93.9111099,93.9111099,0,139.128833,8,4,8
110,2,64,188.484146,195.235275,204.224823,204.226196,44,132.562248,44,48,64
110,3,512,109.072273,207.026337,355.365112,355.421387,336,90.5999168,284,336,336
110,4,4096,108.952766,108.993973,438.450592,687.408997,2128,79.6892981,2092,2128,2128
110,5,32768,108.928062,108.989845,109.022804,1352.17639,16464,0,0,16464,0
111,0,1,12.5505104,12.5505104,12.5505104,12.5505104,0,3.68388128,0,0,0
111,1,8,0,7.41100788,7.41100788,7.41495228,0,50.5370421,0,0,4
111,2,64,46.9775429,83.8270416,86.2178802,86.2700729,0,134.489409,36,28,64
111,3,512,111.007225,271.882721,307.677551,319.963043,300,166.248749,318,492,512
111,4,4096,110.560883,347.132294,444.401001,552.362305,2377,90.0556282,1358,3981,3404
111,5,32768,67.3118439,111.919098,727.02832,897.851868,5636,0,0,20010,0
112,0,1,16.4918556,16.4918556,16.4918556,16.4918556,0,31.7750244,0,0,0
112,1,8,10.5070429,53.280941,53.280941,53.4622116,0,40.7624722,0,4,4
112,2,64,45.4517975,53.4622116,53.4622116,53.4622116,0,71.4620935,16,32,32
112,3,512,56.9751015,138.533478,220.766129,260.940369,122,84.038716,162,295,377
112,4,4096,74.1055069,143.388031,285.420624,583.424744,1388,107.659845,1677,2666,3082
112,5,32768,85.5546646,180.291092,593.531677,1401.42126,13478,0,0,22847,0
113,0,1,11.3571148,11.3571148,11.3571148,11.3571148,0,22.739275,0,0,0
113,1,8,9.30596828,36.3331528,36.3331528,36.4086876,0,47.4325542,0,0,4
113,2,64,23.7702923,128.345016,180.21283,180.703079,16,71.2720736,24,20,32
113,3,512,48.2972717,165.482941,193.934418,194.606491,161,89.9654242,167,254,390
113,4,4096,74.8704224,183.588394,303.857361,431.791138,1409,101.667131,1464,3030,3269
113,5,32768,73.1497116,212.975433,450.9599,1343.1554,11259,0,0,23193,0
114,0,1,20.1255646,20.1255646,20.1255646,20.1255646,0,19.2714043,0,0,0
114,1,8,5.50967884,33.462986,33.462986,33.8598595,0,21.021266,0,0,0
114,2,64,11.5905743,44.6099854,47.423851,48.7806664,0,31.4140979,0,0,16
114,3,512,23.4146214,63.8214798,106.534431,108.112297,13,83.4805631,156,91,345
114,4,4096,63.0864601,185.386047,369.654114,574.602722,1048,107.808885,1545,2579,3666
114,5,32768,77.6705704,225.589096,407.875641,577.437317,12389,0,0,25633,0
115,0,1,3.78890133,3.78890133,3.78890133,3.78890133,0,7.32386971,0,0,0
115,1,8,7.15536642,11.0124178,11.0124178,11.2692261,0,16.4707547,0,0,0
115,2,64,18.062851,24.3360806,31.3577251,31.4826927,0,17.4415962,0,0,0
115,3,512,15.2764874,26.1296215,54.8945656,62.019207,0,35.6398929,7,10,118
115,4,4096,27.1830044,80.282692,125.349854,260.753601,195,97.4985971,1188,1078,2611
115,5,32768,56.7759743,224.056534,635.202332,1087.03418,9609,0,0,18479,0
116,0,1,3.43596292,3.43596292,3.43596292,3.43596292,0,6.47764587,0,0,0
116,1,8,3.58568382,9.75035858,9.75035858,10.0689707,0,12.1817946,0,0,0
116,2,64,12.028656,16.9656315,21.8243542,22.0014877,0,25.1196404,0,0,0
116,3,512,22.1470566,44.1032333,59.5404053,75.6765594,0,42.4990438,4,28,159
116,4,4096,36.54739,80.8497543,133.301208,258.206146,163,124.058627,1531,1362,3083
116,5,32768,69.1427917,261.727234,801.766724,1475.91443,11298,0,0,22085,0
117,0,1,1.53261399,1.53261399,1.53261399,1.53261399,0,1.74496293,0,0,0
117,1,8,1.71357012,2.27006054,2.27006054,2.65871239,0,5.93528163,0,0,0
117,2,64,4.95623875,9.18184376,11.8652592,15.2146807,0,12.8663234,0,0,0
117,3,512,12.1333694,20.1204948,31.6239643,43.5456848,0,29.509288,0,0,60
117,4,4096,22.0016518,69.4740829,136.355438,212.235229,153,105.62745,1050,712,2303
117,5,32768,49.8409081,226.649307,1042.13013,1728.67944,7518,0,0,16346,0
118,0,1,5.41562748,5.41562748,5.41562748,5.41562748,0,2.91377664,0,0,0
118,1,8,2.23296547,5.71352291,5.71352291,6.21824455,0,6.73131436,0,0,0
118,2,64,5.86808252,9.98317719,14.5898609,16.3826828,0,16.0653093,0,0,0
118,3,512,13.0776377,25.372942,64.0036163,85.1083298,0,38.7855164,9,17,125
118,4,4096,25.7371635,94.1830444,174.056381,327.401459,357,139.175342,1472,1035,2827
118,5,32768,66.2323151,364.480896,1090.70386,1643.66614,10967,0,0,20066,0
119,0,1,1.5339551,1.5339551,1.5339551,1.5339551,0,2.53637028,0,0,0
119,1,8,2.21758986,3.44277573,3.44277573,4.50310659,0,6.55024722,0,0,0
119,2,64,5.68542385,10.8489437,13.3882713,14.8151255,0,16.6691765,0,0,0
119,3,512,13.6752949,28.5615158,56.2101631,91.7358551,0,42.2356246,31,12,120
119,4,4096,28.1799545,85.1343765,277.743958,502.621643,280,118.777703,1402,1124,2891
119,5,32768,65.3947144,293.275818,779.654236,1674.83936,10416,0,0,20421,0
120,0,1,3.82190585,3.82190585,3.82190585,3.82190585,0,4.084373,0,0,0
120,1,8,3.8973968,4.58815908,4.58815908,5.57589626,0,9.11823982,0,0,0
120,2,64,9.01570797,13.0709391,15.7749815,16.9560108,0,17.9487152,0,0,0
120,3,512,15.8450403,29.0767517,55.4013138,104.566498,1,39.5013695,10,12,127
120,4,4096,32.2133713,81.7464752,139.768021,256.457947,235,108.05059,1565,1131,2906
120,5,32768,68.1399536,250.425293,567.936951,1060.08435,11571,0,0,20527,0
121,0,1,3.607651,3.607651,3.607651,3.607651,0,5.81166363,0,0,0
121,1,8,3.99817824,8.44166183,8.44166183,10.3972063,0,8.1330778,0,0,0
121,2,64,6.77773476,14.1503668,17.0287533,17.9557247,0,22.9468812,0,0,1
121,3,512,19.5927391,41.3653526,75.7630615,109.611969,2,45.1311004,19,32,169
121,4,4096,36.636261,88.3369293,167.463272,287.727722,297,99.2084075,1581,1404,3153
121,5,32768,74.0263062,202.269547,407.346924,1548.49939,11817,0,0,22701,0
122,0,1,3.86444569,3.86444569,3.86444569,3.86444569,0,3.68250871,0,0,0
122,1,8,3.4940989,4.35761833,4.35761833,7.16307974,0,6.55398732,0,0,0
122,2,64,5.81041479,11.2431746,14.3026247,14.7326746,0,18.2966249,0,0,0
122,3,512,15.0567932,33.693985,60.8920975,82.4696732,0,39.5939749,11,12,126
122,4,4096,31.172308,80.1956406,156.666382,348.610962,212,86.6499842,1252,1159,2935
122,5,32768,65.0899048,179.151367,388.830841,815.117493,9587,0,0,20948,0
123,0,1,1.69738877,1.69738877,1.69738877,1.69738877,0,3.14314365,0,0,0
123,1,8,2.83746338,3.99902558,3.99902558,4.72220039,0,5.47106969,0,0,0
123,2,64,4.88837576,8.86186028,9.81354427,10.6320601,0,14.7754584,0,0,0
123,3,512,12.6754675,26.499012,44.9574165,70.2080994,0,40.7348818,20,4,143
123,4,4096,32.4557228,85.6466522,175.525528,288.994049,284,98.5206196,1567,1161,2888
123,5,32768,67.8089981,215.293488,452.191742,1500.96692,11349,0,0,20889,0
124,0,1,2.55157161,2.55157161,2.55157161,2.55157161,0,2.6773963,0,0,0
124,1,8,2.63946438,3.59252691,3.59252691,3.92897964,0,5.72847044,0,0,0
124,2,64,5.36270046,8.29601765,10.3567514,10.7391109,0,13.8902513,0,0,0
124,3,512,12.0526152,25.8878994,39.2280655,63.2331772,0,40.6897885,19,2,132
124,4,4096,29.3815575,86.6240845,187.807068,306.631042,300,104.572154,1647,1093,2890
124,5,32768,68.3143539,235.679535,513.99054,1120.1687,11588,0,0,20705,0
125,0,1,1.58568406,1.58568406,1.58568406,1.58568406,0,3.15310359,0,0,0
125,1,8,2.35946178,4.03884983,4.03884983,7.33062553,0,5.87114209,0,0,0
125,2,64,6.08645105,9.16671658,13.3209743,16.0963631,0,14.3479928,0,0,0
125,3,512,12.9460087,24.0088253,38.6073341,84.6771088,0,42.584499,34,1,143
125,4,4096,30.664217,93.3727951,194.266876,365.118011,369,104.335276,1660,1170,2872
125,5,32768,65.7641602,248.995438,532.437317,1101.79834,11486,0,0,20248,0
126,0,1,3.27069569,3.27069569,3.27069569,3.27069569,0,5.11305857,0,0,0
126,1,8,4.43160868,6.73320198,6.73320198,7.73265839,0,8.26330513,0,0,0
126,2,64,7.05047703,14.7573509,19.9263954,20.8492908,0,17.013366,0,0,1
126,3,512,14.1668892,31.4126339,57.4878731,93.4576416,0,45.9774795,37,11,148
126,4,4096,33.0977287,96.8349228,227.673538,446.156647,378,107.098506,1608,1177,2880
126,5,32768,65.0177612,252.940964,541.269226,1852.37036,11470,0,0,20234,0
127,0,1,2.85781956,2.85781956,2.85781956,2.85781956,0,3.57988501,0,0,0
127,1,8,2.97866988,5.42173624,5.42173624,5.46981478,0,7.70101443,0,0,0
127,2,64,6.98043442,14.2753582,22.1731529,22.4024944,0,21.9818609,0,0,5
127,3,512,15.2489996,48.559536,99.1116562,105.678452,6,55.7634062,88,52,194
127,4,4096,34.7361336,141.374802,264.705933,461.336456,671,102.164723,1564,1499,2707
127,5,32768,60.05093,242.882706,548.150269,1115.72095,11284,0,0,18789,0
128,0,1,9.93402195,9.93402195,9.93402195,9.93402195,0,19.5343647,0,0,0
128,1,8,20.6488228,28.4792614,28.4792614,31.861721,0,25.4532452,0,0,2
128,2,64,18.6767483,65.5627975,72.8799515,75.3363953,0,40.1636981,4,9,20
128,3,512,22.3297062,98.0396042,171.305649,209.398987,48,61.1434783,86,146,213
128,4,4096,40.1879616,131.470154,322.115204,586.253479,698,111.877758,1481,1616,2702
128,5,32768,58.6761169,281.391663,652.017883,1399.84729,10575,0,0,18633,0
129,0,1,6.12994814,6.12994814,6.12994814,6.12994814,0,11.0602932,0,0,0
129,1,8,9.06509113,11.7344618,11.7344618,30.4843063,0,41.9731936,0,0,4
129,2,64,22.6800938,101.836754,150.404037,152.424286,9,55.6337302,11,21,31
129,3,512,31.374197,128.210434,251.128189,284.88504,104,75.8619939,121,209,314
129,4,4096,55.3409119,167.126755,373.649506,620.601257,912,129.136569,1544,2272,3284
129,5,32768,69.7796402,327.249786,794.949219,1456.42859,10289,0,0,24189,0
130,0,1,7.3731904,7.3731904,7.3731904,7.3731904,0,10.1649475,0,0,0
130,1,8,9.08705425,13.7947063,13.7947063,15.7640057,0,20.3915098,0,0,0
130,2,64,15.7955942,39.7430382,64.7534103,72.0194855,0,26.7238252,1,4,5
130,3,512,22.0687828,50.5169868,120.185799,145.386261,11,49.1861338,45,54,146
130,4,4096,32.2695885,97.0202408,308.004395,471.890259,391,125.288972,1351,1118,2164
130,5,32768,48.0201378,348.769135,958.04364,1665.47607,8824,0,0,15897,0
131,0,1,5.96557379,5.96557379,5.96557379,5.96557379,0,6.21311092,0,0,0
131,1,8,5.35171509,9.51827335,9.51827335,9.87121201,0,10.761915,0,0,0
131,2,64,8.10379028,20.7145195,24.477541,25.7093792,0,16.9723194,0,0,0
131,3,512,11.8885784,37.510231,70.4086227,105.741997,1,47.9745289,55,22,128
131,4,4096,22.4162273,97.4940491,462.891052,878.319458,402,119.091976,1262,977,1928
131,5,32768,38.2310219,385.230072,980.857727,1933.79797,7762,0,0,13728,0
132,0,1,3.46344209,3.46344209,3.46344209,3.46344209,0,5.95081282,0,0,0
132,1,8,4.16931057,8.78356934,8.78356934,10.7130432,0,8.12062424,0,0,0
132,2,64,6.3667264,14.898838,17.4037247,20.1997375,0,12.6623305,0,0,0
132,3,512,10.1637402,24.0123863,54.2573509,87.2190781,0,49.8111425,80,10,128
132,4,4096,17.0439548,137.195053,432.616821,877.373596,527,119.516458,1212,937,1729
132,5,32768,26.2552834,381.316742,1205.77563,2439.09741,7444,0,0,11777,0
133,0,1,2.30026221,2.30026221,2.30026221,2.30026221,0,4.8597331,0,0,0
133,1,8,4.84908772,6.43386745,6.43386745,7.20565653,0,11.9682429,0,0,0
133,2,64,14.8150587,20.9234562,23.9639225,25.0804119,0,20.7329846,1,0,4
133,3,512,14.5733652,37.2065659,114.835304,184.291153,10,41.4384695,66,37,109
133,4,4096,19.3496456,110.757271,331.917297,696.141418,456,81.9231748,990,797,1561
133,5,32768,25.2857952,243.40123,723.995789,1851.52393,6535,0,0,10033,0
134,0,1,1.71838653,1.71838653,1.71838653,1.71838653,0,2.81236982,0,0,0
134,1,8,2.26455784,4.23797512,4.23797512,5.74310064,0,6.25762314,0,0,0
134,2,64,4.7779274,13.0270348,16.3064613,18.6767559,0,11.0001306,0,0,0
134,3,512,7.80303955,23.3541851,50.7994003,70.1405945,0,24.8975896,12,7,64
134,4,4096,14.836072,59.5417747,150.499954,283.526947,130,53.6840592,777,539,1307
134,5,32768,17.6979713,152.699295,433.158813,923.364685,5399,0,0,9275,0
135,0,1,1.39251697,1.39251697,1.39251697,1.39251697,0,2.98277068,0,0,0
135,1,8,2.89627028,3.22723436,3.22723436,3.48403764,0,6.59679759,0,0,0
135,2,64,5.24047565,13.0888348,19.7396812,29.8841839,0,14.9589131,0,0,0
135,3,512,11.5054293,32.3140907,53.9073639,77.5936813,0,32.0992843,30,16,110
135,4,4096,17.6330547,80.7546234,196.675858,373.731293,292,44.1974709,573,827,1149
135,5,32768,18.4954777,120.846077,330.756989,1032.75195,4157,0,0,7934,0
136,0,1,1.4859004,1.4859004,1.4859004,1.4859004,0,3.57792497,0,0,0
136,1,8,3.578794,4.12948656,4.12948656,4.60601759,0,6.01424861,0,0,0
136,2,64,5.50140429,10.9822025,15.7694988,15.7804842,0,13.0798931,0,0,0
136,3,512,9.81453323,28.9173813,47.0873947,69.5858231,0,27.5659809,29,4,98
136,4,4096,11.0323324,74.6061783,202.885513,347.819824,276,31.0437313,294,614,709
136,5,32768,11.4450703,76.0967865,298.696594,746.563904,2429,0,0,4657,0
137,0,1,7.06356382,7.06356382,7.06356382,7.06356382,0,4.86864567,0,0,0
137,1,8,1.90875769,9.78607178,9.78607178,15.6184368,0,8.13297835,0,0,0
137,2,64,4.76523447,13.0531311,36.0543747,49.439846,0,16.9276073,0,0,1
137,3,512,11.6121006,36.0323982,80.6450653,157.984741,4,20.1610425,2,28,33
137,4,4096,14.6559935,43.5800095,108.028458,221.688995,48,22.5476512,74,330,341
137,5,32768,14.5541372,43.9449272,147.206482,1007.66907,784,0,0,2621,0
138,0,1,2.89817286,2.89817286,2.89817286,2.89817286,0,3.39896369,0,0,0
138,1,8,2.61262107,5.77962494,5.77962494,7.01106644,0,7.30759424,0,0,0
138,2,64,6.70440531,12.1055584,19.8371868,22.8735294,0,12.107108,0,0,0
138,3,512,9.3855381,23.3129826,88.7571487,93.7188492,0,14.43416,2,12,27
138,4,4096,7.68768263,31.3187923,101.659233,266.782349,48,15.2336623,74,248,277
138,5,32768,7.12875223,32.8601036,136.115082,543.536133,670,0,0,1944,0
139,0,1,4.05120945,4.05120945,4.05120945,4.05120945,0,4.46714354,0,0,0
139,1,8,2.95944142,6.75247383,6.75247383,6.79778624,0,4.77565326,0,0,0
139,2,64,3.8259871,10.1747169,10.8311472,11.1662226,0,5.41492311,0,0,0
139,3,512,3.64883399,12.5752306,20.9660263,23.0094872,0,6.54503895,0,0,0
139,4,4096,3.33572292,14.504694,49.8312263,147.774536,2,8.82266934,46,41,127
139,5,32768,3.23272729,14.7889671,116.16851,626.676575,384,0,0,802,0
140,0,1,3.14895654,3.14895654,3.14895654,3.14895654,0,3.29383636,0,0,0
140,1,8,2.07916093,4.59365129,4.59365129,4.64721489,0,3.96657908,0,0,0
140,2,64,3.01849389,6.92550945,8.04336071,8.58993435,0,4.68734328,0,0,0
140,3,512,2.76306129,9.01290894,19.969017,39.4038315,0,5.82495182,0,0,4
140,4,4096,2.91687012,10.2763329,53.062603,103.579651,1,7.82011438,44,47,144
140,5,32768,2.85919166,10.799551,105.836227,357.485413,361,0,0,1097,0
141,0,1,0.873414338,0.873414338,0.873414338,0.873414338,0,1.73546386,0,0,0
141,1,8,1.31973219,2.55020213,2.55020213,2.89901662,0,3.04873314,0,0,0
141,2,64,2.49801469,5.40252495,7.19741678,7.59429646,0,4.13178352,0,0,0
141,3,512,3.26880527,9.08294392,13.1017609,19.7039738,0,4.75851215,0,0,3
141,4,4096,1.6136167,10.0174885,47.4596252,165.904968,5,5.52700981,26,34,98
141,5,32768,1.58340502,7.13287115,86.5883179,589.694336,235,0,0,718,0
142,0,1,1.54769981,1.54769981,1.54769981,1.54769981,0,1.19224584,0,0,0
142,1,8,0.362549126,2.16842651,2.16842651,3.65844703,0,1.98062912,0,0,0
142,2,64,1.57149935,3.42086554,5.73760653,8.30428886,0,2.14135211,0,0,0
142,3,512,1.6883539,4.43710232,7.62862873,11.1138964,0,2.88453681,0,0,0
142,4,4096,1.26710224,5.93536139,27.9437923,91.481575,0,4.27903715,17,7,71
142,5,32768,1.18684006,6.58492947,71.1872711,602.503601,170,0,0,478,0
143,0,1,1.00799584,1.00799584,1.00799584,1.00799584,0,1.62663078,0,0,0
143,1,8,1.1837765,2.35519385,2.35519385,2.71224928,0,1.79739584,0,0,0
143,2,64,1.82784975,2.98965335,4.14047194,4.54971266,0,2.17607999,0,0,0
143,3,512,1.43463969,5.00427055,9.1777029,16.5191097,0,2.71572999,0,0,1
143,4,4096,0.914611757,5.75958061,25.8432884,192.129227,3,3.48074641,17,12,50
143,5,32768,0.874786437,5.6579566,55.9149094,431.65271,133,0,0,375,0
144,0,1,1.32522559,1.32522559,1.32522559,1.32522559,0,1.61241508,0,0,0
144,1,8,1.0395813,2.47879004,2.47879004,2.53234863,0,1.708981,0,0,0
144,2,64,1.56692493,2.94571042,3.773803,4.20639038,0,2.4048937,0,0,0
144,3,512,1.37878406,3.97155976,19.0434265,30.1588421,0,2.82409223,0,0,0
144,4,4096,1.30325317,5.14159966,25.8700542,102.975304,1,3.74214714,8,1,23
144,5,32768,1.29089332,5.62242746,36.0804749,645.410217,79,0,0,185,0
145,0,1,0.790041089,0.790041089,0.790041089,0.790041089,0,2.36978149,0,0,0
145,1,8,1.54220569,3.4332273,3.4332273,4.23248196,0,3.06848866,0,0,0
145,2,64,2.5699873,5.25695801,7.69033384,8.33312893,0,5.09078898,0,0,0
145,3,512,2.93884182,13.1203995,23.3280869,45.317955,0,4.56816343,0,0,3
145,4,4096,1.58065784,11.7203617,47.0366173,200.122589,6,4.41223785,23,39,49
145,5,32768,1.51611304,5.29782629,59.3107224,623.971497,164,0,0,419,0
146,0,1,0.541076303,0.541076303,0.541076303,0.541076303,0,0.761833012,0,0,0
146,1,8,0.677032292,1.24969471,1.24969471,1.49002051,0,2.57024518,0,0,0
146,2,64,1.94869959,3.96057057,10.579833,12.4406404,0,3.92820382,0,0,0
146,3,512,2.96453547,8.8426199,15.4234238,24.8950157,0,4.92544664,0,0,0
146,4,4096,3.28329849,11.1024914,26.3023815,94.3870316,0,5.7647194,5,4,30
146,5,32768,3.26341724,12.2813396,38.8531456,645.424011,49,0,0,215,0
147,0,1,0.975036502,0.975036502,0.975036502,0.975036502,0,1.75445676,0,0,0
147,1,8,1.36505139,2.51096964,2.51096964,2.60650635,0,2.52783471,0,0,0
147,2,64,2.0709219,4.21896267,8.25447845,9.03912258,0,3.57724782,0,0,0
147,3,512,2.52960229,7.64529371,14.7780542,26.5764141,0,3.90708001,0,0,2
147,4,4096,2.33459496,7.56271172,28.2534733,190.160233,2,4.16316516,9,18,36
147,5,32768,2.26318288,6.76422071,37.5567627,670.157288,89,0,0,257,0
148,0,1,0.37765497,0.37765497,0.37765497,0.37765497,0,0.392419159,0,0,0
148,1,8,0.315858573,0.539705634,0.539705634,0.7196064,0,0.841605827,0,0,0
148,2,64,0.623472691,1.65893602,2.05178308,2.16049695,0,1.35681977,0,0,0
148,3,512,1.07253981,2.21237111,5.25146389,10.8719807,0,1.77251405,0,0,0
148,4,4096,1.07665956,3.12377238,14.5073528,90.5383682,0,2.37060083,4,2,26
148,5,32768,1.06292582,3.30872321,31.1813564,601.330444,53,0,0,200,0
149,0,1,0.351579994,0.351579994,0.351579994,0.351579994,0,1.44505668,0,0,0
149,1,8,0.759429872,2.33459449,2.33459449,2.36206031,0,1.80543403,0,0,0
149,2,64,1.69906092,3.18191504,5.18117905,6.84793949,0,2.66553302,0,0,0
149,3,512,1.69461167,6.55386639,14.1747017,24.0202675,0,2.51701057,0,0,1
149,4,4096,0.589740932,6.48225784,28.9845562,154.086456,3,2.66416101,12,12,34
149,5,32768,0.563049674,4.35058546,33.6024284,634.751831,104,0,0,240,0
150,0,1,0.442199826,0.442199826,0.442199826,0.442199826,0,0.888288975,0,0,0
150,1,8,0.788268447,1.51473963,1.51473963,1.65893555,0,2.33173904,0,0,0
150,2,64,1.88964832,3.58428741,10.9200706,11.9458208,0,4.32267312,0,0,0
150,3,512,2.34969997,10.846034,23.9900169,65.3442764,0,4.59909758,0,1,4
150,4,4096,1.39133048,11.249999,42.8728561,195.01326,7,4.83361293,18,34,49
150,5,32768,1.35406482,10.626524,56.3447495,445.472137,138,0,0,386,0
151,0,1,0.556014955,0.556014955,0.556014955,0.556014955,0,1.52659929,0,0,0
151,1,8,1.35681164,2.17666602,2.17666602,2.35141635,0,3.15709579,0,0,0
151,2,64,2.78091383,5.539855,10.8078814,11.891324,0,4.54217377,0,0,0
151,3,512,3.71063209,8.31802177,16.2927246,28.8695202,0,5.08443594,0,0,2
151,4,4096,3.87405133,9.76272297,23.3912239,211.994522,5,5.43281353,8,8,24
151,5,32768,3.76281691,9.97558403,29.7509708,419.632355,69,0,0,169,0
152,0,1,0.0494385548,0.0494385548,0.0494385548,0.0494385548,0,0.392265022,0,0,0
152,1,8,0.197754219,0.692138493,0.692138493,0.712202072,0,1.35759195,0,0,0
152,2,64,0.818481445,3.03579044,6.99069929,7.01578093,0,2.04845426,0,0,0
152,3,512,1.35887861,4.54645205,10.2653503,17.8336334,0,2.44914456,0,0,0
152,4,4096,1.47619879,5.25421047,15.6137266,42.0022202,0,3.04450875,4,0,16
152,5,32768,1.49196362,5.55084085,23.1731644,632.478638,56,0,0,141,0
153,0,1,0.28063044,0.28063044,0.28063044,0.28063044,0,0.926393747,0,0,0
153,1,8,0.517730832,1.39114392,1.39114392,1.51151681,0,1.17651563,0,0,0
153,2,64,0.814361513,2.30438209,5.93351841,5.93958855,0,1.42478246,0,0,0
153,3,512,0.664960742,3.78304243,7.78229618,16.1003456,0,1.55471231,0,0,1
153,4,4096,0.347300977,3.79596138,14.8283958,174.782318,3,1.76314707,7,6,23
153,5,32768,0.328216642,3.40148044,17.9680214,398.827026,59,0,0,152,0
154,0,1,0.111236222,0.111236222,0.111236222,0.111236222,0,0.2168293,0,0,0
154,1,8,0.16891481,0.314055562,0.314055562,0.394220442,0,0.834507626,0,0,0
154,2,64,0.532834172,1.59209192,4.71109056,4.74470043,0,1.31850786,0,0,0
154,3,512,0.904111147,2.6482451,6.33369017,10.9748068,0,1.65285057,0,0,0
154,4,4096,0.991516173,3.52608252,11.2834721,27.7097301,0,2.09066948,3,0,9
154,5,32768,0.988769412,3.8355701,16.3278904,577.754272,31,0,0,86,0
155,0,1,0.251193911,0.251193911,0.251193911,0.251193911,0,1.48332584,0,0,0
155,1,8,0.571288884,2.5103755,2.5103755,2.61474586,0,2.01690121,0,0,0
155,2,64,1.3980099,4.06768703,8.108284,8.3786068,0,2.63276177,0,0,0
155,3,512,1.34445202,6.68587208,15.1201668,22.2512341,0,2.75456396,0,0,2
155,4,4096,0.803375125,6.61959982,25.8219604,171.16716,4,3.02590245,12,10,26
155,5,32768,0.764922738,6.30520964,26.755661,628.604248,89,0,0,187,0
156,0,1,0.0576781742,0.0576781742,0.0576781742,0.0576781742,0,0.240738004,0,0,0
156,1,8,0.231067985,0.305767328,0.305767328,0.311768144,0,0.882163528,0,0,0
156,2,64,0.52734381,1.83746207,4.8829298,4.89328098,0,1.40991556,0,0,0
156,3,512,0.987396002,2.76911736,6.25945807,8.84031487,0,1.74081204,0,0,0
156,4,4096,1.06018043,3.5666976,11.0563641,27.7834167,0,2.18021849,3,0,12
156,5,32768,1.05750942,3.80997944,17.3686428,598.143127,30,0,0,101,0
157,0,1,0.328756064,0.328756064,0.328756064,0.328756064,0,1.50014853,0,0,0
157,1,8,0.556182563,2.50900221,2.50900221,2.62435913,0,2.11052661,0,0,0
157,2,64,1.58109403,4.31487989,8.39219093,8.86490536,0,2.73950159,0,0,0
157,3,512,1.39922082,6.88866806,15.6705189,22.7201195,0,2.9042071,0,0,2
157,4,4096,0.924116254,6.71880627,26.4333973,164.132935,4,3.19073379,12,12,25
157,5,32768,0.895385802,6.48851967,26.9830475,617.362,91,0,0,185,0
158,0,1,0.0802037492,0.0802037492,0.0802037492,0.0802037492,0,0.252910018,0,0,0
158,1,8,0.224494845,0.353082448,0.353082448,0.365930051,0,0.865571961,0,0,0
158,2,64,0.488512903,1.88415432,4.7681632,4.77844858,0,1.37139013,0,0,0
158,3,512,0.948943615,2.73232412,6.14015388,8.91598034,0,1.70501787,0,0,0
158,4,4096,1.03485918,3.54273582,10.5688477,27.335247,0,2.13941115,3,0,10
158,5,32768,1.03004885,3.79852033,17.2548237,586.532166,28,0,0,91,0
159,0,1,0.350242436,0.350242436,0.350242436,0.350242436,0,1.48744559,0,0,0
159,1,8,0.571288884,2.49389625,2.49389625,2.61749244,0,2.10523041,0,0,0
159,2,64,1.54357886,4.3135066,8.39634705,8.98622417,0,2.7238328,0,0,0
159,3,512,1.37158585,6.87781954,15.758666,22.7842922,0,2.87396365,0,0,2
159,4,4096,0.895385802,6.76894999,26.2101078,160.17955,4,3.15772152,12,10,26
159,5,32768,0.862426698,6.51883793,27.0209045,601.755798,90,0,0,187,0
160,0,1,0.0432515591,0.0432515591,0.0432515591,0.0432515591,0,0.231209055,0,0,0
160,1,8,0.186767638,0.341736585,0.341736585,0.354130208,0,0.842493307,0,0,0
160,2,64,0.479278624,1.7372129,4.71013451,4.71521997,0,1.34691757,0,0,0
160,3,512,0.943863332,2.64711261,6.0768981,8.69137859,0,1.67339357,0,0,0
160,4,4096,1.03142428,3.47991753,10.3864813,28.3855591,0,2.0975085,3,0,10
160,5,32768,1.02172875,3.70376563,17.0440655,569.322754,27,0,0,84,0
161,0,1,0.333563298,0.333563298,0.333563298,0.333563298,0,1.47645926,0,0,0
161,1,8,0.572662473,2.48428273,2.48428273,2.60101271,0,2.08309574,0,0,0
161,2,64,1.52847254,4.24484205,8.31746674,8.88153362,0,2.69388166,0,0,0
161,3,512,1.34719837,6.82937527,15.6232891,22.678278,0,2.83366165,0,0,2
161,4,4096,0.870666504,6.71539211,25.8940392,157.454865,4,3.10988316,12,10,25
161,5,32768,0.835035682,6.4695735,26.7493935,587.869568,90,0,0,187,0
162,0,1,0.041198723,0.041198723,0.041198723,0.041198723,0,0.226208746,0,0,0
162,1,8,0.192260712,0.31952548,0.31952548,0.331669807,0,0.828902159,0,0,0
162,2,64,0.47241196,1.69738793,4.71106243,4.72130251,0,1.32835679,0,0,0
162,3,512,0.929175317,2.5811615,6.05645657,8.77292156,0,1.64856117,0,0,0
162,4,4096,1.01069975,3.41641998,10.2929468,28.6056747,0,2.0649635,3,0,10
162,5,32768,1.0052489,3.64090872,16.8388119,555.315552,27,0,0,84,0
163,0,1,0.319110543,0.319110543,0.319110543,0.319110543,0,1.46135306,0,0,0
163,1,8,0.554809391,2.4499507,2.4499507,2.5721736,0,2.0670942,0,0,0
163,2,64,1.53945911,4.21874905,8.23434639,8.77939606,0,2.67733053,0,0,0
163,3,512,1.33738458,6.80770016,15.4647112,22.5349388,0,2.81034697,0,0,2
163,4,4096,0.867919743,6.65736294,25.6734447,155.080719,4,3.07942529,12,10,25
163,5,32768,0.829564095,6.40965271,26.4869537,576.430054,89,0,0,183,0
164,0,1,0.0480649695,0.0480649695,0.0480649695,0.0480649695,0,0.225577459,0,0,0
164,1,8,0.210112914,0.309895009,0.309895009,0.320650607,0,0.82213692,0,0,0
164,2,64,0.463428408,1.70974791,4.6745491,4.68549585,0,1.31089243,0,0,0
164,3,512,0.909119129,2.57707858,6.00448895,8.80125237,0,1.62600233,0,0,0
164,4,4096,0.992889285,3.38840103,10.2394991,28.4151039,0,2.03708341,3,0,9
164,5,32768,0.983431935,3.60544801,16.6671658,543.601624,27,0,0,82,0
165,0,1,0.318250716,0.318250716,0.318250716,0.318250716,0,1.45311332,0,0,0
165,1,8,0.552062869,2.44033766,2.44033766,2.552948,0,2.05456612,0,0,0
165,2,64,1.53121948,4.18990993,8.17809296,8.70142555,0,2.66397361,0,0,0
165,3,512,1.33646023,6.75796366,15.3532391,22.4210968,0,2.79130238,0,0,2
165,4,4096,0.86242646,6.60615921,25.4817524,152.611938,4,3.0554317,12,10,25
165,5,32768,0.823974311,6.36123419,26.2996616,566.778564,88,0,0,183,0
166,0,1,0.0466918051,0.0466918051,0.0466918051,0.0466918051,0,0.22091873,0,0,0
166,1,8,0.199127167,0.310748369,0.310748369,0.326152682,0,0.815469496,0,0,0
166,2,64,0.448327988,1.69463956,4.62955856,4.63776493,0,1.29832735,0,0,0
166,3,512,0.899505913,2.55236745,5.92901707,8.79883766,0,1.61014434,0,0,0
166,4,4096,0.979397476,3.33506441,10.093688,28.1589527,0,2.01630208,3,0,8
166,5,32768,0.97230345,3.5723927,16.4602642,533.77301,27,0,0,80,0
167,0,1,0.323412389,0.323412389,0.323412389,0.323412389,0,1.44882178,0,0,0
167,1,8,0.550689697,2.43347144,2.43347144,2.54882765,0,2.046103,0,0,0
167,2,64,1.53533876,4.17755079,8.14830399,8.66950989,0,2.64860611,0,0,0
167,3,512,1.34388232,6.73133707,15.297965,22.3569469,0,2.76979834,0,0,2
167,4,4096,0.848693788,6.59316921,25.3411465,149.970688,4,3.0303859,12,10,25
167,5,32768,0.810062051,6.33141804,26.0777225,557.439392,88,0,0,183,0
168,0,1,0.0411985144,0.0411985144,0.0411985144,0.0411985144,0,0.21940957,0,0,0
168,1,8,0.196380422,0.312792063,0.312792063,0.326821774,0,0.805596765,0,0,0
168,2,64,0.435333163,1.66992211,4.5981245,4.6053009,0,1.28576673,0,0,0
168,3,512,0.892639458,2.52043867,5.85229588,8.80119133,0,1.59480912,0,0,0
168,4,4096,0.973746717,3.29513836,9.96880436,28.0678253,0,1.9955643,3,0,8
168,5,32768,0.966787219,3.52892923,16.3558979,524.019226,26,0,0,78,0
169,0,1,0.322904885,0.322904885,0.322904885,0.322904885,0,1.44212711,0,0,0
169,1,8,0.545196652,2.42660522,2.42660522,2.53372192,0,2.03655669,0,0,0
169,2,64,1.53396559,4.15969849,8.11320019,8.64605713,0,2.63501241,0,0,0
169,3,512,1.31846714,6.71106005,15.2434111,22.2991543,0,2.75025429,0,0,2
169,4,4096,0.835077584,6.55059719,25.233675,147.390167,3,3.0073632,12,10,25
169,5,32768,0.797588468,6.30442858,26.0253086,547.536987,88,0,0,183,0
170,0,1,0.0425718911,0.0425718911,0.0425718911,0.0425718911,0,0.217936486,0,0,0
170,1,8,0.189513966,0.312154382,0.312154382,0.327229023,0,0.797477499,0,0,0
170,2,64,0.429798722,1.6575613,4.56496954,4.57729483,0,1.27277453,0,0,0
170,3,512,0.881652892,2.48853755,5.79067564,8.79538155,0,1.57758319,0,0,0
170,4,4096,0.958598554,3.26412606,9.96346092,28.1068249,0,1.97273425,3,0,8
170,5,32768,0.950317442,3.49351311,16.096344,513.640442,26,0,0,78,0
171,0,1,0.317921221,0.317921221,0.317921221,0.317921221,0,1.43697715,0,0,0
171,1,8,0.545196652,2.41424465,2.41424465,2.51861548,0,2.02874614,0,0,0
171,2,64,1.53121912,4.14184475,8.0727911,8.60730267,0,2.62397976,0,0,0
171,3,512,1.30846834,6.67621279,15.1723709,22.2286491,0,2.73338084,0,0,2
171,4,4096,0.829467595,6.52286386,25.2401161,145.002029,3,2.98660515,12,10,25
171,5,32768,0.790797412,6.27181959,25.8708897,537.716187,87,0,0,181,0
172,0,1,0.0398255587,0.0398255587,0.0398255587,0.0398255587,0,0.215416342,0,0,0
172,1,8,0.18676722,0.3098405,0.3098405,0.324960768,0,0.789292336,0,0,0
172,2,64,0.422245979,1.64382851,4.53012323,4.54004288,0,1.2583713,0,0,0
172,3,512,0.867920399,2.46677923,5.75566387,8.78621483,0,1.55894766,0,0,0
172,4,4096,0.942077816,3.23821974,9.93581963,28.1365833,0,1.94904946,3,0,8
172,5,32768,0.933839142,3.45035291,16.0117931,503.466003,25,0,0,77,0
173,0,1,0.316029727,0.316029727,0.316029727,0.316029727,0,1.42959595,0,0,0
173,1,8,0.539703131,2.40188599,2.40188599,2.50762939,0,2.01942968,0,0,0
173,2,64,1.52160609,4.12261915,8.03037167,8.5678606,0,2.60985986,0,0,0
173,3,512,1.30462801,6.64364719,15.092577,22.1502094,0,2.71415443,0,0,2
173,4,4096,0.812988341,6.49781513,25.2828045,142.748383,3,2.96349303,12,10,25
173,5,32768,0.780029237,6.24063969,25.7421951,528.547424,86,0,0,181,0
174,0,1,0.041198723,0.041198723,0.041198723,0.041198723,0,0.211970896,0,0,0
174,1,8,0.181274563,0.306077093,0.306077093,0.322022915,0,0.781718843,0,0,0
174,2,64,0.410614073,1.62734962,4.502316,4.51223707,0,1.24644913,0,0,0
174,3,512,0.852813244,2.43794632,5.72141361,8.7829628,0,1.54373859,0,0,0
174,4,4096,0.936584532,3.19752312,9.88849831,28.0915756,0,1.92933369,3,0,8
174,5,32768,0.926001966,3.4153223,15.8064537,494.007263,24,0,0,77,0
175,0,1,0.315686315,0.315686315,0.315686315,0.315686315,0,1.42255783,0,0,0
175,1,8,0.541076481,2.38815331,2.38815331,2.49389625,0,2.00916503,0,0,0
175,2,64,1.52160633,4.10201931,7.99089241,8.52331448,0,2.59779462,0,0,0
175,3,512,1.29403675,6.61346006,15.0218039,22.0824051,0,2.69600877,0,0,2
175,4,4096,0.804748714,6.46957254,25.3315773,140.581268,3,2.94150694,12,10,25
175,5,32768,0.76904285,6.21084404,25.5841064,519.91272,87,0,0,178,0
176,0,1,0.0384521857,0.0384521857,0.0384521857,0.0384521857,0,0.211739287,0,0,0
176,1,8,0.184020892,0.306265235,0.306265235,0.320391178,0,0.774628758,0,0,0
176,2,64,0.414733797,1.61361754,4.46926594,4.47953463,0,1.23580173,0,0,0
176,3,512,0.848693788,2.43590307,5.68956041,8.78932953,0,1.53007233,0,0,0
176,4,4096,0.924554586,3.16777015,9.83857441,28.043644,0,1.91126773,3,0,8
176,5,32768,0.91708976,3.39062381,15.6472759,485.061615,24,0,0,77,0
177,0,1,0.319636971,0.319636971,0.319636971,0.319636971,0,1.41878116,0,0,0
177,1,8,0.539703131,2.37991357,2.37991357,2.4856565,0,2.00135295,0,0,0
177,2,64,1.51336622,4.0882864,7.95559692,8.4867487,0,2.58662743,0,0,0
177,3,512,1.28848314,6.58466196,14.9583998,22.0187035,0,2.68025798,0,0,2
177,4,4096,0.79650867,6.44293499,25.3801346,138.489273,3,2.92273373,12,10,25
177,5,32768,0.760803223,6.19225168,25.4396267,511.583832,87,0,0,178,0
178,0,1,0.0370790213,0.0370790213,0.0370790213,0.0370790213,0,0.208368301,0,0,0
178,1,8,0.177154437,0.303331703,0.303331703,0.318028897,0,0.768598627,0,0,0
178,2,64,0.40649417,1.60400438,4.44343948,4.45130062,0,1.22451834,0,0,0
178,3,512,0.834960639,2.41943669,5.65667677,8.78731823,0,1.51533964,0,0,0
178,4,4096,0.90923816,3.13354731,9.73362923,28.0114708,0,1.89261335,3,0,8
178,5,32768,0.906371951,3.35403395,15.5497713,476.425446,24,0,0,76,0
179,0,1,0.313282937,0.313282937,0.313282937,0.313282937,0,1.41071308,0,0,0
179,1,8,0.531463504,2.36892676,2.36892676,2.47192383,0,1.99326016,0,0,0
179,2,64,1.50512683,4.07043457,7.92085314,8.45296097,0,2.57522428,0,0,0
179,3,512,1.29189754,6.5551672,14.8957701,21.9549351,0,2.66393286,0,0,2
179,4,4096,0.788268864,6.40367842,25.4180603,136.463959,3,2.90335118,12,10,25
179,5,32768,0.752563179,6.16882229,25.2951393,503.51767,88,0,0,177,0
180,0,1,0.0357058533,0.0357058533,0.0357058533,0.0357058533,0,0.207158864,0,0,0
180,1,8,0.173034728,0.305213571,0.305213571,0.31852445,0,0.761640411,0,0,0
180,2,64,0.410613865,1.5902698,4.41082191,4.42040062,0,1.21406941,0,0,0
180,3,512,0.823317647,2.41463828,5.6322155,8.78456879,0,1.50199105,0,0,0
180,4,4096,0.900878429,3.10255194,9.62231255,27.9962234,0,1.87555332,3,0,8
180,5,32768,0.895385802,3.32852173,15.3904696,468.069122,21,0,0,76,0
181,0,1,0.316029727,0.316029727,0.316029727,0.316029727,0,1.40504837,0,0,0
181,1,8,0.527343571,2.3579402,2.3579402,2.45956445,0,1.9860889,0,0,0
181,2,64,1.49826014,4.05944729,7.88751221,8.42588234,0,2.56453819,0,0,0
181,3,512,1.29364097,6.53335953,14.8432322,21.8934059,0,2.64926052,0,0,2
181,4,4096,0.778655887,6.38766003,25.275526,134.512009,3,2.8860113,12,10,25
181,5,32768,0.744323611,6.14749289,25.1133728,496.979095,88,0,0,177,0
182,0,1,0.0343324803,0.0343324803,0.0343324803,0.0343324803,0,0.204927325,0,0,0
182,1,8,0.17303431,0.30143106,0.30143106,0.316472203,0,0.754455544,0,0,0
182,2,64,0.405120999,1.5779115,4.38950253,4.39770651,0,1.20295727,0,0,0
182,3,512,0.814360857,2.39268112,5.59907293,8.78145409,0,1.48847395,0,0,0
182,4,4096,0.889892697,3.07979178,9.51371193,27.9782791,0,1.85850089,3,0,8
182,5,32768,0.884401321,3.3013916,15.2449007,459.987183,20,0,0,74,0
183,0,1,0.312767595,0.312767595,0.312767595,0.312767595,0,1.39921188,0,0,0
183,1,8,0.525970459,2.34695411,2.34695411,2.44995117,0,1.97795931,0,0,0
183,2,64,1.49688697,4.04159451,7.85325193,8.38871193,0,2.55380489,0,0,0
183,3,512,1.29226637,6.50381994,14.7823572,21.8342876,0,2.6337302,0,0,2
183,4,4096,0.773162961,6.34684992,25.0862942,132.647644,3,2.8674725,12,10,25
183,5,32768,0.736188471,6.11938381,25.0419559,496.003265,88,0,0,177,0
184,0,1,0.0343324803,0.0343324803,0.0343324803,0.0343324803,0,0.202559412,0,0,0
184,1,8,0.168914601,0.300075352,0.300075352,0.316619158,0,0.74898852,0,0,0
184,2,64,0.401001096,1.56967127,4.36508369,4.37363338,0,1.19393059,0,0,0
184,3,512,0.806121647,2.38444471,5.57546854,8.7804718,0,1.47597761,0,0,0
184,4,4096,0.884399235,3.05918407,9.5205822,27.9569283,0,1.84256215,3,0,8
184,5,32768,0.877735674,3.27117896,15.2140827,452.18512,20,0,0,73,0
185,0,1,0.312251985,0.312251985,0.312251985,0.312251985,0,1.39474857,0,0,0
185,1,8,0.527343571,2.3387146,2.3387146,2.43896461,0,1.97081007,0,0,0
185,2,64,1.49139369,4.02511549,7.81772137,8.36089516,0,2.54560895,0,0,0
185,3,512,1.28814578,6.47250652,14.7255583,21.7777443,0,2.62170929,0,0,1
185,4,4096,0.766296327,6.32752323,24.8922405,130.860855,3,2.85282227,12,10,25
185,5,32768,0.730590701,6.10153151,24.9719219,495.083527,88,0,0,175,0
186,0,1,0.0357052274,0.0357052274,0.0357052274,0.0357052274,0,0.201010004,0,0,0
186,1,8,0.167541236,0.298624337,0.298624337,0.313178748,0,0.74404642,0,0,0
186,2,64,0.398254335,1.55338836,4.33830309,4.34582424,0,1.18518239,0,0,0
186,3,512,0.803908646,2.38171434,5.54834032,8.78324413,0,1.4647418,0,0,0
186,4,4096,0.87491852,3.03646231,9.55715179,27.9387569,0,1.82833838,3,0,8
186,5,32768,0.867919743,3.24508691,15.1024055,451.032898,19,0,0,71,0
187,0,1,0.312593699,0.312593699,0.312593699,0.312593699,0,1.39131522,0,0,0
187,1,8,0.521850705,2.33459425,2.33459425,2.42935133,0,1.96411433,0,0,0
187,2,64,1.47628808,4.01412916,7.79106855,8.32493496,0,2.53568778,0,0,0
187,3,512,1.27990723,6.45318222,14.6670294,21.7252674,0,2.60809213,0,0,1
187,4,4096,0.761570215,6.29459715,24.8413105,129.139114,2,2.83671211,11,10,25
187,5,32768,0.725097597,6.07368898,24.8757477,494.168091,80,0,0,174,0
188,0,1,0.0343322717,0.0343322717,0.0343322717,0.0343322717,0,0.199913591,0,0,0
188,1,8,0.163421944,0.297737092,0.297737092,0.313340008,0,0.738242164,0,0,0
188,2,64,0.401001096,1.5474273,4.31663656,4.32174873,0,1.17601253,0,0,0
188,3,512,0.799255192,2.34944272,5.52310324,8.77769375,0,1.45277662,0,0,0
188,4,4096,0.867919981,3.01326442,9.5882082,27.9213352,0,1.81319989,3,0,8
188,5,32768,0.862322509,3.21590042,14.9106359,450.291992,18,0,0,71,0
189,0,1,0.309847683,0.309847683,0.309847683,0.309847683,0,1.38530719,0,0,0
189,1,8,0.520477116,2.32360816,2.32360816,2.41973829,0,1.95715315,0,0,0
189,2,64,1.46942163,3.99902296,7.76176262,8.29175186,0,2.52562394,0,0,0
189,3,512,1.27684891,6.43373919,14.6179914,21.6727657,0,2.59428421,0,0,1
189,4,4096,0.755310178,6.28069782,24.8004513,127.488914,2,2.82054791,11,10,25
189,5,32768,0.719604313,6.05204201,24.8469524,493.297974,80,0,0,173,0
190,0,1,0.034332063,0.034332063,0.034332063,0.034332063,0,0.199287042,0,0,0
190,1,8,0.164795324,0.294820249,0.294820249,0.310467422,0,0.733286656,0,0,0
190,2,64,0.396881163,1.54481483,4.30020618,4.30566311,0,1.16875918,0,0,0
190,3,512,0.793761909,2.3590641,5.49752045,8.78006744,0,1.44315258,0,0,0
190,4,4096,0.859643579,2.98990202,9.59263897,27.9060478,0,1.80074288,3,0,8
190,5,32768,0.854186654,3.19682717,14.7087231,449.611725,17,0,0,71,0
191,0,1,0.31173718,0.31173718,0.31173718,0.31173718,0,1.38101554,0,0,0
191,1,8,0.523223698,2.31536841,2.31536841,2.4128716,0,1.95019574,0,0,0
191,2,64,1.4762876,3.98529005,7.73353195,8.2670784,0,2.51761551,0,0,0
191,3,512,1.28303266,6.41609955,14.5680208,21.622715,0,2.58281792,0,0,1
191,4,4096,0.749816895,6.25895929,24.7822933,125.898499,2,2.80665796,11,10,25
191,5,32768,0.711364686,6.02449465,24.7892742,492.423615,80,0,0,173,0
192,0,1,0.0357056446,0.0357056446,0.0357056446,0.0357056446,0,0.197329655,0,0,0
192,1,8,0.163421527,0.294870764,0.294870764,0.309783936,0,0.727706786,0,0,0
192,2,64,0.396880955,1.53709304,4.27531481,4.28283405,0,1.16016178,0,0,0
192,3,512,0.793761909,2.34191227,5.47657537,8.77899647,0,1.4327828,0,0,0
192,4,4096,0.85144031,2.97755766,9.52996635,27.9048672,0,1.78777269,3,0,8
192,5,32768,0.845947206,3.16833615,14.6365881,448.970673,17,0,0,71,0
193,0,1,0.309161335,0.309161335,0.309161335,0.309161335,0,1.38719559,0,0,0
193,1,8,0.516357422,2.32360816,2.32360816,2.42248511,0,1.94664492,0,0,0
193,2,64,1.4611814,3.96331692,7.73224163,8.23717785,0,2.48435394,0,0,0
193,3,512,1.26754725,6.37206936,14.5193567,21.5003376,0,2.57765828,0,0,1
193,4,4096,0.739956856,6.23886013,24.3944607,139.752548,2,2.80383633,12,11,25
193,5,32768,0.70587182,6.00854826,24.513361,490.085541,82,0,0,168,0
194,0,1,0.402822077,0.402822077,0.402822077,0.402822077,0,0.854529977,0,0,0
194,1,8,0.865173221,1.5257262,1.5257262,1.5380857,0,3.36809646,0,0,0
194,2,64,2.02423072,7.85522366,17.2894821,26.0835381,0,5.14258151,0,0,0
194,3,512,1.95556605,13.3253908,29.9819164,65.1031113,0,5.69680627,1,2,5
194,4,4096,1.59301734,15.1883984,43.6732712,260.424438,8,5.90816249,14,31,47
194,5,32768,1.55181861,15.5364189,52.6890526,421.458832,100,0,0,372,0
195,0,1,0.450913161,0.450913161,0.450913161,0.450913161,0,1.00983477,0,0,0
195,1,8,0.844573855,1.6754148,1.6754148,1.71936107,0,3.41232328,0,0,0
195,2,64,2.55706763,6.17697144,10.0593557,11.4697247,0,4.95824009,0,0,0
195,3,512,4.08141994,10.3573589,14.7148094,18.9514141,0,5.42654437,0,0,0
195,4,4096,4.53906345,10.9445305,17.9928551,142.428955,1,5.68612609,3,2,12
195,5,32768,4.57031155,11.1318951,18.8211918,362.459503,31,0,0,94,0
196,0,1,0.0947569832,0.0947569832,0.0947569832,0.0947569832,0,0.342749089,0,0,0
196,1,8,0.186767638,0.633518994,0.633518994,0.670638204,0,1.18592004,0,0,0
196,2,64,0.883401632,2.24986172,4.08243465,4.11174536,0,1.6763648,0,0,0
196,3,512,1.22772229,3.39202666,6.25671291,11.6540174,0,1.87823783,0,0,0
196,4,4096,1.34033239,3.57523251,9.71053886,27.9643192,0,2.13198999,1,0,8
196,5,32768,1.33527005,3.67767358,12.0200939,580.544189,19,0,0,54,0
197,0,1,0.262034863,0.262034863,0.262034863,0.262034863,0,0.718371391,0,0,0
197,1,8,0.486144871,1.04702818,1.04702818,1.17004395,0,1.02401726,0,0,0
197,2,64,0.628967047,2.134094,4.74086761,4.75705338,0,1.20649476,0,0,0
197,3,512,0.625446737,3.38738012,6.08972692,12.0629873,0,1.25668132,0,0,0
197,4,4096,0.306243896,3.32238507,9.78159523,125.013428,1,1.41565255,2,2,10
197,5,32768,0.285644531,3.24539924,10.5275135,352.342499,29,0,0,76,0
198,0,1,0.063171044,0.063171044,0.063171044,0.063171044,0,0.354906619,0,0,0
198,1,8,0.307617486,0.587300181,0.587300181,0.657831848,0,0.864873195,0,0,0
198,2,64,0.432408392,1.86135721,3.49168587,3.53302002,0,1.22557765,0,0,0
198,3,512,0.756830096,2.70710969,5.02899361,8.55776978,0,1.41851081,0,0,0
198,4,4096,0.815734863,3.0056355,8.28094387,26.5965233,0,1.65206451,1,0,7
198,5,32768,0.812987924,3.1821382,10.1506262,548.927551,18,0,0,48,0
199,0,1,0.235718936,0.235718936,0.235718936,0.235718936,0,0.662836075,0,0,0
199,1,8,0.41748032,0.988450646,0.988450646,1.07116687,0,1.01045265,0,0,0
199,2,64,0.591589749,2.00500441,4.81369972,4.83609772,0,1.21782943,0,0,0
199,3,512,0.652854502,3.21761775,6.21602631,12.0931997,0,1.25753489,0,0,0
199,4,4096,0.318017483,3.34005666,9.09892559,122.51931,1,1.40519012,2,2,9
199,5,32768,0.296583831,3.28937554,9.76752472,340.345398,28,0,0,75,0
200,0,1,0.032958895,0.032958895,0.032958895,0.032958895,0,0.320277423,0,0,0
200,1,8,0.249939099,0.559690118,0.559690118,0.629441261,0,0.885352444,0,0,0
200,2,64,0.486146122,2.0183301,3.629004,3.66998887,0,1.26860102,0,0,0
200,3,512,0.777282715,2.7743392,5.16906691,9.31194305,0,1.45485821,0,0,0
200,4,4096,0.84869355,3.06772709,8.46908379,26.6541996,0,1.68191003,1,0,7
200,5,32768,0.845947206,3.22597313,9.97026253,546.812866,19,0,0,47,0
201,0,1,0.204952404,0.204952404,0.204952404,0.204952404,0,0.634422123,0,0,0
201,1,8,0.398254335,0.96608001,0.96608001,1.02996826,0,0.98119634,0,0,0
201,2,64,0.598754883,1.94457984,4.69093084,4.71195412,0,1.17755808,0,0,0
201,3,512,0.628794909,3.22311616,6.05131483,11.8803387,0,1.22018616,0,0,0
201,4,4096,0.290722698,3.27819252,9.42794704,118.939323,1,1.36486801,2,2,8
201,5,32768,0.271911621,3.2151053,9.63363361,334.429321,27,0,0,70,0
202,0,1,0.0322445408,0.0322445408,0.0322445408,0.0322445408,0,0.310218841,0,0,0
202,1,8,0.238952518,0.544375837,0.544375837,0.612947524,0,0.862750351,0,0,0
202,2,64,0.473785549,1.98661721,3.56083822,3.60455704,0,1.23551356,0,0,0
202,3,512,0.766296089,2.73759198,5.020751,8.96762943,0,1.42166881,0,0,0
202,4,4096,0.829467595,3.00303578,8.23150539,26.0128746,0,1.64430501,1,0,7
202,5,32768,0.829467177,3.15429497,9.72815609,533.782776,18,0,0,45,0
203,0,1,0.193953484,0.193953484,0.193953484,0.193953484,0,0.62026155,0,0,0
203,1,8,0.395507604,0.928540289,0.928540289,1.00250232,0,0.961359646,0,0,0
203,2,64,0.599635899,1.88552856,4.60296488,4.6232872,0,1.1551092,0,0,0
203,3,512,0.603471577,3.19015193,5.95451307,11.4875774,0,1.19561725,0,0,0
203,4,4096,0.285679072,3.21228218,9.09638882,114.956657,1,1.33667055,2,2,8
203,5,32768,0.269150198,3.15793347,9.3718462,322.991119,27,0,0,68,0
204,0,1,0.024719486,0.024719486,0.024719486,0.024719486,0,0.303455949,0,0,0
204,1,8,0.256805122,0.525055528,0.525055528,0.588744283,0,0.849805752,0,0,0
204,2,64,0.449066281,1.97830319,3.52404785,3.56603408,0,1.21298313,0,0,0
204,3,512,0.740589023,2.69800591,5.00289726,8.91229534,0,1.39271145,0,0,0
204,4,4096,0.798670352,2.95974565,8.16833305,25.5349674,0,1.60853278,1,0,7
204,5,32768,0.799255192,3.120116,9.49493313,519.534485,16,0,0,42,0
205,0,1,0.197908521,0.197908521,0.197908521,0.197908521,0,0.604807258,0,0,0
205,1,8,0.391388088,0.896802664,0.896802664,0.97228986,0,0.936813835,0,0,0
205,2,64,0.553555667,1.8251034,4.51887798,4.53713131,0,1.12887479,0,0,0
205,3,512,0.5709337,3.14176488,5.84687185,11.1250286,0,1.17025684,0,0,0
205,4,4096,0.282898009,3.14270568,8.78232098,111.239418,1,1.30732688,2,2,8
205,5,32768,0.266418755,3.09880161,9.09716988,311.209686,26,0,0,66,0
206,0,1,0.0233459026,0.0233459026,0.0233459026,0.0233459026,0,0.293255001,0,0,0
206,1,8,0.245818973,0.509936988,0.509936988,0.567536235,0,0.830884609,0,0,0
206,2,64,0.447692901,1.94068944,3.45813775,3.50355315,0,1.1868707,0,0,0
206,3,512,0.720977902,2.61488867,4.91088915,8.78961277,0,1.36165597,0,0,0
206,4,4096,0.774536371,2.91820717,8.02688694,25.0199852,0,1.57143567,1,0,7
206,5,32768,0.774536371,3.05694675,9.27886963,505.196411,14,0,0,42,0
207,0,1,0.194819599,0.194819599,0.194819599,0.194819599,0,0.582365692,0,0,0
207,1,8,0.373534858,0.867213368,0.867213368,0.932464361,0,0.913387872,0,0,0
207,2,64,0.531466007,1.77650785,4.45542669,4.47436762,0,1.10178038,0,0,0
207,3,512,0.54849124,3.03903365,5.77423239,10.7830801,0,1.14336685,0,0,0
207,4,4096,0.276031554,3.0797174,8.46449852,107.943459,1,1.27644614,2,2,8
207,5,32768,0.258109927,3.04552436,8.92914009,300.172516,25,0,0,65,0
208,0,1,0.0302123558,0.0302123558,0.0302123558,0.0302123558,0,0.285017669,0,0,0
208,1,8,0.234832808,0.492280215,0.492280215,0.549690962,0,0.819316052,0,0,0
208,2,64,0.440826446,1.93680358,3.42904425,3.47136378,0,1.16855202,0,0,0
208,3,512,0.705871642,2.55994439,4.83123779,8.73078537,0,1.33939891,0,0,0
208,4,4096,0.758056283,2.88528442,7.90740919,24.5928936,0,1.54347564,1,0,6
208,5,32768,0.7580567,3.01022816,9.18094349,492.738098,14,0,0,39,0
209,0,1,0.190003708,0.190003708,0.190003708,0.190003708,0,0.564114273,0,0,0
209,1,8,0.36529544,0.836857498,0.836857498,0.903625309,0,0.892950524,0,0,0
209,2,64,0.51630044,1.74460256,4.38342285,4.39995909,0,1.07844826,0,0,0
209,3,512,0.542844713,2.9497025,5.69369078,10.4672232,0,1.1189484,0,0,0
209,4,4096,0.259764642,3.01223731,8.37020779,104.788162,1,1.24831523,2,2,8
209,5,32768,0.243161723,2.99873519,8.78600502,290.129639,25,0,0,62,0
210,0,1,0.0219727363,0.0219727363,0.0219727363,0.0219727363,0,0.276846468,0,0,0
210,1,8,0.234832808,0.476880252,0.476880252,0.537115812,0,0.807067458,0,0,0
210,2,64,0.425719738,1.93312812,3.38866901,3.4306426,0,1.14835339,0,0,0
210,3,512,0.683899105,2.51322365,4.78317261,8.66435528,0,1.31529195,0,0,0
210,4,4096,0.738830328,2.84385991,7.82226276,24.1960125,0,1.51417577,1,0,6
210,5,32768,0.736084402,2.96765518,9.02728844,480.766693,14,0,0,36,0
211,0,1,0.1822671,0.1822671,0.1822671,0.1822671,0,0.550101757,0,0,0
211,1,8,0.357055604,0.806667149,0.806667149,0.878906369,0,0.876280788,0,0,0
211,2,64,0.498198897,1.70855141,4.3159771,4.33354568,0,1.05910697,0,0,0
211,3,512,0.532649577,2.87033749,5.60491514,10.1664715,0,1.09848629,0,0,0
211,4,4096,0.255698472,2.97608757,8.30429268,101.653168,1,1.22375539,2,2,8
211,5,32768,0.241645411,2.95077348,8.55203152,280.627869,24,0,0,58,0
212,0,1,0.0219725277,0.0219725277,0.0219725277,0.0219725277,0,0.268750578,0,0,0
212,1,8,0.230713114,0.464438796,0.464438796,0.518856406,0,0.797190482,0,0,0
212,2,64,0.417480737,1.91969943,3.35112906,3.39344215,0,1.13102328,0,0,0
212,3,512,0.670165777,2.46684647,4.72433329,8.57667542,0,1.29354776,0,0,0
212,4,4096,0.722351074,2.79190016,7.72888136,23.773035,0,1.48729687,1,0,6
212,5,32768,0.725097001,2.91942024,8.81997013,469.085022,12,0,0,35,0
213,0,1,0.177454352,0.177454352,0.177454352,0.177454352,0,0.531867862,0,0,0
213,1,8,0.350189149,0.780091703,0.780091703,0.848693907,0,0.85519333,0,0,0
213,2,64,0.479654968,1.63731444,4.24896193,4.26343489,0,1.03708919,0,0,0
213,3,512,0.512091041,2.78617144,5.51846313,9.87533379,0,1.07669944,0,0,0
213,4,4096,0.252685636,2.91129994,8.04336452,98.5638504,0,1.19836087,1,2,8
213,5,32768,0.2389521,2.9038136,8.33752823,271.286743,15,0,0,55,0
214,0,1,0.0192261972,0.0192261972,0.0192261972,0.0192261972,0,0.259356081,0,0,0
214,1,8,0.222473696,0.447358102,0.447358102,0.503083289,0,0.78452122,0,0,0
214,2,64,0.406493753,1.91125214,3.31297684,3.34909892,0,1.11034849,0,0,0
214,3,512,0.649566829,2.41867924,4.65006638,8.49217796,0,1.26926979,0,0,0
214,4,4096,0.700378716,2.75027514,7.61764336,23.3528118,0,1.4581594,1,0,6
214,5,32768,0.703124642,2.87429762,8.62561607,457.707092,11,0,0,35,0
215,0,1,0.17109628,0.17109628,0.17109628,0.17109628,0,0.513247609,0,0,0
215,1,8,0.332336336,0.751456797,0.751456797,0.815734863,0,0.83523603,0,0,0
215,2,64,0.46049729,1.5766871,4.17738867,4.19357872,0,1.01449964,0,0,0
215,3,512,0.501510382,2.70371795,5.44257021,9.58419609,0,1.05441461,0,0,0
215,4,4096,0.247274905,2.85008097,7.95409966,95.5443115,0,1.17300547,1,2,7
215,5,32768,0.232591391,2.85762835,8.19094849,262.07608,14,0,0,53,0
216,0,1,0.0233459026,0.0233459026,0.0233459026,0.0233459026,0,0.25454995,0,0,0
216,1,8,0.222472861,0.435245454,0.435245454,0.483960748,0,0.773495577,0,0,0
216,2,64,0.409240067,1.90050411,3.27851462,3.31807017,0,1.09348094,0,0,0
216,3,512,0.638580263,2.38415003,4.58234549,8.42042065,0,1.24905916,0,0,0
216,4,4096,0.683898687,2.71059537,7.52563381,22.9627972,0,1.43302753,1,0,6
216,5,32768,0.68664521,2.83364964,8.47182941,446.589294,11,0,0,34,0
217,0,1,0.166970789,0.166970789,0.166970789,0.166970789,0,0.499004185,0,0,0
217,1,8,0.326843053,0.726608455,0.726608455,0.788268983,0,0.817940835,0,0,0
217,2,64,0.448473722,1.54016566,4.11316013,4.13244295,0,0.994824848,0,0,0
217,3,512,0.48918137,2.62092304,5.36581612,9.30404472,0,1.03411428,0,0,0
217,4,4096,0.239717469,2.80926013,7.75317383,92.6302948,0,1.14934267,1,2,7
217,5,32768,0.225219816,2.80543303,7.9871521,253.129074,14,0,0,51,0
218,0,1,0.0178530328,0.0178530328,0.0178530328,0.0178530328,0,0.247561306,0,0,0
218,1,8,0.221099913,0.422479331,0.422479331,0.472891867,0,0.762917459,0,0,0
218,2,64,0.395507604,1.88886249,3.24246836,3.28305149,0,1.075991,0,0,0
218,3,512,0.624847353,2.34385967,4.5316267,8.34994221,0,1.22765833,0,0,0
218,4,4096,0.670166194,2.67945266,7.43499851,22.5837669,0,1.40682667,1,0,5
218,5,32768,0.670166194,2.79120898,8.32830524,435.754517,11,0,0,33,0
219,0,1,0.160267517,0.160267517,0.160267517,0.160267517,0,0.48164323,0,0,0
219,1,8,0.313110143,0.701548874,0.701548874,0.759430051,0,0.801171361,0,0,0
219,2,64,0.433546662,1.51354051,4.05455732,4.06833839,0,0.977226952,0,0,0
219,3,512,0.469902992,2.57966018,5.29507065,9.03213406,0,1.01579308,0,0,0
219,4,4096,0.234578535,2.74747252,7.54281855,89.8128281,0,1.12748109,1,2,7
219,5,32768,0.219726741,2.76913857,7.84523916,244.525406,14,0,0,44,0
220,0,1,0.020599572,0.020599572,0.020599572,0.020599572,0,0.238931403,0,0,0
220,1,8,0.215606824,0.406623006,0.406623006,0.454354614,0,0.752758555,0,0,0
220,2,64,0.395507604,1.87728786,3.20516801,3.24265456,0,1.06006429,0,0,0
220,3,512,0.612487793,2.306494,4.49131823,8.27879143,0,1.20869183,0,0,0
220,4,4096,0.653686106,2.6559689,7.34298706,22.2088585,0,1.3833361,1,0,5
220,5,32768,0.656432867,2.74864459,8.18495274,425.348633,11,0,0,32,0
221,0,1,0.158546329,0.158546329,0.158546329,0.158546329,0,0.499961853,0,0,0
221,1,8,0.314483732,0.741422832,0.741422832,0.808868408,0,0.794827595,0,0,0
221,2,64,0.42723006,1.53615725,3.99226308,4.00845098,0,0.92964097,0,0,0
221,3,512,0.451842517,2.48283005,5.0942173,6.16058254,0,0.988708607,0,0,0
221,4,4096,0.228051171,2.70580792,7.28843832,97.8150711,0,1.08781688,1,1,5
221,5,32768,0.214268759,2.72421074,7.70141459,237.955338,13,0,0,34,0
222,0,1,0.33722192,0.33722192,0.33722192,0.33722192,0,0.554122984,0,0,0
222,1,8,0.56716913,0.715485871,0.715485871,0.887145936,0,3.79159043,0,0,0
222,2,64,1.65206957,9.77098942,17.099329,21.2739773,0,5.57795385,0,0,0
222,3,512,1.95556581,17.129055,27.8978977,54.9618149,0,6.12525011,0,1,4
222,4,4096,1.23873067,16.9074955,45.8106689,197.387924,6,6.27320344,7,32,41
222,5,32768,1.14532447,17.1234207,50.9326096,321.120422,57,0,0,345,0
223,0,1,0.795135736,0.795135736,0.795135736,0.795135736,0,5.46758604,0,0,0
223,1,8,5.10589552,6.10976934,6.10976934,6.12487698,0,7.72602695,0,0,0
223,2,64,7.17544603,11.1511211,15.7667503,16.1334209,0,8.98852785,0,0,0
223,3,512,7.87307692,12.6658602,22.3077354,25.2149944,0,9.35421186,0,0,0
223,4,4096,8.01452541,15.3108177,25.3234825,29.1906719,0,9.42469213,0,0,0
223,5,32768,7.99255276,15.3945904,25.4608135,29.9487267,0,0,0,0,0
224,0,1,0.395508438,0.395508438,0.395508438,0.395508438,0,1.33998859,0,0,0
224,1,8,1.30187953,1.42272818,1.42272818,1.45019567,0,1.85084498,0,0,0
224,2,64,1.90612662,1.97753966,2.01187181,2.01324391,0,1.93098975,0,0,0
224,3,512,1.91848826,1.99264467,2.6215229,3.00275135,0,1.92514044,0,0,0
224,4,4096,1.91986036,1.99127257,2.03247046,6.01567364,0,1.92036503,0,0,0
224,5,32768,1.91985953,1.99401844,2.04345655,12.5709944,0,0,0,0,0
225,0,1,1.08901906,1.08901906,1.08901906,1.08901906,0,1.04576099,0,0,0
225,1,8,1.0464474,1.07666039,1.07666039,1.07940626,0,1.03378751,0,0,0
225,2,64,1.03271449,1.07116687,1.10687208,1.10961878,0,1.03067085,0,0,0
225,3,512,1.02996767,1.06842005,1.08627272,1.16455042,0,1.02995974,0,0,0
225,4,4096,1.02996814,1.07116687,1.0903933,1.32385254,0,1.02981469,0,0,0
225,5,32768,1.03134108,1.07665992,1.10961878,1.64794898,0,0,0,0,0
226,0,1,0.293884158,0.293884158,0.293884158,0.293884158,0,0.644931734,0,0,0
226,1,8,0.53832978,0.771789193,0.771789193,0.774535954,0,0.740396537,0,0,0
226,2,64,0.758056283,0.778656065,0.78277576,0.78277576,0,0.7623827,0,0,0
226,3,512,0.762175977,0.780029416,0.793762326,0.855524063,0,0.762719837,0,0,0
226,4,4096,0.762176812,0.782776177,0.796509087,1.6946094,0,0.762149455,0,0,0
226,5,32768,0.762176394,0.791015625,0.82397449,3.42251301,0,0,0,0,0
227,0,1,0.324096292,0.324096292,0.324096292,0.324096292,0,0.159301654,0,0,0
227,1,8,0.10574314,0.214233041,0.214233041,0.221099913,0,0.11911143,0,0,0
227,2,64,0.10574314,0.109863266,0.324096709,0.335083306,0,0.108610677,0,0,0
227,3,512,0.10574314,0.111236222,0.118103094,0.56304884,0,0.106215118,0,0,0
227,4,4096,0.104370609,0.118103094,0.131835997,1.01623523,0,0.10583272,0,0,0
227,5,32768,0.104370184,0.13183558,0.164794892,1.95556653,0,0,0,0,0
228,0,1,0.249938682,0.249938682,0.249938682,0.249938682,0,0.327358127,0,0,0
228,1,8,0.310363799,0.354308873,0.354308873,0.361175328,0,0.345017869,0,0,0
228,2,64,0.351562113,0.359801948,0.366669238,0.369415164,0,0.350020028,0,0,0
228,3,512,0.351562113,0.362548709,0.372161895,0.373535693,0,0.351353826,0,0,0
228,4,4096,0.35156253,0.368041784,0.384521842,0.411986828,0,0.35137499,0,0,0
228,5,32768,0.35156253,0.373535275,0.40649417,0.790725172,0,0,0,0,0
229,0,1,0.0302125663,0.0302125663,0.0302125663,0.0302125663,0,0.0804195553,0,0,0
229,1,8,0.0630912185,0.108489476,0.108489476,0.111236639,0,0.102952708,0,0,0
229,2,64,0.102996811,0.112609595,0.118771352,0.128388062,0,0.102710927,0,0,0
229,3,512,0.101623856,0.112610012,0.122223221,0.259523422,0,0.101979197,0,0,0
229,4,4096,0.101623438,0.116729721,0.131836429,0.51355505,0,0.101919024,0,0,0
229,5,32768,0.101623021,0.126342505,0.15380916,1.04359949,0,0,0,0,0
230,0,1,0.112610437,0.112610437,0.112610437,0.112610437,0,0.103855118,0,0,0
230,1,8,0.104370184,0.10711652,0.10711652,0.108490311,0,0.101237405,0,0,0
230,2,64,0.101623438,0.105743565,0.109863684,0.115356348,0,0.100816181,0,0,0
230,3,512,0.100250483,0.10711652,0.112610012,0.131835997,0,0.100568069,0,0,0
230,4,4096,0.100250483,0.112609595,0.126342505,0.164794892,0,0.100894423,0,0,0
230,5,32768,0.100250065,0.126342505,0.164794475,0.274657756,0,0,0,0,0
231,0,1,0.032958895,0.032958895,0.032958895,0.032958895,0,0.0684929192,0,0,0
231,1,8,0.0576788001,0.0823970288,0.0823970288,0.0837708265,0,0.0778535968,0,0,0
231,2,64,0.0796511173,0.0837708265,0.0851441994,0.0865179896,0,0.0805064351,0,0,0
231,3,512,0.079651542,0.0865175724,0.0933840275,0.117409155,0,0.0804598851,0,0,0
231,4,4096,0.0796511173,0.0933840275,0.109863684,0.183999285,0,0.0814651576,0,0,0
231,5,32768,0.0796511173,0.104370609,0.142822161,0.368017733,0,0,0,0,0
232,0,1,0.0288387723,0.0288387723,0.0288387723,0.0288387723,0,0.0103427926,0,0,0
232,1,8,0.00686645415,0.0178521946,0.0178521946,0.0178530328,0,0.0071726733,0,0,0
232,2,64,0.00549313193,0.00961278472,0.0370790213,0.039825771,0,0.00840314921,0,0,0
232,3,512,0.00686771329,0.0123599526,0.0219707768,0.0604251325,0,0.0157492509,0,0,0
232,4,4096,0.0137329083,0.0274656788,0.0466830619,0.12908724,0,0.0299177743,0,0,0
232,5,32768,0.0274590254,0.0549305975,0.0878909454,0.27463612,0,0,0,0,0
233,0,1,0.0274653975,0.0274653975,0.0274653975,0.0274653975,0,0.0329588987,0,0,0
233,1,8,0.032958895,0.0357052274,0.0357052274,0.0357052274,0,0.0354051744,0,0,0
233,2,64,0.0357052274,0.0384519771,0.0425720997,0.0453188494,0,0.0359684326,0,0,0
233,3,512,0.0357056446,0.0425716788,0.0480651781,0.0549316332,0,0.0366289594,0,0,0
233,4,4096,0.0357056446,0.0494381338,0.0659177899,0.0933836102,0,0.0439269551,0,0,0
233,5,32768,0.0384580344,0.0659182146,0.0988775268,0.175781056,0,0,0,0,0
234,0,1,0.00274659204,0.00274659204,0.00274659204,0.00274659204,0,0.0106429197,0,0,0
234,1,8,0.00824024808,0.0137329083,0.0137329083,0.0137329083,0,0.0139206735,0,0,0
234,2,64,0.0137333274,0.016479658,0.0192264076,0.0192264076,0,0.0146773321,0,0,0
234,3,512,0.0137329083,0.0205993615,0.024719486,0.041199144,0,0.0189770971,0,0,0
234,4,4096,0.016479658,0.0302124079,0.046690397,0.0672862828,0,0.0338982779,0,0,0
234,5,32768,0.0302079692,0.0597375147,0.0961291566,0.186767638,0,0,0,0,0
235,0,1,0.00961320382,0.00961320382,0.00961320382,0.00961320382,0,0.010643024,0,0,0
235,1,8,0.00961362291,0.0123599526,0.0123599526,0.0137324892,0,0.0112169158,0,0,0
235,2,64,0.0109861586,0.015105864,0.0178526137,0.0205993615,0,0.0125298065,0,0,0
235,3,512,0.0123591144,0.0192259885,0.0288387723,0.0322665721,0,0.0182119289,0,0,0
235,4,4096,0.0164792389,0.0302131101,0.0494385548,0.0810309127,0,0.0313701465,0,0,0
235,5,32768,0.0274653975,0.0549413897,0.0906366184,0.142822161,0,0,0,0,0
236,0,1,0.0144222006,0.0144222006,0.0144222006,0.0144222006,0,0.00921607297,0,0,0
236,1,8,0.00918411836,0.0123591144,0.0123591144,0.0123595335,0,0.011893669,0,0,0
236,2,64,0.0116739515,0.0151073961,0.0175092034,0.0192264076,0,0.0134022842,0,0,0
236,3,512,0.0123591144,0.0205997806,0.0281526968,0.0329584777,0,0.0186721371,0,0,0
236,4,4096,0.0164792389,0.0329593159,0.0521895252,0.0823955238,0,0.0315379193,0,0,0
236,5,32768,0.0274658166,0.0549316332,0.0988766849,0.170284152,0,0,0,0,0
237,0,1,0.0144237131,0.0144237131,0.0144237131,0.0144237131,0,0.0109436633,0,0,0
237,1,8,0.0109863682,0.0147644486,0.0147644486,0.0151085556,0,0.015274748,0,0,0
237,2,64,0.0151090641,0.0192285255,0.0260913931,0.0281524323,0,0.015756463,0,0,0
237,3,512,0.0151081029,0.0236911885,0.0329606384,0.0535585247,0,0.0193547978,0,0,0
237,4,4096,0.0164851509,0.032958895,0.0514977425,0.134583041,0,0.0329020884,0,0,0
237,5,32768,0.0274740029,0.0576738492,0.0961278006,0.197741702,0,0,0,0,0
238,0,1,0.0151099665,0.0151099665,0.0151099665,0.0151099665,0,0.0127889393,0,0,0
238,1,8,0.0137328561,0.013734146,0.013734146,0.0137343248,0,0.0146360414,0,0,0
238,2,64,0.0144228386,0.0192291178,0.0233486127,0.0254082885,0,0.0158453669,0,0,0
238,3,512,0.0137366904,0.0240368359,0.0370766632,0.0528781451,0,0.0198286382,0,0,0
238,4,4096,0.0164826531,0.0329594761,0.0604260229,0.10985405,0,0.0290258189,0,0,0
238,5,32768,0.0247192252,0.0521769412,0.0947460756,0.219722167,0,0,0,0,0
239,0,1,0.0137357861,0.0137357861,0.0137357861,0.0137357861,0,0.00918558426,0,0,0
239,1,8,0.00823977683,0.0109892115,0.0109892115,0.0109892124,0,0.0160324959,0,0,0
239,2,64,0.0147671206,0.0226628352,0.0281558111,0.0302156303,0,0.0168159511,0,0,0
239,3,512,0.0151108932,0.0267826486,0.0398274995,0.0549334474,0,0.0184891248,0,0,0
239,4,4096,0.0157975107,0.0322750583,0.0549334399,0.0878905281,0,0.0260577724,0,0,0
239,5,32768,0.0219727363,0.0446278192,0.0878901109,0.142132103,0,0,0,0,0
240,0,1,0.012362211,0.012362211,0.012362211,0.012362211,0,0.00654551154,0,0,0
240,1,8,0.00549318409,0.00824254006,0.00824254006,0.0096152164,0,0.0107261462,0,0,0
240,2,64,0.0109890727,0.014079608,0.0168263912,0.0175132863,0,0.0118145274,0,0,0
240,3,512,0.0103031127,0.0199064743,0.0295269061,0.0350206196,0,0.017253644,0,0,0
240,4,4096,0.0144227454,0.0302226543,0.0501232632,0.0769091249,0,0.0295771951,0,0,0
240,5,32768,0.0247282945,0.0549312159,0.0878901109,0.160669923,0,0,0,0,0
