step,level,count,p50,p90,p99,max,above100,meanChildCurvature,childMeansAbove100,aboveAdaptiveThreshold,childMeansAboveAdaptiveThreshold
0,0,1,0,0,0,0,0,0,0,0,0
0,1,8,0,0,0,0,0,0,0,0,0
0,2,64,0,0,0,0,0,0,0,0,0
0,3,512,0,0,0,0,0,0,0,0,0
0,4,4096,0,0,0,0,0,0,0,0,0
0,5,32768,0,0,0,0,0,0,0,0,0
1,0,1,0,0,0,0,0,0.00961299334,0,0,0
1,1,8,0.00961299427,0.00961299427,0.00961299427,0.00961299427,0,0.00446321117,0,0,0
1,2,64,0.0027465818,0.0192259885,0.0192264076,0.0192264076,0,0.00523569511,0,0,0
1,3,512,0.0054931636,0.0054931636,0.0384536535,0.0384536535,0,0.00954867396,0,0,0
1,4,4096,0.0109863272,0.0109863272,0.0109863272,0.0769106597,0,0.0188666701,0,0,0
1,5,32768,0.0219726544,0.0219726544,0.0219726544,0.153868258,0,0,0,0,0
2,0,1,0,0,0,0,0,0.00549339363,0,0,0
2,1,8,0.00549307931,0.00549370795,0.00549370795,0.00549370795,0,0.00686649635,0,0,0
2,2,64,0.0054931636,0.0109869968,0.0137329083,0.0137329083,0,0.0139904248,0,0,0
2,3,512,0.0164794903,0.0164794903,0.02197567,0.0274658166,0,0.027980836,0,0,0
2,4,4096,0.0329589806,0.0439453088,0.0549316332,0.0549500734,0,0.0566912025,0,0,0
2,5,32768,0.0659179613,0.0878906175,0.109863266,0.110014141,0,0,0,0,0
3,0,1,0,0,0,0,0,0.00961362291,0,0,0
3,1,8,0.00961320382,0.00961404201,0.00961404201,0.00961404201,0,0.00377670699,0,0,0
3,2,64,0.0027465818,0.0192272458,0.0219739936,0.0219739936,0,0.00523572398,0,0,0
3,3,512,0,0.0109863272,0.0384544916,0.0439496636,0,0.0112224271,0,0,0
3,4,4096,0.0109863272,0.0219726544,0.0439453088,0.0879194438,0,0.0227398276,0,0,0
3,5,32768,0.0219726544,0.0659179613,0.0878906175,0.176019937,0,0,0,0,0
4,0,1,0,0,0,0,0,0.00961383339,0,0,0
4,1,8,0.00961362291,0.00961404201,0.00961404201,0.00961404201,0,0.00240345811,0,0,0
4,2,64,0,0.0192272458,0.019228084,0.019228084,0,0.000600877625,0,0,0
4,3,512,0,0,0.0384528153,0.0384595208,0,0.000150281616,0,0,0
4,4,4096,0,0,0,0.0769458637,0,3.76309763e-05,0,0,0
4,5,32768,0,0,0,0.154139832,0,0,0,0,0
5,0,1,0,0,0,0,0,0.0109869977,0,0,0
5,1,8,0.0109869968,0.0109869968,0.0109869968,0.0109869968,0,0.00823987101,0,0,0
5,2,64,0.0054931636,0.0219739936,0.0247199051,0.0247199051,0,0.0145913518,0,0,0
5,3,512,0.0109863272,0.0219726544,0.0439546928,0.0494465157,0,0.0294829449,0,0,0
5,4,4096,0.0219726544,0.0439453088,0.0659179613,0.0989332646,0,0.0592983633,0,0,0
5,5,32768,0.0439453088,0.109863266,0.131835923,0.198121339,0,0,0,0,0
6,0,1,0,0,0,0,0,0.00823940989,0,0,0
6,1,8,0.00823940989,0.00823940989,0.00823940989,0.00823940989,0,0.00343310146,0,0,0
6,2,64,0.0027465818,0.0164788198,0.0192247313,0.0192247313,0,0.00798244716,0,0,0
6,3,512,0,0.0219726544,0.0329589806,0.0329676978,0,0.0208784206,0,0,0
6,4,4096,0.0109863272,0.0549316332,0.0988769382,0.131835923,0,0.0424863022,0,0,0
6,5,32768,0.0219726544,0.109863266,0.197753876,0.263671845,0,0,0,0,0
7,0,1,0,0,0,0,0,0.00961320382,0,0,0
7,1,8,0.00961320382,0.00961320382,0.00961320382,0.00961320382,0,0.00515000836,0,0,0
7,2,64,0.0054931636,0.019228084,0.0247199051,0.0247199051,0,0.00987072747,0,0,0
7,3,512,0,0.0219726544,0.0439453088,0.0494532213,0,0.0222946479,0,0,0
7,4,4096,0.0219726544,0.0439453088,0.0878906175,0.109863266,0,0.0454420954,0,0,0
7,5,32768,0.0439453088,0.131835923,0.175781235,0.219726533,0,0,0,0,0
8,0,1,0,0,0,0,0,0.00823940989,0,0,0
8,1,8,0.00823940989,0.00823940989,0.00823940989,0.00823940989,0,0.0041201869,0,0,0
8,2,64,0.0054931636,0.0109869968,0.0164838489,0.0164838489,0,0.00961321969,0,0,0
8,3,512,0,0.0219726544,0.0439453088,0.0439453088,0,0.0222302841,0,0,0
8,4,4096,0.0219726544,0.0439453088,0.0878906175,0.109863266,0,0.045426029,0,0,0
8,5,32768,0.0439453088,0.131835923,0.175781235,0.219726533,0,0,0,0,0
9,0,1,0,0,0,0,0,0.00824108627,0,0,0
9,1,8,0.00824108627,0.00824108627,0.00824108627,0.00824108627,0,0.00206048111,0,0,0
9,2,64,0,0.0164821725,0.0164855253,0.0164855253,0,0.000515120279,0,0,0
9,3,512,0,0,0.0329643451,0.0329710506,0,0.00012889794,0,0,0
9,4,4096,0,0,0,0.0659957454,0,3.23292588e-05,0,0,0
9,5,32768,0,0,0,0.132447466,0,0,0,0,0
10,0,1,0,0,0,0,0,0.00824108627,0,0,0
10,1,8,0.00823940989,0.00824276265,0.00824276265,0.00824276265,0,0.00206027157,0,0,0
10,2,64,0,0.0164821725,0.0164821725,0.0164821725,0,0.000515015505,0,0,0
10,3,512,0,0,0.0329576395,0.0329643451,0,0.000128884843,0,0,0
10,4,4096,0,0,0,0.0659957454,0,3.23194363e-05,0,0,0
10,5,32768,0,0,0,0.132420644,0,0,0,0,0
11,0,1,0,0,0,0,0,0.00824192446,0,0,0
11,1,8,0.00824108627,0.00824276265,0.00824276265,0.00824276265,0,0.00480655994,0,0,0
11,2,64,0.0054931636,0.0164821725,0.0219706409,0.0219706409,0,0.00978491774,0,0,0
11,3,512,0,0.0219726544,0.0439453088,0.0439613983,0,0.022273261,0,0,0
11,4,4096,0.0219726544,0.0439453088,0.0878906175,0.109863266,0,0.0448895879,0,0,0
11,5,32768,0.0439453088,0.131835923,0.175781235,0.219726533,0,0,0,0,0
12,0,1,0,0,0,0,0,0.00824192446,0,0,0
12,1,8,0.00823940989,0.00824443903,0.00824443903,0.00824443903,0,0.00412071077,0,0,0
12,2,64,0.0054931636,0.0109903496,0.0164888781,0.0164888781,0,0.00961303634,0,0,0
12,3,512,0,0.0219726544,0.0439453088,0.0439453088,0,0.022230343,0,0,0
12,4,4096,0.0219726544,0.0439453088,0.0878906175,0.109863266,0,0.0448788814,0,0,0
12,5,32768,0.0439453088,0.131835923,0.175781235,0.219726533,0,0,0,0,0
13,0,1,0,0,0,0,0,0.00824024808,0,0,0
13,1,8,0.00823940989,0.00824108627,0.00824108627,0.00824108627,0,0.00206006202,0,0,0
13,2,64,0,0.0164788198,0.0164821725,0.0164821725,0,0.000515120279,0,0,0
13,3,512,0,0,0.0329576395,0.0329777561,0,0.00012893723,0,0,0
13,4,4096,0,0,0,0.0660359785,0,3.23390814e-05,0,0,0
13,5,32768,0,0,0,0.13250111,0,0,0,0,0
14,0,1,0,0,0,0,0,0.00686645461,0,0,0
14,1,8,0.00686645415,0.00686645415,0.00686645415,0.00686645415,0,0.00309007207,0,0,0
14,2,64,0.0027465818,0.0137362611,0.0164788198,0.0164788198,0,0.00789645407,0,0,0
14,3,512,0,0.0219726544,0.0274658166,0.0329589806,0,0.0196983195,0,0,0
14,4,4096,0.0109863272,0.0549316332,0.0988769382,0.131835923,0,0.0378944212,0,0,0
14,5,32768,0.0219726544,0.109863266,0.175781235,0.263671845,0,0,0,0,0
15,0,1,0,0,0,0,0,0.00412054313,0,0,0
15,1,8,0.00412054313,0.00412054313,0.00412054313,0.00412054313,0,0.00652367662,0,0,0
15,2,64,0.0054931636,0.00824779179,0.0109869968,0.0109869968,0,0.0139047068,0,0,0
15,3,512,0.0164794903,0.0164794903,0.0219726544,0.0219806992,0,0.0282813222,0,0,0
15,4,4096,0.0329589806,0.0439453088,0.0549316332,0.0549316332,0,0.0571955929,0,0,0
15,5,32768,0.0659179613,0.0878906175,0.109863266,0.109863266,0,0,0,0,0
16,0,1,0,0,0,0,0,0.00549182249,0,0,0
16,1,8,0.00549182203,0.00549182203,0.00549182203,0.00549182203,0,0.00412071083,0,0,0
16,2,64,0.0027465818,0.0109903496,0.0164888781,0.0164888781,0,0.0116732658,0,0,0
16,3,512,0.0054931636,0.0274658166,0.038452141,0.0439546928,0,0.0267364346,0,0,0
16,4,4096,0.0109863272,0.076904282,0.0878906175,0.0988769382,0,0.0547976734,0,0,0
16,5,32768,0.0219726544,0.131835923,0.197753876,0.241699189,0,0,0,0,0
17,0,1,0,0,0,0,0,0.00686813099,0,0,0
17,1,8,0.00686813053,0.00686813053,0.00686813053,0.00686813053,0,0.00171661354,0,0,0
17,2,64,0,0.0137329083,0.0137329083,0.0137329083,0,0.00317587139,0,0,0
17,3,512,0,0.0109863272,0.0274725221,0.0384628735,0,0.00688809013,0,0,0
17,4,4096,0,0.0329589806,0.0549316332,0.0769793913,0,0.0128372037,0,0,0
17,5,32768,0,0.0659179613,0.109863266,0.154414758,0,0,0,0,0
18,0,1,0,0,0,0,0,0.0109869977,0,0,0
18,1,8,0.0109869968,0.0109869968,0.0109869968,0.0109869968,0,0.00892655831,0,0,0
18,2,64,0.00823974516,0.0219739936,0.0219739936,0.0219739936,0,0.0145914675,0,0,0
18,3,512,0.0164794903,0.0164794903,0.0439479873,0.0439748093,0,0.0283671559,0,0,0
18,4,4096,0.0329589806,0.0329589806,0.0329589806,0.0879496187,0,0.0565303801,0,0,0
18,5,32768,0.0659179613,0.0659179613,0.0659179613,0.176382035,0,0,0,0,0
19,0,1,0,0,0,0,0,0.00824108627,0,0,0
19,1,8,0.00824108627,0.00824108627,0.00824108627,0.00824108627,0,0.00309049158,0,0,0
19,2,64,0.0027465818,0.0137329083,0.0164888781,0.0164888781,0,0.00506405281,0,0,0
19,3,512,0.0054931636,0.0109863272,0.0274658166,0.0329643451,0,0.0116516583,0,0,0
19,4,4096,0.0109863272,0.0219726544,0.0329589806,0.0660091564,0,0.0218333383,0,0,0
19,5,32768,0.0219726544,0.0439453088,0.0659179613,0.132393822,0,0,0,0,0
20,0,1,0,0,0,0,0,0.00961571839,0,0,0
20,1,8,0.00961571839,0.00961571839,0.00961571839,0.00961571839,0,0.00549408561,0,0,0
20,2,64,0.0027465818,0.0164888781,0.0192314368,0.0192314368,0,0.00952733131,0,0,0
20,3,512,0.0109863272,0.0109863272,0.0329643451,0.0384628735,0,0.0199557957,0,0,0
20,4,4096,0.0219726544,0.0329589806,0.0439453088,0.0769793913,0,0.0379909376,0,0,0
20,5,32768,0.0439453088,0.0659179613,0.0878906175,0.154280648,0,0,0,0,0
21,0,1,0,0,0,0,0,0.0055002044,0,0,0
21,1,8,0.00549852755,0.00550188031,0.00550188031,0.00550188031,0,0.00274767133,0,0,0
21,2,64,0.0027465818,0.0109970551,0.0137396138,0.0137396138,0,0.00497845194,0,0,0
21,3,512,0,0.0109863272,0.0219941102,0.0274792276,0,0.00961318305,0,0,0
21,4,4096,0,0.0219726544,0.0439453088,0.0550120994,0,0.0190170477,0,0,0
21,5,32768,0.0219726544,0.0439453088,0.0878906175,0.110667929,0,0,0,0,0
22,0,1,0,0,0,0,0,0.00686980737,0,0,0
22,1,8,0.00686980691,0.00686980691,0.00686980691,0.00686980691,0,0.00721002847,0,0,0
22,2,64,0.0109863272,0.0137329083,0.0247232579,0.0247232579,0,0.0189689578,0,0,0
22,3,512,0,0.0439453088,0.0878906175,0.0878906175,0,0.0382162578,0,0,0
22,4,4096,0,0.0878906175,0.175781235,0.175781235,0,0.0760085809,0,0,0
22,5,32768,0.0878906175,0.175781235,0.35156247,0.439453065,0,0,0,0,0
23,0,1,0,0,0,0,0,0.00274926401,0,0,0
23,1,8,0.00274926377,0.00274926377,0.00274926377,0.00274926377,0,0.00618148549,0,0,0
23,2,64,0.0054931636,0.00823974516,0.00824779179,0.00824779179,0,0.0138189494,0,0,0
23,3,512,0.0164794903,0.0164794903,0.0219726544,0.0219726544,0,0.0292685507,0,0,0
23,4,4096,0.0329589806,0.0439453088,0.0549316332,0.0549316332,0,0.0567717953,0,0,0
23,5,32768,0.0659179613,0.0878906175,0.109863266,0.109863266,0,0,0,0,0
24,0,1,0,0,0,0,0,0.00412557228,0,0,0
24,1,8,0.00412054313,0.00413060142,0.00413060142,0.00413060142,0,0.00309049126,0,0,0
24,2,64,0.0027465818,0.00824108627,0.00824779179,0.00824779179,0,0.00489239068,0,0,0
24,3,512,0.0054931636,0.0054931636,0.0164821725,0.0164821725,0,0.0148916127,0,0,0
24,4,4096,0.0109863272,0.0549316332,0.0549316332,0.0549316332,0,0.0354803465,0,0,0
24,5,32768,0.0219726544,0.109863266,0.241699189,0.241699189,0,0,0,0,0
25,0,1,0,0,0,0,0,0.00549852801,0,0,0
25,1,8,0.00549182203,0.00550523307,0.00550523307,0.00550523307,0,0.0013733746,0,0,0
25,2,64,0,0.0109836441,0.0109903496,0.0109903496,0,0.00034334365,0,0,0
25,3,512,0,0,0.0219672881,0.0219806992,0,8.59668799e-05,0,0,0
25,4,4096,0,0,0,0.0440150425,0,2.16226872e-05,0,0,0
25,5,32768,0,0,0,0.0885665268,0,0,0,0,0
26,0,1,0,0,0,0,0,0.00686645461,0,0,0
26,1,8,0.00686645415,0.00686645415,0.00686645415,0.00686645415,0,0.00446394971,0,0,0
26,2,64,0.0054931636,0.0137396138,0.0192314368,0.0192314368,0,0.00969895085,0,0,0
26,3,512,0,0.0219726544,0.0439453088,0.0439453088,0,0.0191618254,0,0,0
26,4,4096,0,0.0439453088,0.0878906175,0.0878906175,0,0.0349492907,0,0,0
26,5,32768,0,0.0878906175,0.175781235,0.219726533,0,0,0,0,0
27,0,1,0,0,0,0,0,0.00274657877,0,0,0
27,1,8,0.002746579,0.002746579,0.002746579,0.002746579,0,0.00480676955,0,0,0
27,2,64,0.0054931636,0.0054931636,0.00549852755,0.00549852755,0,0.00944196153,0,0,0
27,3,512,0.0109863272,0.0109863272,0.0110104661,0.0110372882,0,0.0215464815,0,0,0
27,4,4096,0.0219726544,0.0439453088,0.0439453088,0.0439453088,0,0.0444403567,0,0,0
27,5,32768,0.0439453088,0.0439453088,0.153808564,0.153808564,0,0,0,0,0
28,0,1,0,0,0,0,0,0.00549349887,0,0,0
28,1,8,0.00549182203,0.00549517479,0.00549517479,0.00549517479,0,0.00240443245,0,0,0
28,2,64,0.0027465818,0.00824779179,0.0109970551,0.0109970551,0,0.00489264221,0,0,0
28,3,512,0,0.0109863272,0.0219726544,0.0219806992,0,0.0118662488,0,0,0
28,4,4096,0,0.0329589806,0.0439453088,0.0549316332,0,0.0233997462,0,0,0
28,5,32768,0,0.0878906175,0.153808564,0.153808579,0,0,0,0,0
29,0,1,0,0,0,0,0,0.00549517525,0,0,0
29,1,8,0.00549517479,0.00549517479,0.00549517479,0.00549517479,0,0.00274809042,0,0,0
29,2,64,0.0027465818,0.0109903496,0.0137530249,0.0137530249,0,0.00497834717,0,0,0
29,3,512,0,0.0109863272,0.0219806992,0.0274792276,0,0.00961315685,0,0,0
29,4,4096,0,0.0219726544,0.0439453088,0.0549852774,0,0.0174827391,0,0,0
29,5,32768,0,0.0439453088,0.0878906175,0.110131487,0,0,0,0,0
30,0,1,0,0,0,0,0,0.00549685163,0,0,0
30,1,8,0.00413060142,0.00686310139,0.00686310139,0.00686310139,0,0.00583673769,0,0,0
30,2,64,0.0054931636,0.0109970551,0.0137262028,0.0137262028,0,0.0061370613,0,0,0
30,3,512,0,0.0219726544,0.0220075212,0.0274524055,0,0.00716687755,0,0,0
30,4,4096,0,0.0329589806,0.0439453088,0.0549316332,0,0.0119747656,0,0,0
30,5,32768,0,0.0659179613,0.131835923,0.175791949,0,0,0,0,0
31,0,1,0.0054931636,0.0054931636,0.0054931636,0.0054931636,0,0.00137630838,0,0,0
31,1,8,0.00137463189,0.00137798465,0.00137798465,0.00137798465,0,0.0102990111,0,0,0
31,2,64,0.0109863272,0.0109863272,0.0137329083,0.0137329083,0,0.0279591974,0,0,0
31,3,512,0.0274658166,0.0439453088,0.0604247972,0.0659179613,0,0.0519597666,0,0,0
31,4,4096,0.0439453088,0.0988769382,0.142822251,0.175781235,0,0.0784531784,0,0,0
31,5,32768,0.0659179613,0.175781235,0.285644501,0.439453065,0,0,0,0,0
32,0,1,0,0,0,0,0,0.00549014611,0,0,0
32,1,8,0.00411719037,0.00686310139,0.00686310139,0.00686310139,0,0.0135606613,0,0,0
32,2,64,0.0137329083,0.0219726544,0.0219726544,0.0219726544,0,0.0305772206,0,0,0
32,3,512,0.0274658166,0.0494384654,0.0604247898,0.0659179538,0,0.0550120907,0,0,0
32,4,4096,0.0549316332,0.0878906175,0.153808564,0.164794892,0,0.0814439687,0,0,0
32,5,32768,0.0659179613,0.175781235,0.285644501,0.35156247,0,0,0,0,0
33,0,1,0.0013732909,0.0013732909,0.0013732909,0.0013732909,0,0.00652447296,0,0,0
33,1,8,0.00686645415,0.00686980691,0.00686980691,0.00686980691,0,0.0102133062,0,0,0
33,2,64,0.0109863272,0.0109863272,0.0164821725,0.0164821725,0,0.0245261798,0,0,0
33,3,512,0.0219726544,0.0439453088,0.0494384728,0.0549316332,0,0.0362152774,0,0,0
33,4,4096,0.0439453088,0.0769042894,0.0988769457,0.109863266,0,0.057338989,0,0,0
33,5,32768,0.0439453088,0.131835923,0.197753891,0.241699189,0,0,0,0,0
34,0,1,0.00137329195,0.00137329195,0.00137329195,0.00137329195,0,0.00669881655,0,0,0
34,1,8,0.00686980691,0.00686980691,0.00686980691,0.00686980691,0,0.010085147,0,0,0
34,2,64,0.0109836441,0.0164794903,0.0192260724,0.0192260724,0,0.0178633846,0,0,0
34,3,512,0.0164794903,0.0329589806,0.0384521447,0.0439453088,0,0.03126387,0,0,0
34,4,4096,0.0329589806,0.0549316332,0.0769042894,0.109863266,0,0.0513315026,0,0,0
34,5,32768,0.0439453088,0.109863266,0.153808579,0.219726533,0,0,0,0,0
35,0,1,1.63709024e-09,1.63709024e-09,1.63709024e-09,1.63709024e-09,0,0.00549182249,0,0,0
35,1,8,0.00411719037,0.00686645415,0.00686645415,0.00686645415,0,0.00828360335,0,0,0
35,2,64,0.00961571839,0.0109863272,0.0137329064,0.0137329064,0,0.0213504129,0,0,0
35,3,512,0.0219726544,0.0329589806,0.038452141,0.038452141,0,0.0507099414,0,0,0
35,4,4096,0.0439453088,0.0769042894,0.109863266,0.131835923,0,0.0821896418,0,0,0
35,5,32768,0.0659179613,0.175781235,0.241699189,0.329589784,0,0,0,0,0
36,0,1,0.00549316127,0.00549316127,0.00549316127,0.00549316127,0,0.00274591125,0,0,0
36,1,8,0.00137127913,0.00412054313,0.00412054313,0.00412054313,0,0.00446445303,0,0,0
36,2,64,0.00549182203,0.00823974703,0.00826120283,0.00826120283,0,0.0212002413,0,0,0
36,3,512,0.0219726544,0.0329589806,0.0494384691,0.0549316332,0,0.0398683244,0,0,0
36,4,4096,0.0329589806,0.076904282,0.0988769457,0.109863266,0,0.0861539556,0,0,0
36,5,32768,0.0878906175,0.153808579,0.197753876,0.263671845,0,0,0,0,0
37,0,1,6.54836096e-09,6.54836096e-09,6.54836096e-09,6.54836096e-09,0,0.00549182249,0,0,0
37,1,8,0.00549182203,0.00549182203,0.00549182203,0.00549182203,0,0.0130471811,0,0,0
37,2,64,0.0109970551,0.0137329083,0.0247232579,0.0247232579,0,0.023345924,0,0,0
37,3,512,0.0274658166,0.038452141,0.0494384728,0.0604167506,0,0.0444602895,0,0,0
37,4,4096,0.0439453088,0.0878906175,0.109863266,0.120849594,0,0.0803375317,0,0,0
37,5,32768,0.0878906175,0.153808579,0.219726533,0.307617158,0,0,0,0,0
38,0,1,6.54836096e-09,6.54836096e-09,6.54836096e-09,6.54836096e-09,0,0.00412054313,0,0,0
38,1,8,0.00411719037,0.00412389589,0.00412389589,0.00412389589,0,0.00926963147,0,0,0
38,2,64,0.0109863225,0.0137329083,0.0192247313,0.0192247313,0,0.0152778627,0,0,0
38,3,512,0.0164794903,0.0219726581,0.0274792276,0.0384521447,0,0.0383985843,0,0,0
38,4,4096,0.0329589881,0.0659179762,0.087890625,0.109863281,0,0.0799995375,0,0,0
38,5,32768,0.0878906026,0.153808564,0.219726533,0.285644472,0,0,0,0,0
39,0,1,0,0,0,0,0,0.00961404201,0,0,0
39,1,8,0.00824443903,0.0109836441,0.0109836441,0.0109836441,0,0.00789684075,0,0,0
39,2,64,0.00274658157,0.0164821725,0.0247232579,0.0247232579,0,0.0153635457,0,0,0
39,3,512,0.0164794903,0.0219726581,0.0329589806,0.0439345762,0,0.030577109,0,0,0
39,4,4096,0.0219726581,0.0549316332,0.0988769382,0.131835923,0,0.0795971684,0,0,0
39,5,32768,0.0659179613,0.131835923,0.197753891,0.285644472,0,0,0,0,0
40,0,1,1.30967219e-08,1.30967219e-08,1.30967219e-08,1.30967219e-08,0,0.00686477823,0,0,0
40,1,8,0.00686310139,0.00686645415,0.00686645415,0.00686645415,0,0.0087529727,0,0,0
40,2,64,0.010986316,0.0109863421,0.0164794996,0.0164794996,0,0.0197415274,0,0,0
40,3,512,0.0219726581,0.0329589732,0.043945305,0.0549316481,0,0.0461098166,0,0,0
40,4,4096,0.0439453088,0.0878906175,0.109863266,0.131835923,0,0.0668218989,0,0,0
40,5,32768,0.0439453162,0.153808579,0.241699189,0.307617158,0,0,0,0,0
41,0,1,1.30967219e-08,1.30967219e-08,1.30967219e-08,1.30967219e-08,0,0.00412054313,0,0,0
41,1,8,0.00274926377,0.00549182203,0.00549182203,0.00549182203,0,0.0116733054,0,0,0
41,2,64,0.0109863272,0.0192260798,0.0219726581,0.0219726581,0,0.0228094929,0,0,0
41,3,512,0.0192260724,0.0384521596,0.0604247898,0.0604247972,0,0.034632868,0,0,0
41,4,4096,0.0329589732,0.0659179613,0.142822236,0.142822236,0,0.0425915594,0,0,0
41,5,32768,0.0219726581,0.109863251,0.219726533,0.307617158,0,0,0,0,0
42,0,1,0,0,0,0,0,0.00823438074,0,0,0
42,1,8,0.00685974862,0.00960901286,0.00960901286,0.00960901286,0,0.010729002,0,0,0
42,2,64,0.00823974516,0.0192247313,0.0219726451,0.0219726451,0,0.0210498431,0,0,0
42,3,512,0.0219726451,0.0329589732,0.0384521447,0.043945305,0,0.0426953877,0,0,0
42,4,4096,0.043945305,0.0769042894,0.109863266,0.131835923,0,0.0570137325,0,0,0
42,5,32768,0.0439453088,0.131835923,0.219726503,0.35156247,0,0,0,0,0
43,0,1,0,0,0,0,0,0.00411719037,0,0,0
43,1,8,0.00411719037,0.00411719037,0.00411719037,0.00411719037,0,0.012532111,0,0,0
43,2,64,0.0109863272,0.0164794736,0.021972632,0.0219726451,0,0.024032923,0,0,0
43,3,512,0.0219726544,0.0384521447,0.0494384766,0.0549316183,0,0.0459677712,0,0,0
43,4,4096,0.0439453088,0.0878906175,0.131835908,0.142822266,0,0.0614199301,0,0,0
43,5,32768,0.0439453088,0.131835923,0.285644472,0.35156247,0,0,0,0,0
44,0,1,0,0,0,0,0,0.00274926401,0,0,0
44,1,8,0.00274255825,0.0027559693,0.0027559693,0.0027559693,0,0.0103001823,0,0,0
44,2,64,0.0109863272,0.0164821725,0.0192314368,0.0192314368,0,0.0162862863,0,0,0
44,3,512,0.0109970551,0.0329589732,0.0329589732,0.0384521447,0,0.0432586578,0,0,0
44,4,4096,0.043945305,0.0659179464,0.0988769233,0.109863251,0,0.0612898728,0,0,0
44,5,32768,0.0549316332,0.131835908,0.17578122,0.197753891,0,0,0,0,0
45,0,1,0.002746579,0.002746579,0.002746579,0.002746579,0,0.00548846973,0,0,0
45,1,8,0.0054851165,0.00549182203,0.00549182203,0.00549182203,0,0.00609380868,0,0,0
45,2,64,0.0054931636,0.00823973678,0.0123515707,0.0123515707,0,0.0245684878,0,0,0
45,3,512,0.0109863291,0.0659179762,0.0769042894,0.0769042894,0,0.0434679644,0,0,0
45,4,4096,0.0219726581,0.109863266,0.17578122,0.17578122,0,0.0588518786,0,0,0
45,5,32768,0.0439453088,0.131835923,0.307617158,0.35156247,0,0,0,0,0
46,0,1,1.30967219e-08,1.30967219e-08,1.30967219e-08,1.30967219e-08,0,0.00548511697,0,0,0
46,1,8,0.0054851165,0.0054851165,0.0054851165,0.0054851165,0,0.0114156473,0,0,0
46,2,64,0.00823973678,0.0164821725,0.0205993615,0.0205993615,0,0.0155991214,0,0,0
46,3,512,0.0109863421,0.0384521447,0.0384521447,0.0384521447,0,0.0360434885,0,0,0
46,4,4096,0.0439452901,0.0659179389,0.076904282,0.0988125652,0,0.0593934399,0,0,0
46,5,32768,0.0659179613,0.12084958,0.153808579,0.241699189,0,0,0,0,0
47,0,1,2.61934439e-08,2.61934439e-08,2.61934439e-08,2.61934439e-08,0,0.00412054313,0,0,0
47,1,8,0.00411719037,0.00412389589,0.00412389589,0.00412389589,0,0.0130472612,0,0,0
47,2,64,0.010986316,0.0164794903,0.0164794903,0.0164794903,0,0.026070758,0,0,0
47,3,512,0.0219726581,0.0439453162,0.0604247898,0.0604247898,0,0.041327642,0,0,0
47,4,4096,0.0439452901,0.109863251,0.131835938,0.131835938,0,0.0706788568,0,0,0
47,5,32768,0.0659179762,0.131835938,0.208740219,0.241699189,0,0,0,0,0
48,0,1,2.61934439e-08,2.61934439e-08,2.61934439e-08,2.61934439e-08,0,0.00138133753,0,0,0
48,1,8,0.00138133741,0.00138133741,0.00138133741,0.00138133741,0,0.00652296166,0,0,0
48,2,64,0.00686642807,0.00823438074,0.00961571839,0.00961571839,0,0.0189687902,0,0,0
48,3,512,0.0219726544,0.0384521335,0.041198723,0.041198723,0,0.0374544276,0,0,0
48,4,4096,0.0439453088,0.0659179613,0.109863266,0.109863266,0,0.0604523535,0,0,0
48,5,32768,0.0439453162,0.109863266,0.175781235,0.241699189,0,0,0,0,0
49,0,1,0.00549318409,0.00549318409,0.00549318409,0.00549318409,0,0.00413060142,0,0,0
49,1,8,0.0027559693,0.00550523307,0.00550523307,0.00550523307,0,0.0195687236,0,0,0
49,2,64,0.0164795257,0.0219726581,0.0274658166,0.0274658166,0,0.0289249966,0,0,0
49,3,512,0.0219726544,0.0549316593,0.0549316593,0.0549316593,0,0.0311458824,0,0,0
49,4,4096,0.0219726544,0.0769042671,0.131835893,0.153808564,0,0.0679805806,0,0,0
49,5,32768,0.0439452901,0.197753891,0.307617158,0.373535126,0,0,0,0,0
50,0,1,2.61934439e-08,2.61934439e-08,2.61934439e-08,2.61934439e-08,0,0.00275596953,0,0,0
50,1,8,0.0027559693,0.0027559693,0.0027559693,0.0027559693,0,0.00755293877,0,0,0
50,2,64,0.00823974982,0.0109836441,0.0137329083,0.0137329083,0,0.018561231,0,0,0
50,3,512,0.0192260668,0.0329589471,0.0439453162,0.0439453162,0,0.0367944937,0,0,0
50,4,4096,0.0329589806,0.0549316332,0.0769042894,0.0878906175,0,0.0831484692,0,0,0
50,5,32768,0.0769042894,0.142822221,0.197753906,0.241699189,0,0,0,0,0
51,0,1,2.61934439e-08,2.61934439e-08,2.61934439e-08,2.61934439e-08,0,0.00274255848,0,0,0
51,1,8,0.00274255825,0.00274255825,0.00274255825,0.00274255825,0,0.00755293126,0,0,0
51,2,64,0.00823974982,0.0109836441,0.0137329083,0.0137329083,0,0.0136471634,0,0,0
51,3,512,0.0109863272,0.0274658166,0.0274658166,0.0384628735,0,0.0440042956,0,0,0
51,4,4096,0.0439452901,0.0659179613,0.0769042894,0.0878906175,0,0.0725986776,0,0,0
51,5,32768,0.0659179613,0.131835923,0.175781235,0.263671845,0,0,0,0,0
52,0,1,2.61934439e-08,2.61934439e-08,2.61934439e-08,2.61934439e-08,0,0.00686310185,0,0,0
52,1,8,0.00549182203,0.00823438074,0.00823438074,0.00823438074,0,0.00635179307,0,0,0
52,2,64,0.00686642807,0.0123515707,0.0137463193,0.0137463193,0,0.0172627948,0,0,0
52,3,512,0.0164794903,0.0329589993,0.0439453423,0.0549584553,0,0.0345978448,0,0,0
52,4,4096,0.0329589471,0.0769042671,0.109863237,0.120860323,0,0.0506434312,0,0,0
52,5,32768,0.0439453088,0.109863237,0.219726562,0.263714761,0,0,0,0,0
53,0,1,0.00137326983,0.00137326983,0.00137326983,0.00137326983,0,0.00377856172,0,0,0
53,1,8,0.0034399326,0.00411719037,0.00411719037,0.00411719037,0,0.00369139959,0,0,0
53,2,64,0.00276267482,0.00549318409,0.00823438074,0.00823438074,0,0.0176169593,0,0,0
53,3,512,0.0137329083,0.0274658166,0.0494384766,0.0494384766,0,0.0351638182,0,0,0
53,4,4096,0.0329589993,0.0659179613,0.0878906623,0.109863296,0,0.0829002567,0,0,0
53,5,32768,0.0769042894,0.17578122,0.219726503,0.307617128,0,0,0,0,0
54,0,1,0.00137326983,0.00137326983,0.00137326983,0.00137326983,0,0.00755377067,0,0,0
54,1,8,0.00549182203,0.00961571839,0.00961571839,0.00961571839,0,0.00386407148,0,0,0
54,2,64,0.00137329602,0.0109970551,0.0164955836,0.0164955836,0,0.0157718888,0,0,0
54,3,512,0.0164794996,0.0219726581,0.0247192252,0.0274658166,0,0.0341874907,0,0,0
54,4,4096,0.0274658166,0.0769043192,0.0988769531,0.109863266,0,0.080832137,0,0,0
54,5,32768,0.0769042894,0.153808579,0.197753876,0.283777684,0,0,0,0,0
55,0,1,0,0,0,0,0,0.00275261677,0,0,0
55,1,8,0.00274926377,0.0027559693,0.0027559693,0.0027559693,0,0.00137616004,0,0,0
55,2,64,0.0013732909,0.00551193859,0.00689327624,0.00689327624,0,0.0139049878,0,0,0
55,3,512,0.0164794736,0.0219726581,0.0219726581,0.0275194608,0,0.0333449301,0,0,0
55,4,4096,0.0329589732,0.0659179464,0.0878906325,0.0878906325,0,0.0591957092,0,0,0
55,5,32768,0.0439453162,0.131835893,0.175781235,0.219726503,0,0,0,0,0
56,0,1,5.23868877e-08,5.23868877e-08,5.23868877e-08,5.23868877e-08,0,0.00548846973,0,0,0
56,1,8,0.00411719037,0.00685974862,0.00685974862,0.00685974862,0,0.00806707633,0,0,0
56,2,64,0.00549318409,0.0164794996,0.0164794996,0.0164794996,0,0.0224019442,0,0,0
56,3,512,0.0274657644,0.0384521857,0.0494384728,0.0494384728,0,0.0352871251,0,0,0
56,4,4096,0.0329589806,0.0659179986,0.0988769531,0.120849594,0,0.0604033415,0,0,0
56,5,32768,0.0439453162,0.131835923,0.197753921,0.263671845,0,0,0,0,0
57,0,1,0.00549313193,0.00549313193,0.00549313193,0.00549313193,0,0.00138495211,0,0,0
57,1,8,1.39349122e-05,0.0027559693,0.0027559693,0.0027559693,0,0.00354132544,0,0,0
57,2,64,0.00274659204,0.00823977683,0.0109970551,0.0109970551,0,0.00489278923,0,0,0
57,3,512,5.23868877e-08,0.0164794903,0.0274658166,0.0329589806,0,0.0299495602,0,0,0
57,4,4096,0.0329589806,0.0549316332,0.0769043192,0.142822251,0,0.0705857062,0,0,0
57,5,32768,0.0659179464,0.153808564,0.219726533,0.307617158,0,0,0,0,0
58,0,1,5.23868877e-08,5.23868877e-08,5.23868877e-08,5.23868877e-08,0,0.00275596953,0,0,0
58,1,8,0.0027559693,0.0027559693,0.0027559693,0.0027559693,0,0.0130467581,0,0,0
58,2,64,0.0137329083,0.0164821725,0.0192314368,0.0192314368,0,0.0142806983,0,0,0
58,3,512,0.0137329083,0.0274658687,0.0274658687,0.0329589993,0,0.0232172048,0,0,0
58,4,4096,0.0219726544,0.0439453162,0.0549316332,0.0823973939,0,0.06627203,0,0,0
58,5,32768,0.0659179613,0.109863319,0.175781265,0.219726533,0,0,0,0,0
59,0,1,0.00549313193,0.00549313193,0.00549313193,0.00549313193,0,0.00549182249,0,0,0
59,1,8,0.00274926377,0.00823438074,0.00823438074,0.00823438074,0,0.00944088027,0,0,0
59,2,64,0.0068665063,0.0192260407,0.0192260407,0.0192260407,0,0.0156110275,0,0,0
59,3,512,0.0164794903,0.0219726544,0.0329589806,0.0329589806,0,0.0300514308,0,0,0
59,4,4096,0.0329589471,0.0549316332,0.0769042894,0.0988769531,0,0.0588288717,0,0,0
59,5,32768,0.0549316332,0.109863266,0.153808638,0.197753891,0,0,0,0,0
60,0,1,0,0,0,0,0,0.00137798476,0,0,0
60,1,8,0.00137463189,0.00138133741,0.00138133741,0.00138133741,0,0.00193165595,0,0,0
60,2,64,0.00137332221,0.00411987258,0.00549852755,0.00549852755,0,0.00463469451,0,0,0
60,3,512,0,0.0109863682,0.0219726544,0.0274658166,0,0.024786334,0,0,0
60,4,4096,0.0219726842,0.038452141,0.0769042894,0.0878906325,0,0.0437227432,0,0,0
60,5,32768,0.0439453088,0.0878906325,0.153808638,0.263671845,0,0,0,0,0
61,0,1,0.00274659204,0.00274659204,0.00274659204,0.00274659204,0,0.00205859519,0,0,0
61,1,8,0.00136792636,0.00274926377,0.00274926377,0.00274926377,0,0.00210558041,0,0,0
61,2,64,0.00137332221,0.00549313193,0.00827461388,0.00827461388,0,0.00330473631,0,0,0
61,3,512,0,0.00823977683,0.0219672881,0.0219726544,0,0.021916329,0,0,0
61,4,4096,0.0219726544,0.0329589993,0.0549316332,0.0878906175,0,0.0412188283,0,0,0
61,5,32768,0.0439453088,0.0878906175,0.109863266,0.197753876,0,0,0,0,0
62,0,1,0.00137332221,0.00137332221,0.00137332221,0.00137332221,0,0.00239722407,0,0,0
62,1,8,0.00205188966,0.00274255825,0.00274255825,0.00274255825,0,0.00712427136,0,0,0
62,2,64,0.00961304642,0.010986316,0.0123596173,0.0123596173,0,0.0106963113,0,0,0
62,3,512,0.0109863272,0.0219726842,0.038452141,0.0439453088,0,0.0285626893,0,0,0
62,4,4096,0.0274658166,0.0439453162,0.0878906846,0.131835923,0,0.0455888147,0,0,0
62,5,32768,0.0329589993,0.0878906325,0.17578122,0.307617128,0,0,0,0,0
63,0,1,0.00137326983,0.00137326983,0.00137326983,0.00137326983,0,0.0102929762,0,0,0
63,1,8,0.00959560182,0.0109903496,0.0109903496,0.0109903496,0,0.00888129609,0,0,0
63,2,64,0.00823974516,0.0164795537,0.0178527702,0.0178527702,0,0.0175094084,0,0,0
63,3,512,0.0164794996,0.0329589806,0.0439453162,0.0604248159,0,0.0307353415,0,0,0
63,4,4096,0.0274658166,0.0659179613,0.109863266,0.131835952,0,0.0689649376,0,0,0
63,5,32768,0.0659179613,0.12084958,0.197753906,0.307617158,0,0,0,0,0
64,0,1,0.00274653966,0.00274653966,0.00274653966,0.00274653966,0,0.00755712343,0,0,0
64,1,8,0.00687315967,0.00824108627,0.00824108627,0.00824108627,0,0.00866966083,0,0,0
64,2,64,0.00823982898,0.0137329083,0.0164794475,0.017852718,0,0.0188080938,0,0,0
64,3,512,0.0164794996,0.0329589993,0.041198723,0.0439453162,0,0.0290000415,0,0,0
64,4,4096,0.0274658166,0.0549316332,0.0714110807,0.0878906175,0,0.0586068371,0,0,0
64,5,32768,0.054931581,0.109863266,0.175781265,0.219726592,0,0,0,0,0
65,0,1,0.00549313193,0.00549313193,0.00549313193,0.00549313193,0,0.00378191448,0,0,0
65,1,8,0.00274926377,0.00481456472,0.00481456472,0.00481456472,0,0.00326030132,0,0,0
65,2,64,0.0013732909,0.00823972374,0.00961299427,0.00961299427,0,0.017327027,0,0,0
65,3,512,0.0164794996,0.0247192774,0.0357055925,0.0384360515,0,0.027972725,0,0,0
65,4,4096,0.0219726544,0.0549316332,0.0823974237,0.0823974237,0,0.0440606343,0,0,0
65,5,32768,0.0439453088,0.0878906325,0.17578122,0.175781235,0,0,0,0,0
66,0,1,0.00274659204,0.00274659204,0.00274659204,0.00274659204,0,0.0017199663,0,0,0
66,1,8,0.000697374227,0.00274255825,0.00274255825,0.00274255825,0,0.0101271747,0,0,0
66,2,64,0.0109836441,0.0123595856,0.0164687615,0.0164687615,0,0.0135829617,0,0,0
66,3,512,0.0109863272,0.0247192513,0.0274658166,0.0274658166,0,0.0170641826,0,0,0
66,4,4096,0.0164794996,0.0329589993,0.0494385026,0.0659179464,0,0.0270923164,0,0,0
66,5,32768,0.0219726544,0.0659179613,0.131835923,0.153808579,0,0,0,0,0
67,0,1,0.00137326983,0.00137326983,0.00137326983,0.00137326983,0,0.00686980737,0,0,0
67,1,8,0.00549852755,0.00824108627,0.00824108627,0.00824108627,0,0.00879849197,0,0,0
67,2,64,0.00686645415,0.0192260928,0.0192260928,0.0192260928,0,0.011962868,0,0,0
67,3,512,0.0109863421,0.0219726581,0.0329589993,0.0439453088,0,0.0239842926,0,0,0
67,4,4096,0.0219726581,0.0439453162,0.0659179762,0.109863266,0,0.0425760037,0,0,0
67,5,32768,0.0439453088,0.0878906325,0.17578122,0.219726533,0,0,0,0,0
68,0,1,2.61934439e-08,2.61934439e-08,2.61934439e-08,2.61934439e-08,0,0.0024039296,0,0,0
68,1,8,0.00206530071,0.00274255825,0.00274255825,0.00274255825,0,0.00888230672,0,0,0
68,2,64,0.00686645415,0.0178527702,0.0192260928,0.0192260928,0,0.0141621892,0,0,0
68,3,512,0.0109863421,0.0274658166,0.0384521335,0.0384521335,0,0.0234665301,0,0,0
68,4,4096,0.0219726544,0.0439453162,0.0878906325,0.109863266,0,0.0564725689,0,0,0
68,5,32768,0.0549316332,0.0988769531,0.175781235,0.219726533,0,0,0,0,0
69,0,1,2.61934439e-08,2.61934439e-08,2.61934439e-08,2.61934439e-08,0,0.00548846973,0,0,0
69,1,8,0.0054851165,0.00549182203,0.00549182203,0.00549182203,0,0.00793850422,0,0,0
69,2,64,0.00549318409,0.0164794996,0.0178527702,0.0192260668,0,0.0169411436,0,0,0
69,3,512,0.0137329083,0.0274658427,0.0357055664,0.0439453088,0,0.031231525,0,0,0
69,4,4096,0.0274657905,0.0549316332,0.0878905803,0.0878905803,0,0.0552246602,0,0,0
69,5,32768,0.0439453423,0.0878906325,0.175781235,0.285644501,0,0,0,0,0
70,0,1,0.00686642807,0.00686642807,0.00686642807,0.00686642807,0,0.00308118737,0,0,0
70,1,8,0.00274926377,0.00341311051,0.00341311051,0.00341311051,0,0.0120183093,0,0,0
70,2,64,0.010986316,0.0219726581,0.0219806992,0.0219806992,0,0.0172415918,0,0,0
70,3,512,0.0164794736,0.0329589732,0.0329589732,0.0329911672,0,0.0275327849,0,0,0
70,4,4096,0.0274658166,0.0494385026,0.0659179762,0.0878905803,0,0.0453668524,0,0,0
70,5,32768,0.0439453162,0.0878906101,0.142822236,0.197753876,0,0,0,0,0
71,0,1,0.00549313193,0.00549313193,0.00549313193,0.00549313193,0,0.00515654637,0,0,0
71,1,8,0.00206530071,0.00824779179,0.00824779179,0.00824779179,0,0.00634992751,0,0,0
71,2,64,0.00549852755,0.00961304642,0.0109863421,0.0109863421,0,0.0152136645,0,0,0
71,3,512,0.0137329083,0.0329589732,0.0439453162,0.0439453162,0,0.0213182656,0,0,0
71,4,4096,0.0164794903,0.0384521335,0.0878906325,0.0878906325,0,0.030412216,0,0,0
71,5,32768,0.0219726581,0.0659179613,0.17578122,0.17578122,0,0,0,0,0
72,0,1,0.00411988841,0.00411988841,0.00411988841,0.00411988841,0,0.00549517525,0,0,0
72,1,8,0.00549182203,0.00549852755,0.00549852755,0.00549852755,0,0.00373350819,0,0,0
72,2,64,0.0054931636,0.00823972374,0.00960230734,0.00960230734,0,0.00886206058,0,0,0
72,3,512,0.00549316313,0.0219726581,0.0219726581,0.0274658166,0,0.0126492999,0,0,0
72,4,4096,0.0109863421,0.0329589732,0.0439453162,0.0439453162,0,0.0189699356,0,0,0
72,5,32768,0.0109863272,0.0549316593,0.0878906101,0.0988769531,0,0,0,0,0
73,0,1,0.00137329602,0.00137329602,0.00137329602,0.00137329602,0,0.00481121195,0,0,0
73,1,8,0.00413060142,0.00549182203,0.00549182203,0.00549182203,0,0.00798159791,0,0,0
73,2,64,0.0109863421,0.0109863421,0.0164687615,0.0164687615,0,0.0134966265,0,0,0
73,3,512,0.0109863421,0.0302123819,0.0302123819,0.0302124079,0,0.0231689362,0,0,0
73,4,4096,0.0219726544,0.0439453162,0.0769043192,0.0769043192,0,0.0373900111,0,0,0
73,5,32768,0.0329589993,0.0769042894,0.153808579,0.175781235,0,0,0,0,0
74,0,1,0,0,0,0,0,0.00137798476,0,0,0
74,1,8,0.00137463189,0.00138133741,0.00138133741,0.00138133741,0,0.000347848923,0,0,0
74,2,64,0,0.00277608586,0.00278949691,0.00278949691,0,0.00557933661,0,0,0
74,3,512,0.00823972374,0.00823974982,0.00823974982,0.0109970551,0,0.0132394041,0,0,0
74,4,4096,0.0164794736,0.0274658166,0.0329589993,0.0384521335,0,0.019735742,0,0,0
74,5,32768,0.0109863421,0.0549316332,0.0878905803,0.0988769233,0,0,0,0,0
75,0,1,0.00274653966,0.00274653966,0.00274653966,0.00274653966,0,0.00309459842,0,0,0
75,1,8,0.00206530071,0.00412389589,0.00412389589,0.00412389589,0,0.00429137415,0,0,0
75,2,64,0.00411719037,0.00686648022,0.00823974982,0.00823974982,0,0.0136150971,0,0,0
75,3,512,0.0137329083,0.0219726842,0.0329589993,0.0329589993,0,0.0291340499,0,0,0
75,4,4096,0.0219726842,0.0549316332,0.0659179613,0.0878905803,0,0.050925756,0,0,0
75,5,32768,0.0439453088,0.0988769233,0.164794952,0.175781265,0,0,0,0,0
76,0,1,2.61934439e-08,2.61934439e-08,2.61934439e-08,2.61934439e-08,0,0.00412054313,0,0,0
76,1,8,0.00274926377,0.00549182203,0.00549182203,0.00549182203,0,0.0111574866,0,0,0
76,2,64,0.00962912943,0.0164795257,0.0192260705,0.0192260705,0,0.0153643181,0,0,0
76,3,512,0.0137329083,0.0219726842,0.0329589806,0.035705559,0,0.0248934165,0,0,0
76,4,4096,0.0219726544,0.0494384728,0.0714111105,0.10437011,0,0.0470947229,0,0,0
76,5,32768,0.0439452901,0.0878906325,0.131835923,0.241699159,0,0,0,0,0
77,0,1,0.00274661835,0.00274661835,0.00274661835,0.00274661835,0,0.00343591208,0,0,0
77,1,8,0.00137329602,0.00549852755,0.00549852755,0.00549852755,0,0.0118468117,0,0,0
77,2,64,0.010986316,0.0178527702,0.0205993615,0.0205993615,0,0.0154809879,0,0,0
77,3,512,0.010986316,0.0329589806,0.0439452641,0.0521850549,0,0.0179601296,0,0,0
77,4,4096,0.0164794736,0.0439453088,0.076904282,0.109863266,0,0.0435651211,0,0,0
77,5,32768,0.0329589993,0.0878906175,0.153808564,0.241699189,0,0,0,0,0
78,0,1,0,0,0,0,0,0.00274926401,0,0,0
78,1,8,0.00274926377,0.00274926377,0.00274926377,0.00274926377,0,0.00205994771,0,0,0
78,2,64,0.0027465818,0.00549852755,0.00823438074,0.00823438074,0,0.0109866704,0,0,0
78,3,512,0.0109863421,0.0164794903,0.0219941102,0.0219941102,0,0.0199020364,0,0,0
78,4,4096,0.0219726544,0.0384521447,0.0659179613,0.0714111254,0,0.050103669,0,0,0
78,5,32768,0.0439453162,0.0988769531,0.175781235,0.175781235,0,0,0,0,0
79,0,1,0.00068664545,0.00068664545,0.00068664545,0.00068664545,0,0.0037802381,0,0,0
79,1,8,0.00377520872,0.00412389589,0.00412389589,0.00412389589,0,0.003195178,0,0,0
79,2,64,0.0027465818,0.00549315801,0.00751018431,0.00751018431,0,0.0122311424,0,0,0
79,3,512,0.0109863272,0.0164794996,0.0192260668,0.0192260668,0,0.026665158,0,0,0
79,4,4096,0.0274657905,0.0494384766,0.0549316853,0.0659179613,0,0.0569194814,0,0,0
79,5,32768,0.0549316332,0.0878906325,0.142822266,0.153808564,0,0,0,0,0
80,0,1,0.00274656597,0.00274656597,0.00274656597,0.00274656597,0,0.00241901702,0,0,0
80,1,8,0.00240728236,0.00276938034,0.00276938034,0.00276938034,0,0.00443176617,0,0,0
80,2,64,0.00274926377,0.00823974982,0.00823974982,0.00823974982,0,0.00784311698,0,0,0
80,3,512,0.00823974423,0.0137329083,0.0192260705,0.0219726581,0,0.0307299515,0,0,0
80,4,4096,0.0219726544,0.0878906325,0.0878906325,0.0878906325,0,0.0484031337,0,0,0
80,5,32768,0.0439453088,0.0878906325,0.142822266,0.164794892,0,0,0,0,0
81,0,1,0.00137329602,0.00137329602,0.00137329602,0.00137329602,0,0.00445917202,0,0,0
81,1,8,0.00341981603,0.00549852755,0.00549852755,0.00549852755,0,0.0031780898,0,0,0
81,2,64,0,0.00690668728,0.0109836441,0.0109836441,0,0.00903409981,0,0,0
81,3,512,0.00549318409,0.0164794736,0.0164794736,0.0274658166,0,0.0161630244,0,0,0
81,4,4096,0.0164794736,0.0329590254,0.0439453162,0.0439453162,0,0.0298918011,0,0,0
81,5,32768,0.0329589471,0.0659179464,0.0988769457,0.12084958,0,0,0,0,0
82,0,1,0.00411986187,0.00411986187,0.00411986187,0.00411986187,0,0.00342920655,0,0,0
82,1,8,0.00137329602,0.0054851165,0.0054851165,0.0054851165,0,0.00969922252,0,0,0
82,2,64,0.0109863682,0.0137329083,0.0137329083,0.0137329083,0,0.0134112015,0,0,0
82,3,512,0.0137329344,0.0219726842,0.0247192346,0.0247192513,0,0.0289732016,0,0,0
82,4,4096,0.0274658166,0.0494384728,0.0714111105,0.082397446,0,0.0487933941,0,0,0
82,5,32768,0.0439453162,0.0878906325,0.153808579,0.175781235,0,0,0,0,0
83,0,1,0.00274659204,0.00274659204,0.00274659204,0.00274659204,0,0.00342987454,0,0,0
83,1,8,0.0030845399,0.00411719037,0.00411719037,0.00411719037,0,0.00601175288,0,0,0
83,2,64,0.00686645415,0.00823974982,0.0109863421,0.0109863421,0,0.0136683433,0,0,0
83,3,512,0.0137329074,0.0247191992,0.0302123819,0.0302123819,0,0.0260576411,0,0,0
83,4,4096,0.0219726581,0.0494384505,0.0714111328,0.0714111328,0,0.0351630476,0,0,0
83,5,32768,0.0329589732,0.0659179613,0.109863266,0.131835952,0,0,0,0,0
84,0,1,0.00274659204,0.00274659204,0.00274659204,0.00274659204,0,0.001374632,0,0,0
84,1,8,0.00137463189,0.00137463189,0.00137463189,0.00137463189,0,0.00163078727,0,0,0
84,2,64,0.00137329602,0.00274926377,0.00411719037,0.00411719037,0,0.00584738285,0,0,0
84,3,512,0.0054931636,0.0109863272,0.0137329083,0.0137597304,0,0.0112036494,0,0,0
84,4,4096,0.0109863272,0.0219726581,0.0329589806,0.0439452901,0,0.0160698108,0,0,0
84,5,32768,0.0109863272,0.0439453088,0.0659179613,0.0878906101,0,0,0,0,0
85,0,1,2.61934439e-08,2.61934439e-08,2.61934439e-08,2.61934439e-08,0,0.00377856148,0,0,0
85,1,8,0.00205859519,0.00549852755,0.00549852755,0.00549852755,0,0.00704213372,0,0,0
85,2,64,0.00549315801,0.00961302035,0.0137463193,0.0137463193,0,0.0142803238,0,0,0
85,3,512,0.0164794475,0.0192260705,0.0192260705,0.0192260705,0,0.027992902,0,0,0
85,4,4096,0.0274658166,0.0439453423,0.0604247972,0.0714111105,0,0.040010153,0,0,0
85,5,32768,0.0329589806,0.076904282,0.131835952,0.164794892,0,0,0,0,0
86,0,1,0,0,0,0,0,0.00206127996,0,0,0
86,1,8,0.00137329602,0.00274926377,0.00274926377,0.00274926377,0,0.00248892367,0,0,0
86,2,64,0.00137329602,0.00686642807,0.00823438074,0.00823438074,0,0.00579395148,0,0,0
86,3,512,0.00274659204,0.0137329083,0.0219726581,0.0219726581,0,0.0234664875,0,0,0
86,4,4096,0.0219726544,0.0439453088,0.0549316332,0.082397446,0,0.0380347001,0,0,0
86,5,32768,0.0329589806,0.0878906325,0.109863266,0.186767563,0,0,0,0,0
87,0,1,0.00274659204,0.00274659204,0.00274659204,0.00274659204,0,0.00172331906,0,0,0
87,1,8,0.000697374227,0.00274926377,0.00274926377,0.00274926377,0,0.00171846306,0,0,0
87,2,64,0.0013732909,0.00411987258,0.00687986519,0.00687986519,0,0.00674839916,0,0,0
87,3,512,0.00549318409,0.0109863421,0.0164794885,0.0192260668,0,0.0193145886,0,0,0
87,4,4096,0.0164794996,0.0384521596,0.0714111105,0.0769042671,0,0.034015744,0,0,0
87,5,32768,0.0219726581,0.0659179613,0.12084958,0.153808579,0,0,0,0,0
88,0,1,0,0,0,0,0,0.00412054313,0,0,0
88,1,8,0.00274926377,0.00549182203,0.00549182203,0.00549182203,0,0.00488900626,0,0,0
88,2,64,0.00549318409,0.00681280997,0.00686645415,0.00686645415,0,0.00763826658,0,0,0
88,3,512,0.00823974516,0.0137329344,0.0192260668,0.0192260668,0,0.0155783859,0,0,0
88,4,4096,0.0137329083,0.0274658166,0.0494385026,0.0494385026,0,0.0407853018,0,0,0
88,5,32768,0.0329589993,0.0659179986,0.131835952,0.153808579,0,0,0,0,0
89,0,1,2.61934439e-08,2.61934439e-08,2.61934439e-08,2.61934439e-08,0,0.00378191425,0,0,0
89,1,8,0.00207200623,0.00549182203,0.00549182203,0.00549182203,0,0.00435636635,0,0,0
89,2,64,0.00411987258,0.00617980864,0.0109863421,0.0109863421,0,0.00885153903,0,0,0
89,3,512,0.00823974982,0.0164794736,0.0247192252,0.0274658166,0,0.0169167798,0,0,0
89,4,4096,0.0137329344,0.0329589806,0.0494384728,0.076904282,0,0.032664622,0,0,0
89,5,32768,0.0329589732,0.0659179613,0.0988769531,0.153808564,0,0,0,0,0
90,0,1,0.00274659204,0.00274659204,0.00274659204,0.00274659204,0,0.00257156766,0,0,0
90,1,8,0.00274255825,0.00274255825,0.00274255825,0.00274255825,0,0.00446524651,0,0,0
90,2,64,0.0054851165,0.00549318409,0.00686645415,0.00686645415,0,0.00914634159,0,0,0
90,3,512,0.00823974516,0.0164794996,0.0247192252,0.0274658166,0,0.022781306,0,0,0
90,4,4096,0.0164794996,0.0494384505,0.0604247898,0.0988769457,0,0.0458770065,0,0,0
90,5,32768,0.0384521335,0.0878906325,0.142822266,0.186767563,0,0,0,0,0
91,0,1,0.00274656597,0.00274656597,0.00274656597,0.00274656597,0,0.00317841745,0,0,0
91,1,8,0.00274926377,0.00412389589,0.00412389589,0.00412389589,0,0.00103098148,0,0,0
91,2,64,0.00137329078,0.0013732909,0.00413060142,0.00413060142,0,0.00212471727,0,0,0
91,3,512,0.0027465818,0.0054931636,0.0054931636,0.00826120283,0,0.00651508635,0,0,0
91,4,4096,0.00549316313,0.0164794996,0.0329589806,0.0329589806,0,0.0103345686,0,0,0
91,5,32768,0.0109863272,0.0329589806,0.0659179613,0.0878906175,0,0,0,0,0
92,0,1,0.00274656597,0.00274656597,0.00274656597,0.00274656597,0,0.0027502724,0,0,0
92,1,8,0.00137329602,0.00549182203,0.00549182203,0.00549182203,0,0.00645800302,0,0,0
92,2,64,0.0068530431,0.0109863272,0.0137329083,0.0137329344,0,0.0142798526,0,0,0
92,3,512,0.0137329083,0.0247192513,0.0357055664,0.0357055664,0,0.0243182627,0,0,0
92,4,4096,0.0219726544,0.0439453088,0.0714111328,0.0823974758,0,0.0453164798,0,0,0
92,5,32768,0.0439452901,0.0878906175,0.120849609,0.197753891,0,0,0,0,0
93,0,1,2.61934439e-08,2.61934439e-08,2.61934439e-08,2.61934439e-08,0,0.00171326089,0,0,0
93,1,8,0.00137463189,0.00205188966,0.00205188966,0.00205188966,0,0.00180531107,0,0,0
93,2,64,2.61934439e-08,0.00549315801,0.00823438074,0.00823438074,0,0.0075639108,0,0,0
93,3,512,0.00823974982,0.0123595856,0.0123595856,0.0164687615,0,0.0156185107,0,0,0
93,4,4096,0.0109863421,0.0274658427,0.0357055925,0.0357055925,0,0.0410947761,0,0,0
93,5,32768,0.0329589806,0.0769042671,0.0988769233,0.131835893,0,0,0,0,0
94,0,1,0,0,0,0,0,0.0013739639,0,0,0
94,1,8,0.00137329602,0.00137463189,0.00137463189,0.00137463189,0,0.00225319322,0,0,0
94,2,64,0.0027465818,0.00549315801,0.0054931636,0.0054931636,0,0.0044310591,0,0,0
94,3,512,0.00549316313,0.00549318409,0.0137329083,0.0164794736,0,0.00862998791,0,0,0
94,4,4096,0.0109863421,0.0164794903,0.0274658166,0.0384521335,0,0.0118342472,0,0,0
94,5,32768,2.61934439e-08,0.0329589806,0.0549316332,0.0878906325,0,0,0,0,0
95,0,1,0.00274659204,0.00274659204,0.00274659204,0.00274659204,0,0.00206194795,0,0,0
95,1,8,0.00137463189,0.00274926377,0.00274926377,0.00274926377,0,0.00051886258,0,0,0
95,2,64,2.61934439e-08,0.00277608586,0.00552534964,0.00552534964,0,0.00218886748,0,0,0
95,3,512,0.0027465818,0.0054931636,0.00549852755,0.0164955836,0,0.0156532819,0,0,0
95,4,4096,0.0164794903,0.0329589732,0.0439453088,0.0549316332,0,0.0369097397,0,0,0
95,5,32768,0.0329589806,0.0659179762,0.0988769457,0.120849594,0,0,0,0,0
96,0,1,1.30967219e-08,1.30967219e-08,1.30967219e-08,1.30967219e-08,0,0.0024039296,0,0,0
96,1,8,0.00205859519,0.00274926377,0.00274926377,0.00274926377,0,0.00326492274,0,0,0
96,2,64,0.00417083455,0.00549317105,0.00961571839,0.00961571839,0,0.00665171299,0,0,0
96,3,512,0.00686646719,0.0164794866,0.0164794866,0.0164794866,0,0.0122201259,0,0,0
96,4,4096,0.0109863291,0.0219726581,0.0384521596,0.0384521596,0,0.0303920393,0,0,0
96,5,32768,0.0274658296,0.0549316332,0.0988769606,0.120849609,0,0,0,0,0
97,0,1,0,0,0,0,0,0.00206194795,0,0,0
97,1,8,0.00137463189,0.00274926377,0.00274926377,0.00274926377,0,0.00377941089,0,0,0
97,2,64,0.00278949691,0.00686646719,0.00961571839,0.00961571839,0,0.0056649129,0,0,0
97,3,512,0.00549316313,0.0137329083,0.0192260668,0.0192260668,0,0.0144624408,0,0,0
97,4,4096,0.0109863291,0.032958962,0.0329589881,0.0383555852,0,0.0341122383,0,0,0
97,5,32768,0.0329589806,0.0659179613,0.0988769382,0.120849594,0,0,0,0,0
98,0,1,0,0,0,0,0,0.00378191425,0,0,0
98,1,8,0.00207871175,0.0054851165,0.0054851165,0.0054851165,0,0.0043337832,0,0,0
98,2,64,0.00411987258,0.00686645415,0.00823438074,0.00823438074,0,0.0116841456,0,0,0
98,3,512,0.00823976286,0.0274658035,0.0357055552,0.0357055552,0,0.02037936,0,0,0
98,4,4096,0.0164794996,0.0439453162,0.0659179464,0.0714111179,0,0.0418975602,0,0,0
98,5,32768,0.0329589806,0.0878906175,0.142822251,0.142822251,0,0,0,0,0
99,0,1,6.54836096e-09,6.54836096e-09,6.54836096e-09,6.54836096e-09,0,0.00274926401,0,0,0
99,1,8,0.00274926377,0.00274926377,0.00274926377,0.00274926377,0,0.00381996727,0,0,0
99,2,64,0.00276267482,0.00549316453,0.00549316453,0.00549316453,0,0.00709190796,0,0,0
99,3,512,0.00549316453,0.0109863291,0.0164794996,0.0164794996,0,0.0157016712,0,0,0
99,4,4096,0.0109863291,0.0329589881,0.0439453088,0.0439453088,0,0.0330045761,0,0,0
99,5,32768,0.0329589732,0.0549316332,0.120849594,0.164794892,0,0,0,0,0
100,0,1,0,0,0,0,0,0.00274591125,0,0,0
100,1,8,0.00274255825,0.00274926377,0.00274926377,0.00274926377,0,0.00240510463,0,0,0
100,2,64,0.00276267482,0.00411987491,0.00687986519,0.00687986519,0,0.00457572278,0,0,0
100,3,512,0.0054931636,0.00823974703,0.0137329074,0.013732912,0,0.0165546453,0,0,0
100,4,4096,0.0164794903,0.0329589806,0.0384521447,0.0549316332,0,0.0342356702,0,0,0
100,5,32768,0.0329589769,0.0659179538,0.0988769382,0.109863266,0,0,0,0,0
101,0,1,0,0,0,0,0,0.00274591125,0,0,0
101,1,8,0.00274255825,0.00274926377,0.00274926377,0.00274926377,0,0.00343322776,0,0,0
101,2,64,0.00274926377,0.00686645415,0.00686645415,0.00686645415,0,0.00566474121,0,0,0
101,3,512,0.0054931636,0.0109863272,0.0109863272,0.0109863272,0,0.0149882247,0,0,0
101,4,4096,0.0109863263,0.0329589806,0.0439453088,0.0494384728,0,0.0369071872,0,0,0
101,5,32768,0.0329589806,0.0659179613,0.109863266,0.109863266,0,0,0,0,0
102,0,1,6.54836096e-09,6.54836096e-09,6.54836096e-09,6.54836096e-09,0,0.00138133753,0,0,0
102,1,8,0.00138133741,0.00138133741,0.00138133741,0.00138133741,0,0.00102997147,0,0,0
102,2,64,0.0013732909,0.00276267482,0.00410377933,0.00410377933,0,0.000772770934,0,0,0
102,3,512,3.27418048e-09,0.00274658878,0.00823974423,0.00823974423,0,0.0101065797,0,0,0
102,4,4096,0.00274658389,0.038452141,0.0439453088,0.0494599268,0,0.0299602677,0,0,0
102,5,32768,0.0329589806,0.0659179613,0.0878906175,0.109863266,0,0,0,0,0
103,0,1,6.54836096e-09,6.54836096e-09,6.54836096e-09,6.54836096e-09,0,0.00138133753,0,0,0
103,1,8,0.00137463189,0.00138804293,0.00138804293,0.00138804293,0,0.00102996906,0,0,0
103,2,64,0.0013732909,0.00273585273,0.00413060142,0.00413060142,0,0.00266108878,0,0,0
103,3,512,0.0027465818,0.0082397433,0.0109863291,0.0109863291,0,0.0110293194,0,0,0
103,4,4096,6.54836096e-09,0.0329589881,0.0439453088,0.0549316257,0,0.0286996095,0,0,0
103,5,32768,0.0274658166,0.0604248047,0.0933837816,0.164794892,0,0,0,0,0
104,0,1,1.30967219e-08,1.30967219e-08,1.30967219e-08,1.30967219e-08,0,0.00138066942,0,0,0
104,1,8,0.00137329602,0.00138804293,0.00138804293,0.00138804293,0,0.000857307961,0,0,0
104,2,64,0.00136792636,0.00137329602,0.00273585273,0.00273585273,0,0.00223223104,0,0,0
104,3,512,0.00274656597,0.00549315801,0.00823974423,0.00826120283,0,0.00988123198,0,0,0
104,4,4096,0.00549317105,0.0274658166,0.0494384728,0.0659179613,0,0.0290899157,0,0,0
104,5,32768,0.0274658035,0.0659179613,0.131835923,0.142822251,0,0,0,0,0
105,0,1,1.30967219e-08,1.30967219e-08,1.30967219e-08,1.30967219e-08,0,0.00241063512,0,0,0
105,1,8,0.00206530071,0.0027559693,0.0027559693,0.0027559693,0,0.00257475526,0,0,0
105,2,64,0.00274659204,0.00547170546,0.00551193859,0.00551193859,0,0.00468871389,0,0,0
105,3,512,0.00411987491,0.00686645415,0.0109863263,0.0109863263,0,0.0153664808,0,0,0
105,4,4096,0.0137329083,0.0302124079,0.0439453088,0.0549316332,0,0.0258994263,0,0,0
105,5,32768,0.0219726544,0.0549316332,0.0988769233,0.12084958,0,0,0,0,0
106,0,1,2.61934439e-08,2.61934439e-08,2.61934439e-08,2.61934439e-08,0,0.00137127924,0,0,0
106,1,8,0.00136792636,0.00137463189,0.00137463189,0.00137463189,0,0.0013739508,0,0,0
106,2,64,0.0013732909,0.00274655293,0.00274926377,0.00274926377,0,0.0052463526,0,0,0
106,3,512,0.00411984883,0.010986316,0.0137329083,0.0137329083,0,0.0108408153,0,0,0
106,4,4096,0.00823977683,0.0274658166,0.0384521596,0.0549316183,0,0.0247917024,0,0,0
106,5,32768,0.0219726581,0.0439453162,0.0878906101,0.131835923,0,0,0,0,0
107,0,1,0,0,0,0,0,0.001374632,0,0,0
107,1,8,0.00136792636,0.00138133741,0.00138133741,0.00138133741,0,0.000857308129,0,0,0
107,2,64,0.00135451532,0.00137332221,0.00274926377,0.00274926377,0,0.00497814394,0,0,0
107,3,512,0.00411991449,0.0109862899,0.0109863421,0.0164687615,0,0.0105914761,0,0,0
107,4,4096,0.0109863272,0.021972632,0.0274658166,0.0275194608,0,0.0250256794,0,0,0
107,5,32768,0.0219726544,0.0439453162,0.0878905803,0.0988769233,0,0,0,0,0
108,0,1,0.00274656597,0.00274656597,0.00274656597,0.00274656597,0,0.000687315944,0,0,0
108,1,8,6.70552163e-06,0.00136792636,0.00136792636,0.00136792636,0,0.000172673724,0,0,0
108,2,64,0,1.34110433e-05,0.00274926377,0.00274926377,0,0.000730239808,0,0,0
108,3,512,0.0013732909,0.00137332221,0.00137332221,0.00552534964,0,0.00210313352,0,0,0
108,4,4096,2.61934446e-10,0.00549318409,0.010986316,0.0111579876,0,0.0105866043,0,0,0
108,5,32768,0.00823974982,0.0219726581,0.0329589732,0.0439452901,0,0,0,0,0
109,0,1,68.5848846,68.5848846,68.5848846,68.5848846,0,68.5848923,0,1,1
109,1,8,68.5848846,68.5848846,68.5848846,68.5848846,0,4.28930042,0,8,0
109,2,64,0.0054851165,0.00549318409,68.5848694,68.5848694,0,1.07799037,0,4,0
109,3,512,0.00686645415,0.0137329083,0.0151061779,137.169785,4,0.281556777,0,4,0
109,4,4096,0.0109863421,0.0274658166,0.0494384505,274.339508,4,0.0914264586,0,4,4
109,5,32768,0.0219726544,0.0439453162,0.109863296,548.670898,4,0,0,4,0
110,0,1,2.57629347,2.57629347,2.57629347,2.57629347,0,0,0,0,0
110,1,8,0,0,0,0,0,6.64510399,0,0,0
110,2,64,6.03424025,9.40705585,9.50868416,9.50868416,0,238.287016,64,0,64
110,3,512,199.488342,365.192352,446.064056,446.06958,448,143.665713,512,512,512
110,4,4096,107.671478,191.071762,788.933533,789.68335,4092,115.366359,4096,4096,4096
110,5,32768,107.644028,107.701698,474.872986,1476.9248,32764,0,0,32768,0
111,0,1,3.78753638,3.78753638,3.78753638,3.78753638,0,0,0,0,0
111,1,8,0,0,0,0,0,10.3788341,0,0,0
111,2,64,10.428771,14.7820807,15.1748905,15.1913862,0,310.782102,48,0,64
111,3,512,351.773376,534.011963,683.830811,684.116638,400,81.0865338,176,400,316
111,4,4096,4.10616636,27.0186043,1359.71301,1366.46838,400,23.3216784,300,400,400
111,5,32768,4.02647781,5.32842207,736.377747,2724.95825,400,0,0,412,0
112,0,1,5.25975752,5.25975752,5.25975752,5.25975752,0,0,0,0,0
112,1,8,0,0,0,0,0,13.8672659,0,0,0
112,2,64,13.9952068,20.4250183,21.0182171,21.036026,0,305.50028,48,0,64
112,3,512,332.983154,532.744568,663.116028,664.150024,400,83.9605072,176,400,400
112,4,4096,9.63218689,47.2475967,1314.00989,1329.0636,400,27.8193345,327,404,400
112,5,32768,8.74507332,12.2716408,722.497314,2655.02832,404,0,0,448,0
113,0,1,6.53815174,6.53815174,6.53815174,6.53815174,0,0,0,0,0
113,1,8,0,0,0,0,0,16.8510743,0,0,0
113,2,64,17.0535259,25.4826984,26.1666622,26.1914463,0,292.873702,48,0,64
113,3,512,312.614471,523.16156,630.574951,631.863098,400,80.9119718,176,400,398
113,4,4096,11.050807,70.241951,1243.76343,1267.0647,400,27.087688,300,430,400
113,5,32768,9.97545624,13.5928974,693.186768,2536.32007,432,0,0,452,0
114,0,1,7.52284431,7.52284431,7.52284431,7.52284431,0,0,0,0,0
114,1,8,0,0,0,0,0,19.3318851,0,0,0
114,2,64,19.3592911,29.8691826,30.5914478,30.6313591,0,278.724929,48,0,64
114,3,512,291.855957,507.787811,594.346191,597.035278,400,76.7309499,176,416,352
114,4,4096,9.77364635,93.1274948,1156.53064,1194.13,400,25.4630608,300,436,400
114,5,32768,8.06121731,13.1499186,663.220093,2391.75513,440,0,0,458,0
115,0,1,8.36495018,8.36495018,8.36495018,8.36495018,0,0,0,0,0
115,1,8,0,0,0,0,0,21.5456907,0,0,0
115,2,64,21.2379417,33.5138741,34.282917,34.3433228,0,264.395158,48,0,64
115,3,512,270.789673,489.431671,556.115967,559.266235,400,74.0536534,176,416,318
115,4,4096,9.56357574,114.61512,1067.24463,1117.21729,416,25.6089047,300,440,400
115,5,32768,7.78656578,15.4381037,633.403564,2238.79956,440,0,0,481,0
116,0,1,9.08732319,9.08732319,9.08732319,9.08732319,0,0,0,0,0
116,1,8,0,0,0,0,0,23.5146232,0,0,0
116,2,64,22.6826477,36.4168816,37.2644615,37.3410645,0,248.406108,48,0,64
116,3,512,247.727936,468.013763,513.273682,516.230835,400,71.7382082,175,416,320
116,4,4096,11.0987644,134.484543,973.649231,1031.43652,416,26.5256318,300,444,410
116,5,32768,9.3315115,19.1511555,600.173035,2072.72729,444,0,0,492,0
117,0,1,9.64479351,9.64479351,9.64479351,9.64479351,0,0,0,0,0
117,1,8,0,0,0,0,0,25.1813555,0,0,0
117,2,64,23.8169937,38.633461,39.5589294,39.6346741,0,229.721877,48,0,64
117,3,512,223.392502,437.845032,465.119537,468.351562,400,68.7415744,112,417,322
117,4,4096,12.8527145,152.05603,873.479065,936.973389,420,27.2702087,300,450,416
117,5,32768,11.0192642,22.8336182,556.857178,1886.05017,444,0,0,494,0
118,0,1,9.99326611,9.99326611,9.99326611,9.99326611,0,0,0,0,0
118,1,8,0,0,0,0,0,26.5752251,0,0,0
118,2,64,26.2739754,40.2110291,41.163105,41.2551575,0,208.642781,48,0,64
118,3,512,215.539902,394.627869,414.485168,417.720642,388,64.8396973,76,420,317
118,4,4096,13.7260418,166.705276,799.102783,834.795471,420,27.4993037,300,458,416
118,5,32768,12.030242,25.9654388,511.788574,1682.80542,446,0,0,498,0
119,0,1,10.1333847,10.1333847,10.1333847,10.1333847,0,0,0,0,0
119,1,8,0,0,0,0,0,27.5703897,0,0,0
119,2,64,27.9662628,41.1862793,42.1462975,42.2437134,0,186.570153,48,0,64
119,3,512,191.002441,338.971191,377.706909,381.726471,360,60.3421497,22,420,309
119,4,4096,14.0142183,176.822891,714.251221,757.310974,424,27.2801357,276,470,420
119,5,32768,12.535141,28.3644409,461.085022,1496.62476,449,0,0,500,0
120,0,1,10.1226559,10.1226559,10.1226559,10.1226559,0,0,0,0,0
120,1,8,0,0,0,0,0,28.1576672,0,0,0
120,2,64,28.5094776,41.5858231,42.547554,42.6475449,0,164.388987,48,0,64
120,3,512,163.308533,283.789307,342.137665,346.379913,340,55.5594788,0,424,296
120,4,4096,14.3083229,149.903488,608.13623,687.340027,424,26.781303,258,474,423
120,5,32768,12.9185896,30.1830006,409.704742,1359.15393,458,0,0,498,0
121,0,1,9.92395782,9.92395782,9.92395782,9.92395782,0,0.917235076,0,0,0
121,1,8,0,0,0,7.33788061,0,35.8823037,0,0,1
121,2,64,29.2085018,54.7200623,103.487762,117.444473,2,140.470044,44,8,60
121,3,512,139.968048,235.834732,305.162933,309.493561,326,50.0662659,0,412,277
121,4,4096,14.5901794,103.408951,503.042908,614.338318,413,25.9136154,213,478,395
121,5,32768,13.3237104,31.453373,358.830017,1215.85535,464,0,0,496,0
122,0,1,43.3052254,43.3052254,43.3052254,43.3052254,0,47.6655846,0,0,0
122,1,8,32.7213364,66.4801483,66.4801483,69.3273697,0,72.3380542,3,4,4
122,2,64,59.1827202,129.660751,132.405624,133.644592,16,82.7327855,19,34,54
122,3,512,75.8929901,128.722626,146.043335,147.681076,194,55.3410769,0,403,401
122,4,4096,45.3095856,77.5841293,227.802094,290.098724,353,46.2574729,25,860,863
122,5,32768,43.9777069,50.519722,193.488907,572.577209,447,0,0,3928,0
123,0,1,2.90306163,2.90306163,2.90306163,2.90306163,0,8.07151699,0,0,0
123,1,8,7.1653595,9.06919098,9.06919098,9.13506603,0,9.65910619,0,0,0
123,2,64,8.54739475,12.859581,12.8993311,12.9021206,0,9.87051357,0,0,0
123,3,512,9.10084152,13.3979006,13.4486475,21.5480957,0,9.84101141,0,0,0
123,4,4096,9.82444763,13.1396036,13.7123623,43.2421722,0,9.82072575,0,0,0
123,5,32768,9.67891121,13.0297403,13.8372459,86.2109451,0,0,0,4,0
124,0,1,2.43201232,2.43201232,2.43201232,2.43201232,0,2.43437266,0,0,0
124,1,8,2.40411735,2.55904174,2.55904174,2.61118388,0,2.4342587,0,0,0
124,2,64,2.4081943,2.59509063,2.69830179,2.70066214,0,2.4345382,0,0,0
124,3,512,2.43158317,2.63049579,2.73284864,2.7489419,0,2.43542406,0,0,0
124,4,4096,2.43351436,2.63714743,2.7425046,2.88549995,0,2.43519372,0,0,0
124,5,32768,2.43351436,2.63693285,2.74293375,5.94319773,0,0,0,0,0
125,0,1,2.40797973,2.40797973,2.40797973,2.40797973,0,2.41677737,0,0,0
125,1,8,2.41634822,2.44059539,2.44059539,2.45454288,0,2.41827941,0,0,0
125,2,64,2.41827941,2.45819068,2.47535682,2.47857547,0,2.41863354,0,0,0
125,3,512,2.41827941,2.45754695,2.48157954,2.59401774,0,2.41888993,0,0,0
125,4,4096,2.41892314,2.46033645,2.48501277,2.80923796,0,2.41892431,0,0,0
125,5,32768,2.41720653,2.46291137,2.49381042,3.29546881,0,0,0,0,0
126,0,1,2.36334777,2.36334777,2.36334777,2.36334777,0,2.38697815,0,0,0
126,1,8,2.38180137,2.41312957,2.41312957,2.43737674,0,2.39265087,0,0,0
126,2,64,2.39038444,2.43136859,2.45733237,2.45776153,0,2.39398698,0,0,0
126,3,512,2.39360309,2.44080997,2.46763206,2.47471309,0,2.3943814,0,0,0
126,4,4096,2.39424682,2.44359946,2.47235274,2.49381042,0,2.39447912,0,0,0
126,5,32768,2.39467597,2.44574523,2.47879004,2.53329253,0,0,0,0,0
127,0,1,2.30905986,2.30905986,2.30905986,2.30905986,0,2.33204627,0,0,0
127,1,8,2.32965922,2.34017348,2.34017348,2.3511169,0,2.33860108,0,0,0
127,2,64,2.33995891,2.35176063,2.35733962,2.35733962,0,2.3399803,0,0,0
127,3,512,2.34017348,2.35304809,2.36141658,2.36613727,0,2.34036307,0,0,0
127,4,4096,2.34017348,2.35626674,2.37021422,2.38180137,0,2.34033743,0,0,0
127,5,32768,2.34017348,2.36227489,2.38952613,2.43930793,0,0,0,0,0
128,0,1,2.24060988,2.24060988,2.24060988,2.24060988,0,2.26665425,0,0,0
128,1,8,2.2616384,2.27622962,2.27622962,2.28588557,0,2.27441248,0,0,0
128,2,64,2.27622962,2.28545642,2.29017711,2.29082084,0,2.27603185,0,0,0
128,3,512,2.2764442,2.28717303,2.29275203,2.29811645,0,2.27635361,0,0,0
128,4,4096,2.27622962,2.28996253,2.30112052,2.31463885,0,2.27633233,0,0,0
128,5,32768,2.2764442,2.29597068,2.32257819,2.35090232,0,0,0,0,0
129,0,1,2.15392089,2.15392089,2.15392089,2.15392089,0,2.19109631,0,0,0
129,1,8,2.18009925,2.20413184,2.20413184,2.20413184,0,2.19960901,0,0,0
129,2,64,2.20241523,2.20477557,2.2082088,2.20906711,0,2.201961,0,0,0
129,3,512,2.20284438,2.2082088,2.21250033,2.21571898,0,2.20245484,0,0,0
129,4,4096,2.2026298,2.21250033,2.22408748,2.23975158,0,2.20256937,0,0,0
129,5,32768,2.20241523,2.22065425,2.24447227,2.2736547,0,0,0,0,0
130,0,1,2.06036544,2.06036544,2.06036544,2.06036544,0,2.09673619,0,0,0
130,1,8,2.08911872,2.1086452,2.1086452,2.11336589,0,2.10554731,0,0,0
130,2,64,2.10843062,2.11315131,2.1150825,2.11658454,0,2.10751706,0,0,0
130,3,512,2.1086452,2.1142242,2.11980319,2.12817168,0,2.10789728,0,0,0
130,4,4096,2.10821605,2.11873031,2.13053203,2.14362121,0,2.10803142,0,0,0
130,5,32768,2.10821605,2.12516761,2.14748359,2.1897552,0,0,0,0,0
131,0,1,1.94792724,1.94792724,1.94792724,1.94792724,0,1.99009168,0,0,0
131,1,8,1.97689509,2.00436091,2.00436091,2.00586295,0,2.00065283,0,0,0
131,2,64,2.00436091,2.00757957,2.0090816,2.01122737,0,2.00336939,0,0,0
131,3,512,2.00414634,2.00865245,2.01530433,2.02023959,0,2.00403729,0,0,0
131,4,4096,2.00436091,2.01401687,2.03053927,2.05328441,0,2.00411224,0,0,0
131,5,32768,2.00414634,2.02152705,2.04813457,2.09147906,0,0,0,0,0
132,0,1,1.8275497,1.8275497,1.8275497,1.8275497,0,1.87813628,0,0,0
132,1,8,1.86424232,1.89578509,1.89578509,1.89599967,0,1.89096059,0,0,0
132,2,64,1.89514136,1.8966434,1.8994329,1.90050578,0,1.8944022,0,0,0
132,3,512,1.89535594,1.90072036,1.90780139,1.91316581,0,1.89519502,0,0,0
132,4,4096,1.89557052,1.90479732,1.91767192,1.92968822,0,1.89541317,0,0,0
132,5,32768,1.89535594,1.91488242,1.93762755,1.98161578,0,0,0,0,0
133,0,1,1.70438266,1.70438266,1.70438266,1.70438266,0,1.75279665,0,0,0
133,1,8,1.74000239,1.76961398,1.76961398,1.7713306,0,1.76471572,0,0,0
133,2,64,1.76832652,1.7721889,1.77369094,1.77562213,0,1.76771895,0,0,0
133,3,512,1.76832652,1.77412009,1.78184485,1.78334689,0,1.7686495,0,0,0
133,4,4096,1.76832652,1.77884078,1.79042792,1.8063066,0,1.76879378,0,0,0
133,5,32768,1.76832652,1.78720927,1.81210017,1.86703181,0,0,0,0,0
134,0,1,1.57392001,1.57392001,1.57392001,1.57392001,0,1.62069786,0,0,0
134,1,8,1.60675025,1.63829303,1.63829303,1.6385076,0,1.63328412,0,0,0
134,2,64,1.6376493,1.63936591,1.64022422,1.6404388,0,1.63624377,0,0,0
134,3,512,1.63743472,1.64172626,1.64601779,1.65159678,0,1.63699212,0,0,0
134,4,4096,1.63743472,1.64709067,1.65846324,1.68292499,0,1.63714002,0,0,0
134,5,32768,1.63679099,1.65567374,1.67992091,1.72433829,0,0,0,0,0
135,0,1,1.43101192,1.43101192,1.43101192,1.43101192,0,1.48409295,0,0,0
135,1,8,1.46856284,1.50246596,1.50246596,1.50246596,0,1.49811085,0,0,0
135,2,64,1.50246596,1.503968,1.50525546,1.50525546,0,1.50154449,0,0,0
135,3,512,1.50246596,1.50697207,1.51255107,1.51813006,0,1.50239536,0,0,0
135,4,4096,1.50246596,1.51212192,1.5252111,1.54023147,0,1.50257242,0,0,0
135,5,32768,1.50289512,1.52091956,1.54302096,1.58615088,0,0,0,0,0
136,0,1,1.2893914,1.2893914,1.2893914,1.2893914,0,1.34445715,0,0,0
136,1,8,1.32822967,1.36363482,1.36363482,1.36363482,0,1.35893773,0,0,0
136,2,64,1.36363482,1.36685348,1.3694284,1.37007213,0,1.36250967,0,0,0
136,3,512,1.36363482,1.36878467,1.37286162,1.37822604,0,1.36344169,0,0,0
136,4,4096,1.36363482,1.37371993,1.3850925,1.39625049,0,1.36366414,0,0,0
136,5,32768,1.36342025,1.38337588,1.40697932,1.4569757,0,0,0,0,0
137,0,1,1.1492728,1.1492728,1.1492728,1.1492728,0,1.20066392,0,0,0
137,1,8,1.18532169,1.21815193,1.21815193,1.21943939,0,1.21245223,0,0,0
137,2,64,1.21622074,1.21965396,1.22287261,1.22351635,0,1.21562269,0,0,0
137,3,512,1.21686447,1.22244346,1.22780788,1.23124111,0,1.21654758,0,0,0
137,4,4096,1.21664989,1.22694957,1.23810756,1.2488364,0,1.21685508,0,0,0
137,5,32768,1.21686447,1.23531806,1.25784862,1.30741584,0,0,0,0,0
138,0,1,0.9934901,0.9934901,0.9934901,0.9934901,0,1.05083573,0,0,0
138,1,8,1.03189933,1.06987941,1.06987941,1.0709523,0,1.06545712,0,0,0
138,2,64,1.06987941,1.07245433,1.07417095,1.07588756,0,1.06900141,0,0,0
138,3,512,1.06987941,1.07395637,1.07953537,1.08489978,0,1.07009357,0,0,0
138,4,4096,1.07052314,1.07932079,1.09047878,1.10421169,0,1.07040107,0,0,0
138,5,32768,1.0709523,1.08768928,1.11043441,1.15356433,0,0,0,0,0
139,0,1,0.842857242,0.842857242,0.842857242,0.842857242,0,0.901544034,0,0,0
139,1,8,0.883197665,0.922250628,0.922250628,0.925040126,0,0.915682629,0,0,0
139,2,64,0.920748591,0.924181819,0.925469279,0.926971316,0,0.919217696,0,0,0
139,3,512,0.920534015,0.925898433,0.932335734,0.933194041,0,0.920249823,0,0,0
139,4,4096,0.920319438,0.92933166,0.942206264,0.956582904,0,0.92060975,0,0,0
139,5,32768,0.920748591,0.939416766,0.961732745,1.00035655,0,0,0,0,0
140,0,1,0.686645389,0.686645389,0.686645389,0.686645389,0,0.745761335,0,0,0
140,1,8,0.727844119,0.766253352,0.766253352,0.768613696,0,0.760526896,0,0,0
140,2,64,0.765609622,0.768184543,0.771188617,0.773763537,0,0.764041847,0,0,0
140,3,512,0.765180469,0.770544887,0.775909305,0.779342532,0,0.765040655,0,0,0
140,4,4096,0.765180469,0.774621844,0.788140178,0.802945971,0,0.765348644,0,0,0
140,5,32768,0.764965892,0.785565257,0.80831039,0.86452949,0,0,0,0,0
141,0,1,0.549960077,0.549960077,0.549960077,0.549960077,0,0.604972184,0,0,0
141,1,8,0.58836931,0.624847353,0.624847353,0.625491083,0,0.618269235,0,0,0
141,2,64,0.622916162,0.625491083,0.62634939,0.626778543,0,0.621731799,0,0,0
141,3,512,0.622701585,0.626778543,0.631499231,0.633215845,0,0.62269488,0,0,0
141,4,4096,0.623130739,0.631713808,0.642871797,0.65445894,0,0.622975761,0,0,0
141,5,32768,0.623345315,0.64265722,0.664758563,0.709390521,0,0,0,0,0
142,0,1,0.396108568,0.396108568,0.396108568,0.396108568,0,0.452059478,0,0,0
142,1,8,0.434732378,0.47121042,0.47121042,0.47185415,0,0.465333059,0,0,0
142,2,64,0.470352113,0.472068727,0.473785341,0.474643648,0,0.468669476,0,0,0
142,3,512,0.469493806,0.473356187,0.479149759,0.485372484,0,0.469558874,0,0,0
142,4,4096,0.469493806,0.477433145,0.488376558,0.511336267,0,0.469714549,0,0,0
142,5,32768,0.469708383,0.488161981,0.510907114,0.559401453,0,0,0,0,0
143,0,1,0.340533197,0.340533197,0.340533197,0.340533197,0,0.339071423,0,0,0
143,1,8,0.337958276,0.340533197,0.340533197,0.342035234,0,0.337406777,0,0,0
143,2,64,0.336456239,0.340640485,0.346112192,0.346112192,0,0.337265542,0,0,0
143,3,512,0.336563528,0.340640485,0.346004903,0.357055604,0,0.338764436,0,0,0
143,4,4096,0.337850988,0.346004903,0.354373395,0.384521425,0,0.342360646,0,0,0
143,5,32768,0.340533197,0.356411874,0.373470724,0.731384635,0,0,0,0,0
144,0,1,0.322723359,0.322723359,0.322723359,0.322723359,0,0.326371163,0,0,0
144,1,8,0.326907605,0.328195065,0.328195065,0.329697073,0,0.326071091,0,0,0
144,2,64,0.325512856,0.329589784,0.329697073,0.335168779,0,0.326494377,0,0,0
144,3,512,0.326800317,0.329589784,0.332379282,0.344717443,0,0.327676592,0,0,0
144,4,4096,0.326907605,0.33248657,0.343215406,0.369393766,0,0.330148852,0,0,0
144,5,32768,0.329482526,0.340640485,0.357162893,0.665026784,0,0,0,0,0
145,0,1,0.325405568,0.325405568,0.325405568,0.325405568,0,0.32619682,0,0,0
145,1,8,0.325512856,0.329697073,0.329697073,0.329697073,0,0.326845579,0,0,0
145,2,64,0.326800317,0.329589784,0.332379282,0.33377403,0,0.327330681,0,0,0
145,3,512,0.326800317,0.330984533,0.334954202,0.350189149,0,0.32816326,0,0,0
145,4,4096,0.326907605,0.33377403,0.340640485,0.389510334,0,0.330551313,0,0,0
145,5,32768,0.329589784,0.340640485,0.357055604,0.663658857,0,0,0,0,0
146,0,1,0.302016705,0.302016705,0.302016705,0.302016705,0,0.301077932,0,0,0
146,1,8,0.300729245,0.303411454,0.303411454,0.304806203,0,0.30075942,0,0,0
146,2,64,0.299441785,0.302123994,0.308990449,0.313174695,0,0.301732768,0,0,0
146,3,512,0.300836533,0.304913491,0.311779946,0.321435899,0,0.303381836,0,0,0
146,4,4096,0.302123994,0.310385197,0.321221322,0.361025274,0,0.306848141,0,0,0
146,5,32768,0.304806203,0.32132861,0.340533197,0.649362743,0,0,0,0,0
147,0,1,0.293970078,0.293970078,0.293970078,0.293970078,0,0.300259858,0,0,0
147,1,8,0.300729245,0.302123994,0.302123994,0.302123994,0,0.301683106,0,0,0
147,2,64,0.302016705,0.302016705,0.306200951,0.3075957,0,0.302309024,0,0,0
147,3,512,0.302016705,0.306200951,0.311779946,0.318431824,0,0.303457004,0,0,0
147,4,4096,0.302123994,0.310277909,0.318646401,0.440740526,0,0.305961438,0,0,0
147,5,32768,0.303518742,0.318646401,0.335168779,0.725269198,0,0,0,0,0
148,0,1,0.366711557,0.366711557,0.366711557,0.366711557,0,0.325137347,0,0,0
148,1,8,0.317144364,0.34031862,0.34031862,0.342035234,0,0.315702677,0,0,0
148,2,64,0.311565369,0.316929787,0.370788515,0.374865472,0,0.313120632,0,0,0
148,3,512,0.311994523,0.318431824,0.32529828,0.444602907,0,0.312734592,0,0,0
148,4,4096,0.311994523,0.322723359,0.336670816,0.580644548,0,0.313369954,0,0,0
148,5,32768,0.312960118,0.331091821,0.358557642,0.83513248,0,0,0,0,0
149,0,1,0.47121042,0.47121042,0.47121042,0.47121042,0,0.430494517,0,0,0
149,1,8,0.4188537,0.44631952,0.44631952,0.44631952,0,0.420694396,0,0,0
149,2,64,0.41756624,0.420355737,0.47121042,0.473785341,0,0.418458942,0,0,0
149,3,512,0.41756624,0.421643198,0.427007616,0.535583436,0,0.417723011,0,0,0
149,4,4096,0.41756624,0.427222192,0.438165605,0.686430812,0,0.417492777,0,0,0
149,5,32768,0.418639123,0.435590684,0.462841928,0.958514094,0,0,0,0,0
150,0,1,0.564551294,0.564551294,0.564551294,0.564551294,0,0.531050503,0,0,0
150,1,8,0.52356714,0.542664468,0.542664468,0.545239389,0,0.521552131,0,0,0
150,2,64,0.519275606,0.524640024,0.568628252,0.57399267,0,0.519758403,0,0,0
150,3,512,0.519061029,0.525927484,0.533008516,0.638580263,0,0.519055947,0,0,0
150,4,4096,0.518846452,0.530004442,0.546312273,0.740504146,0,0.518825885,0,0,0
150,5,32768,0.518846452,0.539445817,0.567126215,0.922894359,0,0,0,0,0
151,0,1,0.657892168,0.657892168,0.657892168,0.657892168,0,0.617417634,0,0,0
151,1,8,0.608539522,0.631713808,0.631713808,0.633215845,0,0.606112123,0,0,0
151,2,64,0.602960527,0.609826982,0.658965051,0.666046023,0,0.603723699,0,0,0
151,3,512,0.602960527,0.609612405,0.619268358,0.729346156,0,0.603125179,0,0,0
151,4,4096,0.602960527,0.61390394,0.631713808,0.85015285,0,0.603077101,0,0,0
151,5,32768,0.603175104,0.624632776,0.65381521,1.06558788,0,0,0,0,0
152,0,1,0.729346156,0.729346156,0.729346156,0.729346156,0,0.703301966,0,0,0
152,1,8,0.696086764,0.715398669,0.715398669,0.718188167,0,0.695490032,0,0,0
152,2,64,0.693511844,0.696515918,0.740289569,0.740289569,0,0.69384215,0,0,0
152,3,512,0.693511844,0.697803378,0.704669833,0.781702876,0,0.693324568,0,0,0
152,4,4096,0.693511844,0.703167796,0.715827823,0.8625983,0,0.693219801,0,0,0
152,5,32768,0.693297267,0.713896632,0.736212611,1.05464447,0,0,0,0,0
153,0,1,0.799512744,0.799512744,0.799512744,0.799512744,0,0.771456897,0,0,0
153,1,8,0.765180469,0.780200839,0.780200839,0.782990336,0,0.765961722,0,0,0
153,2,64,0.763463855,0.766467929,0.804877162,0.808739543,0,0.764093395,0,0,0
153,3,512,0.763463855,0.767755389,0.774621844,0.864958644,0,0.763593258,0,0,0
153,4,4096,0.763463855,0.773334384,0.788569331,0.922679782,0,0.76330145,0,0,0
153,5,32768,0.763463855,0.78277576,0.80895412,1.06687534,0,0,0,0,0
154,0,1,0.848650813,0.848650813,0.848650813,0.848650813,0,0.832772195,0,0,0
154,1,8,0.832557559,0.837921977,0.837921977,0.840496898,0,0.828007922,0,0,0
154,2,64,0.826763988,0.833630443,0.85144031,0.857019305,0,0.827194039,0,0,0
154,3,512,0.826763988,0.833630443,0.838994861,0.885772586,0,0.827107443,0,0,0
154,4,4096,0.826763988,0.838994861,0.854015231,0.957012057,0,0.82705852,0,0,0
154,5,32768,0.826763988,0.847363353,0.877404094,1.06430042,0,0,0,0,0
155,0,1,0.909161448,0.909161448,0.909161448,0.909161448,0,0.88955456,0,0,0
155,1,8,0.885772586,0.896715999,0.896715999,0.898218036,0,0.88537702,0,0,0
155,2,64,0.884270549,0.887060046,0.913238406,0.915813327,0,0.884460039,0,0,0
155,3,512,0.884270549,0.888562083,0.894141078,0.943279147,0,0.883947277,0,0,0
155,4,4096,0.884270549,0.893711925,0.906371951,1.01623523,0,0.883840669,0,0,0
155,5,32768,0.884270549,0.903367877,0.933837771,1.15528095,0,0,0,0,0
156,0,1,0.948858142,0.948858142,0.948858142,0.948858142,0,0.937995255,0,0,0
156,1,8,0.935339808,0.942206264,0.942206264,0.943708301,0,0.934156343,0,0,0
156,2,64,0.933623195,0.935339808,0.950360179,0.950574756,0,0.933262413,0,0,0
156,3,512,0.932550311,0.937914729,0.949072719,0.973534465,0,0.933104467,0,0,0
156,4,4096,0.932550311,0.941991687,0.958299518,1.0091542,0,0.933064627,0,0,0
156,5,32768,0.933623195,0.951862216,0.984477878,1.07696044,0,0,0,0,0
157,0,1,0.973749042,0.973749042,0.973749042,0.973749042,0,0.960606277,0,0,0
157,1,8,0.959801555,0.964307666,0.964307666,0.966882586,0,0.960988492,0,0,0
157,2,64,0.961303592,0.964093089,0.978898883,0.979328036,0,0.960216099,0,0,0
157,3,512,0.960016131,0.965380549,0.977825999,0.999927402,0,0.959835823,0,0,0
157,4,4096,0.959801555,0.969672084,0.985979915,1.05035293,0,0.959524612,0,0,0
157,5,32768,0.958728671,0.98040092,1.01344573,1.10850322,0,0,0,0,0
158,0,1,0.999927402,0.999927402,0.999927402,0.999927402,0,0.988608539,0,0,0
158,1,8,0.987267375,0.992631793,0.992631793,0.993060946,0,0.985420063,0,0,0
158,2,64,0.984692454,0.987481952,1.00228775,1.0027169,0,0.984659825,0,0,0
158,3,512,0.984692454,0.990056872,0.995635867,1.02846611,0,0.984614719,0,0,0
158,4,4096,0.984692454,0.99413383,1.00936878,1.05335701,0,0.984587658,0,0,0
158,5,32768,0.984692454,1.00400436,1.03662002,1.14111888,0,0,0,0,0
159,0,1,1.00936878,1.00936878,1.00936878,1.00936878,0,1.00885916,0,0,0
159,1,8,1.00786674,1.01065624,1.01065624,1.0119437,0,1.00686762,0,0,0
159,2,64,1.00657928,1.00936878,1.01087081,1.01087081,0,1.00684666,0,0,0
159,3,512,1.00657928,1.0119437,1.01494777,1.02138507,0,1.00700886,0,0,0
159,4,4096,1.00679386,1.01752269,1.0312556,1.05314243,0,1.00706923,0,0,0
159,5,32768,1.00679386,1.02610576,1.05357158,1.11923206,0,0,0,0,0
160,0,1,1.02438915,1.02438915,1.02438915,1.02438915,0,1.02460372,0,0,0
160,1,8,1.02331626,1.02610576,1.02610576,1.02868068,0,1.02399017,0,0,0
160,2,64,1.02460372,1.02717865,1.02975357,1.03168476,0,1.02378817,0,0,0
160,3,512,1.02438915,1.02868068,1.03425968,1.03833663,0,1.02395214,0,0,0
160,4,4096,1.02438915,1.03425968,1.04670513,1.06430042,0,1.02373118,0,0,0
160,5,32768,1.02331626,1.04370105,1.07116687,1.1207341,0,0,0,0,0
161,0,1,1.02567661,1.02567661,1.02567661,1.02567661,0,1.02361131,0,0,0
161,1,8,1.02288711,1.02846611,1.02846611,1.02846611,0,1.02371524,0,0,0
161,2,64,1.02310169,1.02739322,1.03018272,1.0312556,0,1.02422067,0,0,0
161,3,512,1.02438915,1.02996814,1.03425968,1.03962409,0,1.0243485,0,0,0
161,4,4096,1.02438915,1.03425968,1.04777801,1.07932079,0,1.02446993,0,0,0
161,5,32768,1.02438915,1.04498851,1.07245433,1.12867343,0,0,0,0,0
162,0,1,1.01366031,1.01366031,1.01366031,1.01366031,0,1.0132848,0,0,0
162,1,8,1.01215827,1.01623523,1.01623523,1.01752269,0,1.01299311,0,0,0
162,2,64,1.01237285,1.01494777,1.01773727,1.01881015,0,1.012973,0,0,0
162,3,512,1.01237285,1.01773727,1.02438915,1.03962409,0,1.01325306,0,0,0
162,4,4096,1.01344573,1.02310169,1.0368346,1.06151092,0,1.01322407,0,0,0
162,5,32768,1.01323116,1.0340451,1.06430042,1.13017547,0,0,0,0,0
163,0,1,0.987481952,0.987481952,0.987481952,0.987481952,0,0.999042332,0,0,0
163,1,8,0.997137904,1.00250232,1.00250232,1.00400436,0,1.00166413,0,0,0
163,2,64,1.00228775,1.00529182,1.00765216,1.00786674,0,1.00218173,0,0,0
163,3,512,1.00250232,1.00786674,1.01644981,1.02031219,0,1.0024786,0,0,0
163,4,4096,1.00250232,1.01344573,1.02739322,1.04949462,0,1.00254986,0,0,0
163,5,32768,1.00250232,1.02181423,1.05485904,1.1207341,0,0,0,0,0
164,0,1,0.968384624,0.968384624,0.968384624,0.968384624,0,0.974661052,0,0,0
164,1,8,0.973963618,0.976538539,0.976538539,0.97911346,0,0.976897344,0,0,0
164,2,64,0.977611423,0.979328036,0.983404994,0.984692454,0,0.977238487,0,0,0
164,3,512,0.977611423,0.980830073,0.991558909,0.994348407,0,0.977468414,0,0,0
164,4,4096,0.977611423,0.987481952,1.00121486,1.02310169,0,0.977323818,0,0,0
164,5,32768,0.977825999,0.995850444,1.02331626,1.07803333,0,0,0,0,0
165,0,1,0.929546237,0.929546237,0.929546237,0.929546237,0,0.949233711,0,0,0
165,1,8,0.944781184,0.954651713,0.954651713,0.959801555,0,0.953213438,0,0,0
165,2,64,0.954437137,0.957226634,0.958728671,0.958728671,0,0.954125389,0,0,0
165,3,512,0.954437137,0.958728671,0.964307666,0.96795547,0,0.954302352,0,0,0
165,4,4096,0.954437137,0.965380549,0.977825999,0.991558909,0,0.954257791,0,0,0
165,5,32768,0.955724597,0.974821925,0.999712825,1.05464447,0,0,0,0,0
166,0,1,0.887060046,0.887060046,0.887060046,0.887060046,0,0.910824478,0,0,0
166,1,8,0.905084491,0.919890285,0.919890285,0.920104861,0,0.917352304,0,0,0
166,2,64,0.918817401,0.922894359,0.9280442,0.928258777,0,0.918936064,0,0,0
166,3,512,0.918817401,0.924396396,0.92997539,0.939416766,0,0.919281346,0,0,0
166,4,4096,0.918817401,0.929760814,0.94242084,0.957226634,0,0.919338717,0,0,0
166,5,32768,0.919890285,0.940704226,0.972461581,1.04498851,0,0,0,0,0
167,0,1,0.85144031,0.85144031,0.85144031,0.85144031,0,0.864824593,0,0,0
167,1,8,0.863671184,0.869250178,0.869250178,0.870752215,0,0.867013946,0,0,0
167,2,64,0.867962718,0.870537639,0.872254252,0.873541713,0,0.868048273,0,0,0
167,3,512,0.867962718,0.872039676,0.878691554,0.880408168,0,0.86826175,0,0,0
167,4,4096,0.867962718,0.87761867,0.893926501,0.926971316,0,0.868197687,0,0,0
167,5,32768,0.867962718,0.888562083,0.912165523,0.998425364,0,0,0,0,0
168,0,1,0.800585628,0.800585628,0.800585628,0.800585628,0,0.822713912,0,0,0
168,1,8,0.817322612,0.829338908,0.829338908,0.830840945,0,0.827421188,0,0,0
168,2,64,0.829338908,0.830840945,0.832342982,0.832342982,0,0.828585854,0,0,0
168,3,512,0.829338908,0.833415866,0.837492824,0.841998935,0,0.828824948,0,0,0
168,4,4096,0.829338908,0.838994861,0.851654887,0.867748141,0,0.828777957,0,0,0
168,5,32768,0.829338908,0.851225734,0.878906131,0.934052348,0,0,0,0,0
169,0,1,0.748443484,0.748443484,0.748443484,0.748443484,0,0.766172945,0,0,0
169,1,8,0.764751315,0.772046924,0.772046924,0.773334384,0,0.768902093,0,0,0
169,2,64,0.76904285,0.772046924,0.775909305,0.775909305,0,0.769689154,0,0,0
169,3,512,0.77033031,0.774407268,0.778484225,0.782561183,0,0.770061729,0,0,0
169,4,4096,0.77033031,0.779771686,0.792217135,0.819682956,0,0.770170223,0,0,0
169,5,32768,0.77033031,0.789856791,0.822472453,0.877404094,0,0,0,0,0
170,0,1,0.686430812,0.686430812,0.686430812,0.686430812,0,0.720092595,0,0,0
170,1,8,0.710034251,0.733423114,0.733423114,0.734710574,0,0.728407443,0,0,0
170,2,64,0.730633616,0.734710574,0.736212611,0.736212611,0,0.730314326,0,0,0
170,3,512,0.730633616,0.735998034,0.741577029,0.747156024,0,0.730771768,0,0,0
170,4,4096,0.730848193,0.741577029,0.752735019,0.781702876,0,0.730939521,0,0,0
170,5,32768,0.730633616,0.752305865,0.778698802,0.83513248,0,0,0,0,0
171,0,1,0.629138887,0.629138887,0.629138887,0.629138887,0,0.654083431,0,0,0
171,1,8,0.646948755,0.662183642,0.662183642,0.663471103,0,0.659816653,0,0,0
171,2,64,0.660681605,0.666046023,0.668620944,0.669908404,0,0.661078129,0,0,0
171,3,512,0.660681605,0.667333484,0.674414515,0.681066394,0,0.661380768,0,0,0
171,4,4096,0.661754489,0.672912478,0.692009807,0.711536288,0,0.661622259,0,0,0
171,5,32768,0.661754489,0.681280971,0.724840045,0.790929675,0,0,0,0,0
172,0,1,0.568628252,0.568628252,0.568628252,0.568628252,0,0.594109237,0,0,0
172,1,8,0.589227617,0.604247987,0.604247987,0.608110368,0,0.600982398,0,0,0
172,2,64,0.60274595,0.607037485,0.609826982,0.611114442,0,0.60247731,0,0,0
172,3,512,0.602960527,0.609612405,0.619268358,0.622272432,0,0.60290374,0,0,0
172,4,4096,0.602960527,0.61390394,0.629138887,0.646948755,0,0.603173762,0,0,0
172,5,32768,0.602960527,0.623345315,0.649738252,0.699305415,0,0,0,0,0
173,0,1,0.509619653,0.509619653,0.509619653,0.509619653,0,0.534161866,0,0,0
173,1,8,0.530219018,0.543522775,0.543522775,0.543522775,0,0.540716514,0,0,0
173,2,64,0.542449892,0.545453966,0.54781431,0.549316347,0,0.541891238,0,0,0
173,3,512,0.542449892,0.546741426,0.551891267,0.557470262,0,0.542190157,0,0,0
173,4,4096,0.542449892,0.552320421,0.564336717,0.589227617,0,0.542445487,0,0,0
173,5,32768,0.542449892,0.561761796,0.589227617,0.648236215,0,0,0,0,0
174,0,1,0.435161531,0.435161531,0.435161531,0.435161531,0,0.466838449,0,0,0
174,1,8,0.458550394,0.477647722,0.477647722,0.480437219,0,0.475227058,0,0,0
174,2,64,0.477862298,0.480866373,0.482153833,0.482153833,0,0.477182556,0,0,0
174,3,512,0.477862298,0.483226717,0.489020288,0.494599283,0,0.477599975,0,0,0
174,4,4096,0.477862298,0.488805711,0.502538621,0.526142061,0,0.477711206,0,0,0
174,5,32768,0.477862298,0.497174203,0.530004442,0.617980897,0,0,0,0,0
175,0,1,0.377440393,0.377440393,0.377440393,0.377440393,0,0.395330757,0,0,0
175,1,8,0.39010042,0.406193674,0.406193674,0.406622827,0,0.401412666,0,0,0
175,2,64,0.402331293,0.407695711,0.409197748,0.409412324,0,0.402705155,0,0,0
175,3,512,0.403618753,0.409412324,0.414776742,0.41756624,0,0.402946502,0,0,0
175,4,4096,0.403618753,0.414562166,0.428295076,0.453185976,0,0.40317756,0,0,0
175,5,32768,0.403618753,0.422930658,0.447821558,0.49738878,0,0,0,0,0
176,0,1,0.314354867,0.314354867,0.314354867,0.314354867,0,0.332352489,0,0,0
176,1,8,0.328302354,0.34031862,0.34031862,0.340533197,0,0.337146938,0,0,0
176,2,64,0.33903116,0.342035234,0.344610155,0.344610155,0,0.338208087,0,0,0
176,3,512,0.33903116,0.343322694,0.348687112,0.35147661,0,0.338123587,0,0,0
176,4,4096,0.33903116,0.348687112,0.361132562,0.380659044,0,0.338078867,0,0,0
176,5,32768,0.33903116,0.358343065,0.385594308,0.440955102,0,0,0,0,0
177,0,1,0.241613358,0.241613358,0.241613358,0.241613358,0,0.269079179,0,0,0
177,1,8,0.2624273,0.278949708,0.278949708,0.280451745,0,0.273863569,0,0,0
177,2,64,0.274658173,0.278949708,0.282812089,0.284314126,0,0.275482114,0,0,0
177,3,512,0.275945634,0.281524628,0.288391083,0.299334496,0,0.275861571,0,0,0
177,4,4096,0.275945634,0.285816163,0.301909417,0.329375237,0,0.275878618,0,0,0
177,5,32768,0.275945634,0.296544999,0.321650475,0.425746977,0,0,0,0,0
178,0,1,0.179815263,0.179815263,0.179815263,0.179815263,0,0.20307003,0,0,0
178,1,8,0.200414628,0.211358041,0.211358041,0.211572617,0,0.206791595,0,0,0
178,2,64,0.207281083,0.212860078,0.215649575,0.217151612,0,0.207846961,0,0,0
178,3,512,0.20749566,0.214576691,0.225305527,0.226807564,0,0.208145121,0,0,0
178,4,4096,0.208568543,0.219511956,0.23367402,0.260925263,0,0.208214938,0,0,0
178,5,32768,0.208568543,0.228095025,0.260925263,0.357323825,0,0,0,0,0
179,0,1,0.129067883,0.129067883,0.129067883,0.129067883,0,0.144678339,0,0,0
179,1,8,0.138616547,0.152349457,0.152349457,0.152349457,0,0.149531672,0,0,0
179,2,64,0.15084742,0.153851494,0.156426415,0.156426415,0,0.151065094,0,0,0
179,3,512,0.151061997,0.156640992,0.16329287,0.170373887,0,0.15124547,0,0,0
179,4,4096,0.151061997,0.160932526,0.175952882,0.262460828,0,0.152494109,0,0,0
179,5,32768,0.151276574,0.171661347,0.198912591,0.424982548,0,0,0,0,0
180,0,1,0.112545475,0.112545475,0.112545475,0.112545475,0,0.125835821,0,0,0
180,1,8,0.123596177,0.128960595,0.128960595,0.130462632,0,0.128953995,0,0,0
180,2,64,0.129067883,0.13185738,0.13185738,0.13185738,0,0.129899417,0,0,0
180,3,512,0.130462632,0.134646878,0.137436375,0.140118584,0,0.130860875,0,0,0
180,4,4096,0.130462632,0.137329087,0.145483002,0.201909959,0,0.133780211,0,0,0
180,5,32768,0.13185738,0.14559029,0.16200541,0.325526267,0,0,0,0,0
181,0,1,0.120913967,0.120913967,0.120913967,0.120913967,0,0.13185738,0,0,0
181,1,8,0.13185738,0.13185738,0.13185738,0.133359417,0,0.135364369,0,0,0
181,2,64,0.135934338,0.138723835,0.140118584,0.140118584,0,0.13648833,0,0,0
181,3,512,0.136041626,0.140011296,0.142800793,0.144195542,0,0.138301493,0,0,0
181,4,4096,0.137329087,0.144195542,0.153744206,0.184193969,0,0.141416246,0,0,0
181,5,32768,0.140011296,0.153851494,0.172948807,0.309030682,0,0,0,0,0
182,0,1,0.124990925,0.124990925,0.124990925,0.124990925,0,0.128048643,0,0,0
182,1,8,0.126492962,0.129067883,0.129067883,0.133252129,0,0.129242226,0,0,0
182,2,64,0.129175171,0.131750092,0.133144841,0.134539589,0,0.129811895,0,0,0
182,3,512,0.130355343,0.133252129,0.135934338,0.13910605,0,0.130698126,0,0,0
182,4,4096,0.130462632,0.137221798,0.145483002,0.171098083,0,0.133422002,0,0,0
182,5,32768,0.131750092,0.144195542,0.164075732,0.261998147,0,0,0,0,0
183,0,1,0.116729721,0.116729721,0.116729721,0.116729721,0,0.113269679,0,0,0
183,1,8,0.112652764,0.113940224,0.113940224,0.115442261,0,0.118553631,0,0,0
183,2,64,0.118231758,0.120806679,0.122201428,0.126385674,0,0.119326442,0,0,0
183,3,512,0.11941193,0.122201428,0.126385674,0.148487076,0,0.120063229,0,0,0
183,4,4096,0.11941193,0.126385674,0.134646878,0.219726533,0,0.123127842,0,0,0
183,5,32768,0.120806679,0.137221798,0.159323201,0.363707483,0,0,0,0,0
184,0,1,0.16458033,0.16458033,0.16458033,0.16458033,0,0.141647443,0,0,0
184,1,8,0.134754166,0.14955996,0.14955996,0.152778611,0,0.136963636,0,0,0
184,2,64,0.136041626,0.138831124,0.168657273,0.171661347,0,0.135721857,0,0,0
184,3,512,0.134754166,0.141406044,0.149774536,0.196552247,0,0.135472469,0,0,0
184,4,4096,0.13582705,0.144410118,0.160503373,0.251483887,0,0.137397187,0,0,0
184,5,32768,0.136041626,0.155138955,0.180029839,0.384521425,0,0,0,0,0
185,0,1,0.20878312,0.20878312,0.20878312,0.20878312,0,0.193119034,0,0,0
185,1,8,0.192260712,0.198912591,0.198912591,0.199127167,0,0.190128371,0,0,0
185,2,64,0.189471215,0.192475289,0.208568543,0.217151612,0,0.188815765,0,0,0
185,3,512,0.188183755,0.19505021,0.200414628,0.232171983,0,0.188119124,0,0,0
185,4,4096,0.188183755,0.199127167,0.213074654,0.280022591,0,0.188025474,0,0,0
185,5,32768,0.188183755,0.207281083,0.234746903,0.374650896,0,0,0,0,0
186,0,1,0.259423226,0.259423226,0.259423226,0.259423226,0,0.241103753,0,0,0
186,1,8,0.237321824,0.24740693,0.24740693,0.248479813,0,0.236899391,0,0,0
186,2,64,0.236034364,0.239253014,0.25985238,0.260925263,0,0.236025577,0,0,0
186,3,512,0.236034364,0.240325898,0.252342194,0.293755502,0,0.235665679,0,0,0
186,4,4096,0.236034364,0.244402856,0.256848305,0.349116266,0,0.235695477,0,0,0
186,5,32768,0.236034364,0.254058808,0.27616021,0.495886743,0,0,0,0,0
187,0,1,0.298261613,0.298261613,0.298261613,0.298261613,0,0.279808015,0,0,0
187,1,8,0.277447671,0.285816163,0.285816163,0.288391083,0,0.275623769,0,0,0
187,2,64,0.274658173,0.278520554,0.302123994,0.303626031,0,0.274480896,0,0,0
187,3,512,0.274443597,0.278735131,0.287103623,0.325512856,0,0.274341547,0,0,0
187,4,4096,0.274658173,0.283026665,0.296759576,0.383448541,0,0.274241206,0,0,0
187,5,32768,0.274658173,0.291180581,0.318646401,0.482153833,0,0,0,0,0
188,0,1,0.322723359,0.322723359,0.322723359,0.322723359,0,0.322589248,0,0,0
188,1,8,0.321435899,0.324225396,0.324225396,0.325512856,0,0.321513012,0,0,0
188,2,64,0.321435899,0.324225396,0.326800317,0.328087777,0,0.3212779,0,0,0
188,3,512,0.321435899,0.325727433,0.331091821,0.334954202,0,0.321515527,0,0,0
188,4,4096,0.321435899,0.329804361,0.343322694,0.360917985,0,0.321531799,0,0,0
188,5,32768,0.321435899,0.340533197,0.367999017,0.428295076,0,0,0,0,0
189,0,1,0.358557642,0.358557642,0.358557642,0.358557642,0,0.347936124,0,0,0
189,1,8,0.346326768,0.354266107,0.354266107,0.354480684,0,0.345351145,0,0,0
189,2,64,0.344824731,0.350189149,0.36392206,0.36520952,0,0.344836496,0,0,0
189,3,512,0.344610155,0.350189149,0.358343065,0.381731927,0,0.344680016,0,0,0
189,4,4096,0.344610155,0.354480684,0.368213594,0.428509653,0,0.344657392,0,0,0
189,5,32768,0.344610155,0.36392206,0.39010042,0.495886743,0,0,0,0,0
190,0,1,0.398254335,0.398254335,0.398254335,0.398254335,0,0.383287638,0,0,0
190,1,8,0.383019388,0.387310922,0.387310922,0.388598382,0,0.380997702,0,0,0
190,2,64,0.380444467,0.386023462,0.396752298,0.396966875,0,0.380297814,0,0,0
190,3,512,0.38022989,0.386023462,0.392889917,0.428295076,0,0.379938911,0,0,0
190,4,4096,0.38022989,0.39010042,0.401258409,0.476574838,0,0.379922055,0,0,0
190,5,32768,0.380444467,0.399541795,0.424647272,0.602960527,0,0,0,0,0
191,0,1,0.409197748,0.409197748,0.409197748,0.409197748,0,0.40589866,0,0,0
191,1,8,0.40512079,0.407910287,0.407910287,0.410485208,0,0.404074758,0,0,0
191,2,64,0.40383333,0.406622827,0.409197748,0.409197748,0,0.404059252,0,0,0
191,3,512,0.40383333,0.409197748,0.413489282,0.419068277,0,0.40407261,0,0,0
191,4,4096,0.40383333,0.413274705,0.425934732,0.442242563,0,0.404092884,0,0,0
191,5,32768,0.404906213,0.421857774,0.44503206,0.494170129,0,0,0,0,0
192,0,1,0.432372034,0.432372034,0.432372034,0.432372034,0,0.425559253,0,0,0
192,1,8,0.425720155,0.428509653,0.428509653,0.429797113,0,0.424352258,0,0,0
192,2,64,0.424432695,0.427222192,0.431513727,0.438165605,0,0.424024107,0,0,0
192,3,512,0.424218118,0.429797113,0.435376108,0.450611055,0,0.423997599,0,0,0
192,4,4096,0.424218118,0.434088647,0.447606981,0.503826082,0,0.423847681,0,0,0
192,5,32768,0.424218118,0.442242563,0.467991769,0.603604257,0,0,0,0,0
193,0,1,0.451683939,0.451683939,0.451683939,0.451683939,0,0.443717808,0,0,0
193,1,8,0.443315446,0.44503206,0.44503206,0.44631952,0,0.442393467,0,0,0
193,2,64,0.442027986,0.447606981,0.450611055,0.452971399,0,0.442439986,0,0,0
193,3,512,0.442242563,0.448036134,0.454688013,0.463056505,0,0.442361354,0,0,0
193,4,4096,0.442242563,0.453185976,0.467133462,0.49545759,0,0.442346083,0,0,0
193,5,32768,0.442242563,0.461339891,0.487518251,0.543951929,0,0,0,0,0
194,0,1,0.458550394,0.458550394,0.458550394,0.458550394,0,0.453561515,0,0,0
194,1,8,0.453185976,0.454688013,0.454688013,0.45876497,0,0.453668803,0,0,0
194,2,64,0.453185976,0.455975473,0.458979547,0.462627351,0,0.453344004,0,0,0
194,3,512,0.453185976,0.458550394,0.464129388,0.47249788,0,0.453571311,0,0,0
194,4,4096,0.453185976,0.463056505,0.476574838,0.493526399,0,0.453723429,0,0,0
194,5,32768,0.454258859,0.472283304,0.499963701,0.571203172,0,0,0,0,0
195,0,1,0.465416849,0.465416849,0.465416849,0.465416849,0,0.463351578,0,0,0
195,1,8,0.462841928,0.465631425,0.465631425,0.466060579,0,0.463173881,0,0,0
195,2,64,0.462841928,0.466060579,0.46992296,0.476574838,0,0.463092996,0,0,0
195,3,512,0.462841928,0.467133462,0.473785341,0.477647722,0,0.462916923,0,0,0
195,4,4096,0.462841928,0.47249788,0.486016214,0.496959627,0,0.46275326,0,0,0
195,5,32768,0.462198198,0.483226717,0.505328119,0.549530923,0,0,0,0,0
196,0,1,0.471639574,0.471639574,0.471639574,0.471639574,0,0.467401713,0,0,0
196,1,8,0.467562616,0.469493806,0.469493806,0.470137537,0,0.466141075,0,0,0
196,2,64,0.466275156,0.469493806,0.473141611,0.477003992,0,0.465721561,0,0,0
196,3,512,0.465631425,0.47121042,0.477862298,0.484514177,0,0.465726799,0,0,0
196,4,4096,0.465631425,0.475072801,0.486230791,0.510263383,0,0.465618358,0,0,0
196,5,32768,0.466704309,0.483441293,0.510692537,0.582361162,0,0,0,0,0
197,0,1,0.467133462,0.467133462,0.467133462,0.467133462,0,0.469332904,0,0,0
197,1,8,0.468635499,0.470995843,0.470995843,0.472283304,0,0.470841646,0,0,0
197,2,64,0.470995843,0.473999918,0.475716531,0.475931108,0,0.471040716,0,0,0
197,3,512,0.470995843,0.475931108,0.480008066,0.483870447,0,0.471032125,0,0,0
197,4,4096,0.470995843,0.481080949,0.492453516,0.517129838,0,0.471067735,0,0,0
197,5,32768,0.471639574,0.489664018,0.516486108,0.571632326,0,0,0,0,0
198,0,1,0.463485658,0.463485658,0.463485658,0.463485658,0,0.468501419,0,0,0
198,1,8,0.468420923,0.47056669,0.47056669,0.47121042,0,0.470010161,0,0,0
198,2,64,0.470352113,0.47249788,0.473356187,0.473785341,0,0.470491702,0,0,0
198,3,512,0.47056669,0.474643648,0.478076875,0.479578912,0,0.470801518,0,0,0
198,4,4096,0.470995843,0.479793489,0.490736902,0.499319971,0,0.470903901,0,0,0
198,5,32768,0.470995843,0.488376558,0.512409151,0.582146585,0,0,0,0,0
199,0,1,0.460696161,0.460696161,0.460696161,0.460696161,0,0.463271111,0,0,0
199,1,8,0.463485658,0.464987695,0.464987695,0.466275156,0,0.464136124,0,0,0
199,2,64,0.464343965,0.466275156,0.467133462,0.467133462,0,0.464487325,0,0,0
199,3,512,0.464343965,0.469064653,0.473570764,0.476360261,0,0.46431031,0,0,0
199,4,4096,0.464343965,0.473999918,0.486016214,0.497174203,0,0.464203886,0,0,0
199,5,32768,0.464129388,0.483226717,0.505542696,0.570988595,0,0,0,0,0
200,0,1,0.444817483,0.444817483,0.444817483,0.444817483,0,0.452327698,0,0,0
200,1,8,0.452113092,0.455331743,0.455331743,0.458550394,0,0.455097079,0,0,0
200,2,64,0.455546319,0.460052431,0.462841928,0.463271081,0,0.45557862,0,0,0
200,3,512,0.455760896,0.461983621,0.468850076,0.470995843,0,0.45560958,0,0,0
200,4,4096,0.455546319,0.465631425,0.480008066,0.501251161,0,0.455728977,0,0,0
200,5,32768,0.455760896,0.476360261,0.500607431,0.581073701,0,0,0,0,0
201,0,1,0.436663568,0.436663568,0.436663568,0.436663568,0,0.44028458,0,0,0
201,1,8,0.439453065,0.442027986,0.442027986,0.44310087,0,0.442014605,0,0,0
201,2,64,0.442457139,0.444817483,0.446104944,0.447606981,0,0.442380475,0,0,0
201,3,512,0.442242563,0.447606981,0.451898515,0.462627351,0,0.442340608,0,0,0
201,4,4096,0.442242563,0.450611055,0.464129388,0.478076875,0,0.442365381,0,0,0
201,5,32768,0.442242563,0.461554468,0.494170129,0.549316347,0,0,0,0,0
202,0,1,0.413274705,0.413274705,0.413274705,0.413274705,0,0.421267718,0,0,0
202,1,8,0.42014116,0.425505579,0.425505579,0.427222192,0,0.424157798,0,0,0
202,2,64,0.424432695,0.428509653,0.429797113,0.430440843,0,0.424661551,0,0,0
202,3,512,0.424647272,0.429797113,0.434517801,0.439453065,0,0.424774968,0,0,0
202,4,4096,0.424432695,0.434088647,0.444817483,0.458550394,0,0.424730086,0,0,0
202,5,32768,0.424432695,0.444817483,0.468206346,0.528931558,0,0,0,0,0
203,0,1,0.401902139,0.401902139,0.401902139,0.401902139,0,0.405469507,0,0,0
203,1,8,0.40512079,0.407910287,0.407910287,0.408768594,0,0.406582624,0,0,0
203,2,64,0.40640825,0.409841478,0.411128938,0.415635049,0,0.40678337,0,0,0
203,3,512,0.406622827,0.411558092,0.417351663,0.420784891,0,0.406784523,0,0,0
203,4,4096,0.406622827,0.41627878,0.429797113,0.441598833,0,0.406827179,0,0,0
203,5,32768,0.406622827,0.424432695,0.450611055,0.495672166,0,0,0,0,0
204,0,1,0.375080049,0.375080049,0.375080049,0.375080049,0,0.384601921,0,0,0
204,1,8,0.384950578,0.388169229,0.388169229,0.390314996,0,0.387317657,0,0,0
204,2,64,0.387954652,0.39074415,0.391602457,0.392246187,0,0.387833145,0,0,0
204,3,512,0.387954652,0.392246187,0.396323144,0.397610605,0,0.387795321,0,0,0
204,4,4096,0.387954652,0.397396028,0.409412324,0.420784891,0,0.388005124,0,0,0
204,5,32768,0.387954652,0.40705198,0.429153383,0.483870447,0,0,0,0,0
205,0,1,0.35083288,0.35083288,0.35083288,0.35083288,0,0.36456582,0,0,0
205,1,8,0.361990869,0.370359361,0.370359361,0.371432245,0,0.36778447,0,0,0
205,2,64,0.368642747,0.371646821,0.373148859,0.373792589,0,0.368281936,0,0,0
205,3,512,0.368642747,0.372719705,0.377225816,0.382375658,0,0.368554296,0,0,0
205,4,4096,0.368642747,0.37765497,0.389671266,0.402760446,0,0.36859572,0,0,0
205,5,32768,0.368642747,0.387740076,0.412416399,0.482582986,0,0,0,0,0
206,0,1,0.333881319,0.333881319,0.333881319,0.333881319,0,0.338789791,0,0,0
206,1,8,0.337314546,0.341176927,0.341176927,0.341391504,0,0.340151012,0,0,0
206,2,64,0.340533197,0.342678964,0.343322694,0.345253885,0,0.340644706,0,0,0
206,3,512,0.340533197,0.345253885,0.349759996,0.357913911,0,0.340819312,0,0,0
206,4,4096,0.341176927,0.349330842,0.361561716,0.3782987,0,0.34079985,0,0,0
206,5,32768,0.340104043,0.357699335,0.383877695,0.439023912,0,0,0,0,0
207,0,1,0.307917565,0.307917565,0.307917565,0.307917565,0,0.314381689,0,0,0
207,1,8,0.314569443,0.317144364,0.317144364,0.319504708,0,0.315632269,0,0,0
207,2,64,0.315856904,0.318431824,0.320148438,0.320363015,0,0.315973412,0,0,0
207,3,512,0.315856904,0.320792168,0.326800317,0.331306398,0,0.316075357,0,0,0
207,4,4096,0.316071481,0.325512856,0.33838743,0.350189149,0,0.316043715,0,0,0
207,5,32768,0.316500634,0.334525049,0.361132562,0.404906213,0,0,0,0,0
208,0,1,0.281739205,0.281739205,0.281739205,0.281739205,0,0.28745231,0,0,0
208,1,8,0.287103623,0.290322274,0.290322274,0.290751427,0,0.289463967,0,0,0
208,2,64,0.290107697,0.293111771,0.295257539,0.296544999,0,0.289716681,0,0,0
208,3,512,0.289893121,0.294399232,0.300621957,0.304698914,0,0.289802544,0,0,0
208,4,4096,0.289893121,0.299334496,0.311779946,0.327014893,0,0.289815418,0,0,0
208,5,32768,0.290107697,0.308132142,0.334310472,0.384092271,0,0,0,0,0
209,0,1,0.241184205,0.241184205,0.241184205,0.241184205,0,0.25523898,0,0,0
209,1,8,0.251269311,0.260925263,0.260925263,0.26178357,0,0.257760257,0,0,0
209,2,64,0.258350343,0.2624273,0.265002221,0.265216798,0,0.25837465,0,0,0
209,3,512,0.258779496,0.263714761,0.268435448,0.273370713,0,0.258513947,0,0,0
209,4,4096,0.258564919,0.268435448,0.281524628,0.299334496,0,0.258587048,0,0,0
209,5,32768,0.258350343,0.278949708,0.306415528,0.374650896,0,0,0,0,0
210,0,1,0.219941109,0.219941109,0.219941109,0.219941109,0,0.230133519,0,0,0
210,1,8,0.228524178,0.23431775,0.23431775,0.23431775,0,0.232755378,0,0,0
210,2,64,0.233459443,0.23560521,0.23624894,0.23624894,0,0.233301878,0,0,0
210,3,512,0.233888596,0.237536401,0.243759125,0.24805066,0,0.233454481,0,0,0
210,4,4096,0.23367402,0.242257088,0.253200501,0.266504258,0,0.233467831,0,0,0
210,5,32768,0.233459443,0.252556771,0.275087327,0.329589784,0,0,0,0,0
211,0,1,0.191616982,0.191616982,0.191616982,0.191616982,0,0.201460704,0,0,0
211,1,8,0.199770898,0.205993623,0.205993623,0.206208199,0,0.204488248,0,0,0
211,2,64,0.204920739,0.207924813,0.211572617,0.212216347,0,0.205216635,0,0,0
211,3,512,0.205135316,0.210285157,0.216293305,0.227236718,0,0.205380658,0,0,0
211,4,4096,0.205135316,0.214791268,0.228309602,0.240755051,0,0.20543363,0,0,0
211,5,32768,0.205135316,0.225090951,0.24805066,0.308561295,0,0,0,0,0
212,0,1,0.160288796,0.160288796,0.160288796,0.160288796,0,0.174611792,0,0,0
212,1,8,0.17015931,0.180458993,0.180458993,0.18260476,0,0.179141372,0,0,0
212,2,64,0.180458993,0.18324849,0.18389222,0.185179681,0,0.179919213,0,0,0
212,3,512,0.180458993,0.185179681,0.189471215,0.197839707,0,0.180216697,0,0,0
212,4,4096,0.180673569,0.189685792,0.201058358,0.217795342,0,0.180278136,0,0,0
212,5,32768,0.180673569,0.198483437,0.225090951,0.27551648,0,0,0,0,0
213,0,1,0.128746018,0.128746018,0.128746018,0.128746018,0,0.144731984,0,0,0
213,1,8,0.140118584,0.153207764,0.153207764,0.153851494,0,0.149251506,0,0,0
213,2,64,0.149989113,0.156426415,0.157284722,0.157284722,0,0.150131465,0,0,0
213,3,512,0.149774536,0.157070145,0.16200541,0.169086426,0,0.150406577,0,0,0
213,4,4096,0.150418267,0.160717949,0.172519654,0.186681718,0,0.150468646,0,0,0
213,5,32768,0.15020369,0.169944733,0.192904443,0.347302437,0,0,0,0,0
214,0,1,0.103855118,0.103855118,0.103855118,0.103855118,0,0.112009041,0,0,0
214,1,8,0.111150727,0.114583954,0.114583954,0.118231758,0,0.113480903,0,0,0
214,2,64,0.113511071,0.116944298,0.118875489,0.119519219,0,0.113786843,0,0,0
214,3,512,0.113940224,0.119519219,0.124454483,0.128531441,0,0.114179895,0,0,0
214,4,4096,0.114154801,0.123596177,0.136685356,0.154280648,0,0.114983098,0,0,0
214,5,32768,0.114583954,0.132393822,0.154495224,0.242257088,0,0,0,0,0
215,0,1,0.0806808397,0.0806808397,0.0806808397,0.0806808397,0,0.0919192955,0,0,0
215,1,8,0.091624245,0.0974178165,0.0974178165,0.0982761234,0,0.0949636027,0,0,0
215,2,64,0.0952720493,0.0991344303,0.101923928,0.105142578,0,0.0955098933,0,0,0
215,3,512,0.0957012028,0.101923928,0.108575806,0.113940224,0,0.0957968077,0,0,0
215,4,4096,0.095486626,0.105786309,0.119304642,0.138831124,0,0.0974146181,0,0,0
215,5,32768,0.0963449329,0.115442261,0.138831124,0.177240342,0,0,0,0,0
216,0,1,0.0893711895,0.0893711895,0.0893711895,0.0893711895,0,0.0712662861,0,0,0
216,1,8,0.0701665804,0.0728487894,0.0728487894,0.0740289614,0,0.0676000416,0,0,0
216,2,64,0.0657677576,0.072741501,0.0796079561,0.0810027048,0,0.0674214941,0,0,0
216,3,512,0.0671625063,0.071239464,0.0783204958,0.100314602,0,0.0690028742,0,0,0
216,4,4096,0.068557255,0.076603882,0.0881910175,0.155504405,0,0.0742070704,0,0,0
216,5,32768,0.0713467523,0.0879764408,0.115442261,0.285480887,0,0,0,0,0
217,0,1,0.0631928369,0.0631928369,0.0631928369,0.0631928369,0,0.0660762116,0,0,0
217,1,8,0.065875046,0.0686645433,0.0686645433,0.0686645433,0,0.0672044158,0,0,0
217,2,64,0.0672697946,0.0686645433,0.070059292,0.0713467523,0,0.0675853733,0,0,0
217,3,512,0.0672697946,0.0714540407,0.0755309984,0.0769257471,0,0.0689660172,0,0,0
217,4,4096,0.0686645433,0.0755309984,0.0825047344,0.0906586498,0,0.0723950237,0,0,0
217,5,32768,0.071239464,0.0851869434,0.10439156,0.147015214,0,0,0,0,0
218,0,1,0.0672697946,0.0672697946,0.0672697946,0.0672697946,0,0.0672161505,0,0,0
218,1,8,0.0671625063,0.068557255,0.068557255,0.068557255,0,0.0671071857,0,0,0
218,2,64,0.0672697946,0.0686645433,0.0687718317,0.0687718317,0,0.0680440729,0,0,0
218,3,512,0.0672697946,0.0714540407,0.0770330355,0.0784277841,0,0.0690656174,0,0,0
218,4,4096,0.0686645433,0.0742435381,0.0850796551,0.0935554355,0,0.0719116026,0,0,0
218,5,32768,0.070059292,0.0825047344,0.100854814,0.1745179,0,0,0,0,0
219,0,1,0.0591158792,0.0591158792,0.0591158792,0.0591158792,0,0.0692546293,0,0,0
219,1,8,0.068557255,0.072741501,0.072741501,0.072741501,0,0.0708404854,0,0,0
219,2,64,0.0714540407,0.0740289614,0.0741362497,0.0741362497,0,0.0714865206,0,0,0
219,3,512,0.0714540407,0.0741362497,0.0782132074,0.082397446,0,0.0728244003,0,0,0
219,4,4096,0.0726342127,0.0796079561,0.0879764408,0.101602063,0,0.0761210189,0,0,0
219,5,32768,0.0741362497,0.0879764408,0.109755978,0.165555134,0,0,0,0,0
220,0,1,0.0769257471,0.0769257471,0.0769257471,0.0769257471,0,0.0644937083,0,0,0
220,1,8,0.0644802973,0.065875046,0.065875046,0.065875046,0,0.0601015948,0,0,0
220,2,64,0.0590085909,0.0630855486,0.0701665804,0.0701665804,0,0.0593421943,0,0,0
220,3,512,0.0590085909,0.0617980883,0.072741501,0.0850796551,0,0.0606699787,0,0,0
220,4,4096,0.0604033396,0.0659823343,0.0768184587,0.129657969,0,0.0647343812,0,0,0
220,5,32768,0.0630855486,0.0769257471,0.0989198536,0.19762513,0,0,0,0,0
221,0,1,0.0742435381,0.0742435381,0.0742435381,0.0742435381,0,0.0758796856,0,0,0
221,1,8,0.0742435381,0.0796079561,0.0796079561,0.0796079561,0,0.0790866017,0,0,0
221,2,64,0.0796079561,0.0811099932,0.082397446,0.082397446,0,0.0796974329,0,0,0
221,3,512,0.0796079561,0.0837921947,0.0918388218,0.100207314,0,0.0806073462,0,0,0
221,4,4096,0.0796079561,0.0878691524,0.0961303562,0.143980965,0,0.0841353534,0,0,0
221,5,32768,0.082397446,0.0988125652,0.115442261,0.241827935,0,0,0,0,0
222,0,1,0.0931262821,0.0931262821,0.0931262821,0.0931262821,0,0.0850796625,0,0,0
222,1,8,0.0851869434,0.0879764408,0.0879764408,0.0894784778,0,0.0833563432,0,0,0
222,2,64,0.0826120228,0.0866889805,0.0920533985,0.102996811,0,0.0829682611,0,0,0
222,3,512,0.082397446,0.0890493244,0.0961303562,0.112438187,0,0.0828340459,0,0,0
222,4,4096,0.082397446,0.0935554355,0.106859192,0.141620621,0,0.0842601089,0,0,0
222,5,32768,0.082397446,0.107288346,0.137543663,0.208568543,0,0,0,0,0
223,0,1,0.106000885,0.106000885,0.106000885,0.106000885,0,0.0983834192,0,0,0
223,1,8,0.0976323932,0.102996811,0.102996811,0.102996811,0,0.0967942104,0,0,0
223,2,64,0.0963449329,0.100421891,0.104498848,0.107288346,0,0.0963315293,0,0,0
223,3,512,0.0961303562,0.101494774,0.105786309,0.120806679,0,0.0961910277,0,0,0
223,4,4096,0.0961303562,0.106859192,0.118017182,0.167369813,0,0.0967021171,0,0,0
223,5,32768,0.0961303562,0.115442261,0.143122658,0.230669945,0,0,0,0,0
224,0,1,0.126600251,0.126600251,0.126600251,0.126600251,0,0.120243423,0,0,0
224,1,8,0.119304642,0.122094139,0.122094139,0.124883637,0,0.119582929,0,0,0
224,2,64,0.119733796,0.122523293,0.126600251,0.128960595,0,0.119318479,0,0,0
224,3,512,0.119304642,0.124883637,0.131964669,0.144195542,0,0.11910254,0,0,0
224,4,4096,0.118446335,0.128960595,0.140118584,0.167584389,0,0.119081023,0,0,0
224,5,32768,0.119519219,0.137329087,0.159645066,0.230669945,0,0,0,0,0
225,0,1,0.137543663,0.137543663,0.137543663,0.137543663,0,0.136309847,0,0,0
225,1,8,0.13711451,0.140118584,0.140118584,0.141406044,0,0.134194255,0,0,0
225,2,64,0.134325013,0.138831124,0.140333161,0.142908081,0,0.13394657,0,0,0
225,3,512,0.134539589,0.140118584,0.143980965,0.151061997,0,0.134025203,0,0,0
225,4,4096,0.134539589,0.143122658,0.156426415,0.171875924,0,0.134041818,0,0,0
225,5,32768,0.134325013,0.153636917,0.175738305,0.230884522,0,0,0,0,0
226,0,1,0.153851494,0.153851494,0.153851494,0.153851494,0,0.146770462,0,0,0
226,1,8,0.145483002,0.151061997,0.151061997,0.153636917,0,0.143957496,0,0,0
226,2,64,0.142908081,0.146985039,0.16458033,0.166082352,0,0.14313104,0,0,0
226,3,512,0.142908081,0.148487076,0.159215912,0.184106797,0,0.143029776,0,0,0
226,4,4096,0.142908081,0.152349457,0.170373887,0.225305527,0,0.1429835,0,0,0
226,5,32768,0.142908081,0.160717949,0.187110871,0.317144364,0,0,0,0,0
227,0,1,0.167369813,0.167369813,0.167369813,0.167369813,0,0.163748845,0,0,0
227,1,8,0.16329287,0.165009469,0.165009469,0.166082352,0,0.161921591,0,0,0
227,2,64,0.16200541,0.164794892,0.16887185,0.169086426,0,0.161941288,0,0,0
227,3,512,0.162219986,0.167584389,0.174450845,0.178527802,0,0.161897388,0,0,0
227,4,4096,0.16200541,0.171661347,0.185394257,0.218224496,0,0.161760869,0,0,0
227,5,32768,0.16200541,0.181102723,0.207281083,0.330877244,0,0,0,0,0
228,0,1,0.180029839,0.180029839,0.180029839,0.180029839,0,0.17702578,0,0,0
228,1,8,0.175738305,0.179815263,0.179815263,0.180029839,0,0.177947789,0,0,0
228,2,64,0.177240342,0.18389222,0.185608834,0.185608834,0,0.177987184,0,0,0
228,3,512,0.177240342,0.184106797,0.190758675,0.193977326,0,0.1780808,0,0,0
228,4,4096,0.178313226,0.188183755,0.200414628,0.217151612,0,0.178063709,0,0,0
228,5,32768,0.178313226,0.19762513,0.222301453,0.266289681,0,0,0,0,0
229,0,1,0.182819337,0.182819337,0.182819337,0.182819337,0,0.179761633,0,0,0
229,1,8,0.179815263,0.180244416,0.180244416,0.184106797,0,0.179724753,0,0,0
229,2,64,0.179815263,0.18260476,0.182819337,0.184106797,0,0.179754509,0,0,0
229,3,512,0.179815263,0.18389222,0.189256638,0.192475289,0,0.179732663,0,0,0
229,4,4096,0.179815263,0.189471215,0.201916665,0.225520104,0,0.179752315,0,0,0
229,5,32768,0.179815263,0.198912591,0.22122857,0.275731057,0,0,0,0,0
230,0,1,0.193762749,0.193762749,0.193762749,0.193762749,0,0.190034494,0,0,0
230,1,8,0.189471215,0.192475289,0.192475289,0.19505021,0,0.189306945,0,0,0
230,2,64,0.189685792,0.192260712,0.19505021,0.196123093,0,0.189117095,0,0,0
230,3,512,0.189471215,0.193762749,0.198912591,0.206208199,0,0.189103264,0,0,0
230,4,4096,0.189471215,0.197839707,0.211572617,0.23496148,0,0.189115674,0,0,0
230,5,32768,0.189471215,0.208568543,0.236034364,0.285816163,0,0,0,0,0
231,0,1,0.197839707,0.197839707,0.197839707,0.197839707,0,0.19716917,0,0,0
231,1,8,0.19633767,0.199341744,0.199341744,0.200629205,0,0.197212756,0,0,0
231,2,64,0.19762513,0.200414628,0.201916665,0.202131242,0,0.197285259,0,0,0
231,3,512,0.19762513,0.201916665,0.205779046,0.20878312,0,0.197138838,0,0,0
231,4,4096,0.19762513,0.206208199,0.215864152,0.229382485,0,0.197113764,0,0,0
231,5,32768,0.19762513,0.215649575,0.241827935,0.299334496,0,0,0,0,0
232,0,1,0.198912591,0.198912591,0.198912591,0.198912591,0,0.202023968,0,0,0
232,1,8,0.201916665,0.204491585,0.204491585,0.205993623,0,0.2029728,0,0,0
232,2,64,0.203204125,0.206208199,0.20878312,0.21007058,0,0.202911612,0,0,0
232,3,512,0.203204125,0.20749566,0.214362115,0.218439072,0,0.202955302,0,0,0
232,4,4096,0.203204125,0.212645501,0.224018067,0.244402856,0,0.202987815,0,0,0
232,5,32768,0.203204125,0.22251603,0.24998185,0.307917565,0,0,0,0,0
233,0,1,0.19762513,0.19762513,0.19762513,0.19762513,0,0.200656042,0,0,0
233,1,8,0.200200051,0.202989548,0.202989548,0.203204125,0,0.201769158,0,0,0
233,2,64,0.201702088,0.204491585,0.205993623,0.205993623,0,0.201801429,0,0,0
233,3,512,0.201916665,0.204920739,0.210285157,0.212645501,0,0.201814106,0,0,0
233,4,4096,0.201916665,0.20878312,0.221013993,0.236034364,0,0.201800666,0,0,0
233,5,32768,0.201916665,0.219941109,0.24740693,0.316071481,0,0,0,0,0
234,0,1,0.194835633,0.194835633,0.194835633,0.194835633,0,0.1978129,0,0,0
234,1,8,0.196552247,0.201916665,0.201916665,0.201916665,0,0.198698029,0,0,0
234,2,64,0.199127167,0.201916665,0.203418702,0.204491585,0,0.19904965,0,0,0
234,3,512,0.199127167,0.204491585,0.208568543,0.213074654,0,0.19915149,0,0,0
234,4,4096,0.199127167,0.20878312,0.222301453,0.242900819,0,0.19917399,0,0,0
234,5,32768,0.198912591,0.219726533,0.24998185,0.310277909,0,0,0,0,0
235,0,1,0.19633767,0.19633767,0.19633767,0.19633767,0,0.195157513,0,0,0
235,1,8,0.194835633,0.196552247,0.196552247,0.19762513,0,0.195392206,0,0,0
235,2,64,0.19505021,0.197839707,0.200414628,0.200414628,0,0.195027594,0,0,0
235,3,512,0.19505021,0.199127167,0.204920739,0.20878312,0,0.195018635,0,0,0
235,4,4096,0.19505021,0.202131242,0.215864152,0.231957406,0,0.195047769,0,0,0
235,5,32768,0.19505021,0.212645501,0.238609284,0.306415528,0,0,0,0,0
236,0,1,0.189471215,0.189471215,0.189471215,0.189471215,0,0.193387255,0,0,0
236,1,8,0.192046136,0.19762513,0.19762513,0.19762513,0,0.193481132,0,0,0
236,2,64,0.193548173,0.196552247,0.199127167,0.199127167,0,0.193603089,0,0,0
236,3,512,0.193548173,0.198912591,0.203204125,0.205993623,0,0.193576738,0,0,0
236,4,4096,0.193548173,0.202131242,0.214362115,0.225305527,0,0.193552999,0,0,0
236,5,32768,0.193762749,0.211572617,0.238823861,0.306200951,0,0,0,0,0
237,0,1,0.18260476,0.18260476,0.18260476,0.18260476,0,0.186091647,0,0,0
237,1,8,0.186681718,0.186896294,0.186896294,0.189471215,0,0.18591395,0,0,0
237,2,64,0.185608834,0.186896294,0.186896294,0.186896294,0,0.186057281,0,0,0
237,3,512,0.186467141,0.189685792,0.193762749,0.19505021,0,0.186104534,0,0,0
237,4,4096,0.186467141,0.195264786,0.20749566,0.219726533,0,0.186105961,0,0,0
237,5,32768,0.186467141,0.204706162,0.230669945,0.280237168,0,0,0,0,0
238,0,1,0.174450845,0.174450845,0.174450845,0.174450845,0,0.176703915,0,0,0
238,1,8,0.175952882,0.179815263,0.179815263,0.181531876,0,0.177216887,0,0,0
238,2,64,0.177240342,0.1813173,0.184321374,0.184321374,0,0.177531209,0,0,0
238,3,512,0.177240342,0.18389222,0.188183755,0.192046136,0,0.177541215,0,0,0
238,4,4096,0.177454919,0.186896294,0.197839707,0.214147538,0,0.177613601,0,0,0
238,5,32768,0.177025765,0.19762513,0.219726533,0.269079179,0,0,0,0,0
239,0,1,0.165867776,0.165867776,0.165867776,0.165867776,0,0.170320258,0,0,0
239,1,8,0.170373887,0.17144677,0.17144677,0.171661347,0,0.170860052,0,0,0
239,2,64,0.170588464,0.175738305,0.177240342,0.180029839,0,0.17112031,0,0,0
239,3,512,0.17144677,0.177025765,0.182390183,0.186681718,0,0.171173902,0,0,0
239,4,4096,0.171661347,0.181102723,0.193548173,0.21007058,0,0.171256434,0,0,0
239,5,32768,0.17144677,0.190973252,0.215434998,0.285816163,0,0,0,0,0
240,0,1,0.163507447,0.163507447,0.163507447,0.163507447,0,0.163856134,0,0,0
240,1,8,0.163078293,0.164794892,0.164794892,0.16887185,0,0.164335579,0,0,0
240,2,64,0.163722023,0.167584389,0.16887185,0.17015931,0,0.16440431,0,0,0
240,3,512,0.16458033,0.17015931,0.174450845,0.181102723,0,0.164510551,0,0,0
240,4,4096,0.164794892,0.173163384,0.184106797,0.201916665,0,0.164496931,0,0,0
240,5,32768,0.164794892,0.18260476,0.207281083,0.252556771,0,0,0,0,0
